[hessian]

[end hessian]

[estimates]

n_estimates = 4

name_0 = CMS_13TeV_2016_dil_abs_rho_0p0_0p3
value_0 = 107.546886

name_1 = CMS_13TeV_2016_dil_abs_rho_0p3_0p45
value_1 = 611.872484

name_2 = CMS_13TeV_2016_dil_abs_rho_0p45_0p7
value_2 = 672.142352

name_3 = CMS_13TeV_2016_dil_abs_rho_0p7_1p0
value_3 = 131.209872

[end estimates]

[not fitted]

CMS_extrapolation_unc_PDF_98 CMS_extrapolation_unc_PDF_99 CMS_extrapolation_unc_PDF_90 CMS_extrapolation_unc_PDF_91 CMS_extrapolation_unc_PDF_92 CMS_extrapolation_unc_PDF_93 CMS_extrapolation_unc_PDF_94 CMS_extrapolation_unc_PDF_95 CMS_extrapolation_unc_PDF_96 CMS_extrapolation_unc_PDF_97 CMS_extrapolation_unc_PDF_10 CMS_extrapolation_unc_PDF_11 CMS_extrapolation_unc_PDF_12 CMS_extrapolation_unc_PDF_13 CMS_extrapolation_unc_PDF_14 CMS_extrapolation_unc_PDF_15 CMS_extrapolation_unc_PDF_16 CMS_extrapolation_unc_PDF_17 CMS_extrapolation_unc_PDF_18 CMS_extrapolation_unc_PDF_19 CMS_extrapolation_unc_PDF_88 CMS_extrapolation_unc_PDF_87 CMS_extrapolation_unc_PDF_86 CMS_extrapolation_unc_PDF_85 CMS_extrapolation_unc_PDF_84 CMS_extrapolation_unc_PDF_83 CMS_extrapolation_unc_PDF_82 CMS_extrapolation_unc_PDF_81 CMS_extrapolation_unc_PDF_80 CMS_extrapolation_unc_BSEMILEP CMS_extrapolation_unc_PDF_89 CMS_extrapolation_unc_BFRAG_CENTRAL CMS_extrapolation_unc_PDF_6 CMS_extrapolation_unc_PDF_7 CMS_extrapolation_unc_PDF_4 CMS_extrapolation_unc_PDF_5 CMS_extrapolation_unc_PDF_2 CMS_extrapolation_unc_PDF_3 CMS_extrapolation_unc_PDF_1 CMS_extrapolation_unc_PDF_8 CMS_extrapolation_unc_MERENSCALE CMS_extrapolation_unc_GLUONMOVETUNE CMS_extrapolation_unc_PDF_78 CMS_extrapolation_unc_PDF_79 CMS_extrapolation_unc_PDF_72 CMS_extrapolation_unc_PDF_73 CMS_extrapolation_unc_PDF_70 CMS_extrapolation_unc_PDF_71 CMS_extrapolation_unc_PDF_76 CMS_extrapolation_unc_PDF_77 CMS_extrapolation_unc_PDF_74 CMS_extrapolation_unc_PDF_75 CMS_extrapolation_unc_ERDONRETUNE CMS_extrapolation_unc_BFRAG CMS_extrapolation_unc_PDF_69 CMS_extrapolation_unc_PDF_68 CMS_extrapolation_unc_PDF_61 CMS_extrapolation_unc_PDF_60 CMS_extrapolation_unc_PDF_63 CMS_extrapolation_unc_PDF_62 CMS_extrapolation_unc_PDF_65 CMS_extrapolation_unc_PDF_64 CMS_extrapolation_unc_PDF_67 CMS_extrapolation_unc_PDF_66 CMS_extrapolation_unc_BFRAG_PETERSON CMS_extrapolation_unc_PDF_54 CMS_extrapolation_unc_PDF_55 CMS_extrapolation_unc_PDF_56 CMS_extrapolation_unc_PDF_57 CMS_extrapolation_unc_PDF_50 CMS_extrapolation_unc_PDF_51 CMS_extrapolation_unc_PDF_52 CMS_extrapolation_unc_PDF_53 CMS_extrapolation_unc_PDF_58 CMS_extrapolation_unc_PDF_59 CMS_extrapolation_unc_PDF_9 CMS_extrapolation_unc_MATCH CMS_extrapolation_unc_PDF_43 CMS_extrapolation_unc_PDF_42 CMS_extrapolation_unc_PDF_41 CMS_extrapolation_unc_PDF_40 CMS_extrapolation_unc_PDF_47 CMS_extrapolation_unc_PDF_46 CMS_extrapolation_unc_PDF_45 CMS_extrapolation_unc_PDF_44 CMS_extrapolation_unc_ERDON CMS_extrapolation_unc_PDF_49 CMS_extrapolation_unc_PDF_48 CMS_extrapolation_unc_UETUNE CMS_extrapolation_unc_PSSCALE_WEIGHT_5 CMS_extrapolation_unc_PSSCALE_WEIGHT_4 CMS_extrapolation_unc_PDF_36 CMS_extrapolation_unc_PDF_37 CMS_extrapolation_unc_PDF_34 CMS_extrapolation_unc_PDF_35 CMS_extrapolation_unc_PDF_32 CMS_extrapolation_unc_PDF_33 CMS_extrapolation_unc_PDF_30 CMS_extrapolation_unc_PDF_31 CMS_extrapolation_unc_PDF_38 CMS_extrapolation_unc_PDF_39 CMS_extrapolation_unc_TOP_PT CMS_extrapolation_unc_PDF_ALPHAS CMS_extrapolation_unc_MEFACSCALE CMS_extrapolation_unc_PDF_25 CMS_extrapolation_unc_PDF_24 CMS_extrapolation_unc_PDF_27 CMS_extrapolation_unc_PDF_26 CMS_extrapolation_unc_PDF_21 CMS_extrapolation_unc_PDF_20 CMS_extrapolation_unc_PDF_23 CMS_extrapolation_unc_PDF_22 CMS_extrapolation_unc_PDF_29 CMS_extrapolation_unc_PDF_28 
CMS_13TeV_2016_dil_abs_rho_0p0_0p3 1.0112384126660847 0.9814196482086841 0.9398508783620835 1.026495095386421 1.0123997262019102 0.9062899162923039 1.0190305014658925 0.9281874390452082 1.0431184877624058 0.8684824234322948 0.9884796521016217 1.0134094236897115 0.9982706676340474 1.0323121348147246 1.0170288719460379 0.9799674353655725 0.9902297345555257 0.9895951992636713 0.9807751945009546 0.9915206435145767 0.9887101716913953 1.0690122424982307 0.914051536179315 0.8948036410867788 1.0395656882994064 0.9533410889600517 0.951540272048194 0.9787294825473027 0.91477945161732 1.054117474598526 1.020184939952768 0.8745209999532954 1.009725681555571 0.954597923265799 0.9888522626769651 0.9942996490642941 0.9995290858931738 0.9791854183469363 0.983986071699833 1.0037877822956807 1.008841974853748 1.14154849078123 0.9550833602698857 0.9649320715714406 0.9886911914446236 1.064946700145437 1.0506377479505107 0.978910660193676 0.9086000604040185 1.1161010500807662 1.0447159688412015 1.0550856066170837 1.7765656022799847 0.8949582013583336 0.971158091964843 1.006408043937633 0.9457294409853884 1.0509217379246958 0.9949010224726179 0.9725624306958538 1.0756897996014643 0.921214098388484 1.0248060375198185 0.9224713858518037 2.078813376540729 1.0017183290096403 1.023044661436097 0.9484511863920373 0.9504758058354301 1.0992012644156577 1.053850964465238 0.9676784928991498 1.0109018004498616 0.9938347299783741 0.9923512341525992 0.9518915052810759 1.3660618360741132 0.9002341654969535 0.8938976521618145 1.0142047224475368 1.0595420030789562 1.08917273628828 1.0900223582825308 0.9825121766828147 0.9606611125782342 1.3544085438551472 0.9632232362005635 0.9936451757057092 0.9177166135615783 0.9115036345200553 0.9935887254927139 1.005234791797963 0.8865817613485174 0.9396168744337864 0.9394818712638117 1.0096323825020466 0.999534477109781 0.9565406225334874 1.0048548333424643 0.9064508882103003 1.036125857823059 0.6328261982555745 0.977040266516948 0.9741257519215186 1.0095790917498457 1.0217884564869386 1.0061143612009373 0.9274896038288981 0.9729751342415869 0.9964025528797665 0.952127540172725 1.0057170933912212 0.8781605259277157 1.0365864321744511 
CMS_13TeV_2016_dil_abs_rho_0p3_0p45 1.7011739296004114 1.6227459039891863 1.5340957038718168 1.7079005901229038 1.7108241264187733 1.4743225167132814 1.717003328499995 1.51310650388991 1.768652584737499 1.3952022651238265 1.7303766802500125 1.6109297853180438 1.6077630808836811 1.6819809811679278 1.7908373821296049 1.6783829659242346 1.6655856199412025 1.6479080998238085 1.6724888863705185 1.6612537308856492 1.6434568759792172 1.8246530519999102 1.4957110678729337 1.454429450238354 1.7609248186487876 1.5814373919606737 1.5450121077429761 1.6181165829059694 1.482493354533464 -3.3632118105519626 1.7262440338959366 1.63347725831339 1.698823200677958 1.5244737251342522 1.631471873558371 1.6410473543519233 1.6532150019076965 1.644031490461418 1.6406344253263396 1.6223875556729048 1.511402298738914 1.036170582608704 1.5532691712732578 1.5851207272345993 1.644670051248356 1.8856533388770045 1.8600791309138667 1.6328632566607306 1.4436528591293183 1.9973999545572168 1.7834998300884763 1.8108264705127457 6.806076695562861 1.6839154021048564 1.5709612940891617 1.6928737986356346 1.578294931439107 1.773907031037417 1.6154986639726687 1.6843794522818631 1.8218286629264078 1.4885886110834197 1.7211596724439673 1.4560310244238497 6.942294596599107 1.6745536821298856 1.69117673355684 1.5982584067997825 1.6552435759647361 1.8856732856012757 1.891616977468514 1.6354984601031206 1.6858461930131183 1.697371508634459 1.6596155235512449 1.569738041636493 1.800696996675127 1.601602487188811 1.4737675549844582 1.6258286819132561 1.7013809956494517 1.8313015536004467 1.8061871160342673 1.6035621015962152 1.666442189223966 4.284838015290904 1.6670835279776928 1.7655410988569176 1.5419733842966041 -3.536092422719586 1.693203587277172 1.6763828665749487 1.5549177265587064 1.6986071480595832 1.5395701512669822 1.603930699727425 1.6604314023387516 1.5499379730315743 1.7472934281599128 1.4755508573328078 1.654861047111594 3.2957672946633934 1.6194579699604559 1.6131388646817215 1.8197204134075153 1.7075570102609774 1.6805065537880548 1.5983641598934464 1.5445126807303287 1.7515157695132573 1.578137831504402 1.7767222753242247 1.355000045820283 1.6949298195068527 
CMS_13TeV_2016_dil_abs_rho_0p45_0p7 0.608994306094842 0.6641970484196096 0.7147377750829776 0.624281929022189 0.606713002975825 0.7402310786067996 0.6074060982939808 0.7201199801648015 0.5761789624443697 0.7969837454660527 0.5315250218175014 0.693854889465232 0.6370584295963887 0.5371277342270839 0.41557243778638653 0.5411338171218215 0.6555019857287449 0.637682652478146 0.4949102951892298 0.6495326043728005 0.6569789363612903 0.545471552163661 0.726875111839433 0.7493602253238303 0.5840533817488247 0.6776466750824891 0.7187763738108239 0.6673909186777656 0.744153300516361 -3.694628179807358 0.597629535553501 0.7337499937206288 0.6504665392974442 0.8396730566924365 0.6609850046306579 0.6970718280390227 0.6314619856487635 0.6031120024868841 0.658851560382543 0.786470272771357 -0.725564756692105 1.2140624055838203 0.7056041499344993 0.6875335832672175 0.6442545447816763 0.47949430676090776 0.49205688581538426 0.6524111468740729 0.7757352141731698 0.419615779484751 0.5629900582311048 0.5476703491016377 6.889018429104162 0.7663811834613786 0.7096461432054851 0.6203136576528557 0.67801799622231 0.579913520147184 0.6781361992639605 0.5985555068548822 0.5594722840110953 0.7416444564389516 0.6113736190223525 0.7722273051676314 2.6940272553863993 0.6397504748054497 0.6315127344326283 0.6457300562039248 0.6066480154053769 0.5164975992209313 0.4779073927037441 0.6339267120666736 0.6328171558835594 0.6103746666461887 0.6361255747070981 0.6534797953536671 -0.9908494683872793 0.614857308556933 0.7012941834887577 0.6950352104863348 0.6642042906603328 0.5706733166610745 0.5957926847941545 0.6779091786587988 0.6141794757525696 4.185653392201522 0.5964954349400177 0.5185322231764576 0.6530782205938807 -5.884994561629318 0.6242995868651355 0.6377656344275902 0.6393248594569764 0.5481041721928627 0.6916785416793494 0.7279954080389399 0.6374677154395924 0.6893748166756657 0.5711215887865854 0.7308982857568521 0.6836697536316244 2.475392843631987 -0.6215877008162258 -0.652929779156066 0.42425125027428934 0.5889723466454718 0.6274232571458225 0.5972094705607142 0.8259045407740929 0.4041627014355636 0.631381202321972 0.43521125492493073 0.8673598634163465 0.6594258384828263 
CMS_13TeV_2016_dil_abs_rho_0p7_1p0 0.23777811501434715 0.24585461957081586 0.25174696385669987 0.24224397650658724 0.23774310929501002 0.25375870604968936 0.2386850509312462 0.2513819220773184 0.23541709523634385 0.26135374526239313 0.21685575082436478 0.24872953118993946 0.23191572331222693 0.2026530942243255 0.18734198613968323 0.21452565592948408 0.2538996035138822 0.24075582200794174 0.19750749471720722 0.24661876776319155 0.24597600651015397 0.2309630513574563 0.2507451948330433 0.2532078349832968 0.23641303672449634 0.24536573672858863 0.2546542167376292 0.24674911997450694 0.2557780594533103 -0.7623931525615589 0.23643635126775941 0.2550798379716916 0.2508059463828569 0.2912101748331891 0.24699079823018735 0.25969965644588455 0.23574888162031768 0.2257659766004084 0.24446580278852614 0.2837333772020355 -0.2289702486504623 0.9992558997013785 0.2506345874772945 0.2491028548982025 0.242375426217886 0.2174696092814026 0.21859003103188937 0.2430392366155498 0.26120525793361543 0.21169796829762993 0.2324110830089269 0.23015866225686224 1.6037676529173732 0.2620719538152642 0.2544619878309128 0.24053177100053025 0.24582945132365197 0.23620399417726923 0.24913881017174394 0.23210501447761533 0.2342672994886691 0.2550999888712938 0.23973720702487197 0.2623422329110812 0.32715156269756146 0.24461654228521892 0.24479431332249113 0.24066446426214622 0.23268744244136644 0.22884799604941813 0.2189547043445421 0.2388442293027468 0.24350211755913342 0.23643837901892054 0.24169494641688166 0.2363078433538511 -0.329132342690217 0.22854290711788622 0.24047601466043994 0.2565667280816412 0.2551007435984468 0.24223202723123846 0.24646338975769266 0.24617013200212506 0.23650991496780038 0.5739956797806406 0.23002619597471685 0.21641467405226233 0.39884049918898307 -1.5802254878760293 -0.22682031142171605 0.24313813786372915 0.23369987421206304 0.21935875456723078 0.24792664439589598 0.2604809563522526 0.24526443707903747 0.2489925940592668 0.23232086746285396 0.25631759614253624 0.2577320561069064 0.312525801057256 -0.23255571594117722 -0.24415586132833297 0.20575190274931685 0.2313507099851322 0.23868527854620694 0.23130523325927696 0.28468291740679263 0.18496890465533397 0.23549628500794995 0.20127878817649192 0.2807618794683475 0.24620238945465975 


[end not fitted]


[correlation matrix]

BFRAG (0.7250135)   1.0   
BFRAG_CENTRAL (1.024237)   -0.193875   1.0   
BFRAG_PETERSON (0.6336765)   -7.4e-05   0.000802   1.0   
BSEMILEP (0.9242395)   0.018051   0.024073   0.001167   1.0   
BTAG_JES (0.850888)   0.09555   0.101324   -0.002341   0.021702   1.0   
BTAG_LJET_CORR (0.857371)   -0.101167   -0.111678   0.001681   0.027412   -0.107059   1.0   
BTAG_LJET_UNCORR2016 (0.983342)   -0.03607   -0.041312   0.000919   0.006851   -0.021523   -0.077498   1.0   
BTAG_PILEUP (0.9890865)   0.021577   0.025311   -0.000681   0.000244   -0.023371   -0.005631   1.3e-05   1.0   
BTAG_STATISTIC2016 (0.9280075)   -0.070757   -0.083128   0.001035   0.008663   0.016539   -0.003485   -0.003194   0.00029   1.0   
BTAG_TYPE3 (0.3310815)   0.02336   0.027918   -0.007402   0.03899   -0.591457   -0.22082   -0.024852   -0.131724   -0.70166   1.0   
DYRate1BJet (0.384914)   -0.002108   -0.014027   0.003986   -0.00927   -0.004961   -0.140355   -0.033097   0.002375   0.008961   0.031539   1.0   
DYRate1Jet (0.849744)   0.008038   0.00788   0.000441   -0.00265   -0.005019   -0.047348   -0.011036   0.000298   -0.002922   0.008571   -0.647461   1.0   
DYRate2BJet (0.632889)   0.03095   0.035573   -0.000652   -0.009084   0.004508   -0.137546   -0.035973   0.007085   -0.021327   0.022859   0.493391   -0.24025   1.0   
DYRate2Jet (0.354805)   -0.019956   -0.021346   0.001778   -0.002851   0.023355   -0.058942   -0.020289   0.011027   -0.008469   0.020664   -0.678649   0.843109   -0.238033   1.0   
DYRate3Jet (0.2146515)   0.022211   0.026255   0.001484   -0.005648   0.040082   0.031442   0.005222   0.004337   -0.015909   0.001488   -0.596992   0.692164   -0.206539   0.803686   1.0   
ELE_ID (0.4809365)   0.00402   0.004351   0.000258   -0.006023   0.019613   0.004383   -0.004365   0.007853   -0.024098   0.010692   -0.091475   0.020979   0.147516   0.016937   0.012921   1.0   
ELE_RECO (0.9715775)   0.005428   0.004669   5e-05   0.000125   -0.004048   -4.7e-05   -0.001129   -5.9e-05   -0.001382   0.006932   -0.006983   0.003007   0.020644   0.006129   0.00768   -0.298669   1.0   
ELE_SCALE_ET (0.4163965)   -0.002876   -0.001759   -0.001224   0.006421   -0.00713   0.002588   0.001116   -1.6e-05   -0.002292   0.010033   0.006725   0.001007   -0.001126   -0.003608   -0.002239   0.001127   0.002801   1.0   
ELE_SCALE_GAIN2016 (1.095234)   0.020288   0.022701   -0.00014   0.000959   0.0126   0.001949   -0.001697   0.003629   -0.009276   0.000401   0.021424   0.007093   0.010496   -0.011382   -0.012042   0.008336   -0.007161   0.015452   1.0   
ELE_SCALE_SYST (1.04518)   -0.041535   -0.043371   -0.001549   0.006751   -0.037931   0.031621   0.009788   -0.006671   0.034353   -0.001585   -0.025361   -0.017667   -0.046355   0.011496   0.033005   -0.038407   0.002817   0.01705   -0.033765   1.0   
ELE_SMEARING_PHI (0.883239)   -0.001958   -0.002691   0.000176   0.000144   0.003595   -0.002434   -0.000899   -0.000239   0.002151   -0.004181   -0.007541   -0.005055   -0.00893   0.008584   0.017632   0.002149   -0.000135   0.006032   -0.002642   -0.027367   1.0   
ELE_SMEARING_RHO (0.9517795)   -0.0295   -0.03189   0.000267   0.003877   0.024485   0.003423   0.002339   0.001809   -0.006036   -0.01926   -0.020187   -0.010669   -0.020584   0.016699   0.016192   -0.020985   0.010857   -0.004102   0.044479   0.102677   -0.001234   1.0   
ERDON (0.690163)   -0.080621   -0.088576   -0.009324   0.045948   0.007705   -0.159583   -0.032633   0.014586   -0.110231   0.08859   0.013691   -0.007536   -0.040307   0.010614   -0.033062   -0.003896   -0.015641   -0.013914   0.010245   0.072865   0.013705   0.01434   1.0   
ERDONRETUNE (0.6062325)   0.004234   0.00709   -0.00142   0.005986   -0.004406   -0.00465   -3e-05   0.000217   0.002846   0.00409   0.007233   0.000892   0.00266   0.005219   -0.001994   0.008151   0.000197   -0.004453   -0.00075   -0.011636   0.000292   3.6e-05   0.082022   1.0   
GLUONMOVETUNE (0.552496)   -0.002398   -0.003264   -4.2e-05   0.001794   0.005956   -0.005862   -0.002118   0.001221   -0.00399   0.005435   -0.002933   0.000675   0.008163   0.006397   0.00752   0.003992   -0.001136   3.2e-05   0.000592   0.001267   -0.000518   -0.003087   -0.00983   -0.000106   1.0   
JEREta02016 (0.482199)   0.02768   0.039471   -0.002716   -0.003639   0.052472   -0.01462   -0.006292   0.008835   -0.020737   -0.01681   0.022168   0.024762   0.08418   -0.007207   -0.021371   0.009208   0.012552   -0.030611   0.047405   0.02398   0.00848   -0.038462   -0.050023   0.00198   -0.005291   1.0   
JEREta12016 (0.6537765)   -0.008122   -0.007419   -0.002131   0.013739   -0.0207   -0.004625   -0.001336   -0.003926   0.009485   -0.013289   -0.004234   0.008967   0.030153   -0.002205   -0.047839   0.009227   -0.003855   0.00148   -0.008523   0.023905   0.003369   0.016563   -0.014203   -0.003101   0.001392   -0.019828   1.0   
JESAbsoluteMPFBias (0.369786)   0.00645   0.011489   -0.000426   -0.006732   0.009044   0.007131   0.004523   0.001168   -0.000224   -0.006447   -0.001074   0.000428   -0.003528   -0.009586   -0.009966   0.001423   0.009994   -0.002892   -0.010335   0.006241   0.002705   -0.007306   -0.031991   0.000435   0.001437   -0.0059   0.019058   1.0   
JESAbsoluteScale (0.4784885)   0.012317   0.014607   -0.000344   -0.009875   0.008246   0.008951   0.002485   0.001322   0.00449   -0.005679   0.004783   0.004084   0.01168   -0.003939   -0.002725   0.0004   0.0024   0.001766   -0.019397   -0.037094   -0.001642   0.022799   -0.012327   0.000992   -0.000668   0.008253   0.002289   -0.016515   1.0   
JESAbsoluteStat2016 (0.3835135)   0.009973   0.011746   -0.000276   0.009497   -0.016806   -0.009269   0.00043   0.00108   -0.003205   0.00992   0.01792   0.005443   0.013974   0.008051   -0.015092   0.008396   -0.002848   0.005499   -0.013964   0.018874   0.002663   0.007623   -0.026359   -0.004234   0.000804   0.043809   -0.00387   -0.00497   -0.00297   1.0   
JESFlavorPureBottom (0.8620355)   -0.012894   -0.027045   0.001454   0.020863   -0.062134   0.035915   0.006544   -0.003796   0.003555   0.030917   -0.02614   -0.011832   -0.029363   0.014013   -0.014726   -0.015319   -0.02522   0.005304   0.011444   0.06336   0.007498   -0.01136   0.141573   -0.0101   -0.000259   0.056265   -0.037489   0.054052   0.033238   -0.031515   1.0   
JESFlavorPureCharm (0.557513)   -0.005654   -0.006302   -0.000111   0.000848   -0.001559   0.006766   0.001349   -0.000408   0.005786   -0.008662   -0.02218   -0.008954   -0.014685   0.012542   0.018538   -0.010792   0.0022   0.000822   0.014159   -0.066363   -0.010998   -0.009338   0.004487   -0.001041   -0.001977   -0.022151   0.001999   0.014042   0.002374   0.016073   0.00108   1.0   
JESFlavorPureGluon (0.6896685)   0.025647   0.029551   -0.003378   0.016486   0.016126   0.090107   0.033416   0.002647   -0.019469   0.049474   -0.105932   0.004153   -0.019848   -0.138769   -0.170772   0.013875   -0.019191   0.01454   0.013726   -0.037563   -0.015679   -0.048436   0.01034   0.003837   0.004696   -0.026419   -0.107636   -0.007772   0.026012   -0.016553   -0.036408   -0.027608   1.0   
JESFragmentation (0.6526095)   -0.003855   -0.003402   -9.5e-05   0.003716   -0.004653   6.7e-05   0.002341   -0.00172   0.007201   -0.006407   0.011509   0.004431   0.008745   -0.00357   -0.011004   0.040155   0.00312   -0.001542   -0.001815   0.020437   0.002817   0.001165   0.00426   0.000885   -0.001671   -0.051922   0.007958   -0.005949   -0.008886   -0.00656   0.004393   0.011474   0.036849   1.0   
JESPileUpDataMC (0.560882)   -0.041511   -0.042791   -0.000531   0.009702   -0.01064   -0.005244   0.001316   -0.001799   0.003403   -0.011318   -0.01473   0.00208   0.018979   0.020095   -0.048763   0.010261   0.004934   0.001659   -0.019913   -0.086287   -0.005912   0.031695   0.013334   -0.005228   0.001182   -0.01728   -0.018139   -0.002656   0.003751   -0.01406   0.033087   -0.004804   -0.071811   -0.013203   1.0   
JESPileUpPtBB (0.661039)   0.008664   0.011202   0.00076   -0.007862   0.012423   -0.030039   -0.006316   -0.001218   0.001981   0.013184   -0.009569   -0.001708   -0.011997   -0.011545   -0.023038   -0.003402   0.003742   0.001874   -0.006514   0.0607   0.003234   0.004893   -0.014764   0.006316   0.003181   0.04855   -0.002495   -0.009935   -0.003366   -0.007271   -0.001349   0.020047   0.010983   0.013055   0.017414   1.0   
JESPileUpPtEC1 (0.462039)   -0.000378   -0.001082   0.000464   0.002485   0.002371   -0.02175   -0.004213   0.00065   -0.002768   0.003959   0.001204   0.00498   0.028449   0.019911   -0.014686   0.012329   0.002157   0.005578   -0.001444   0.015333   0.000451   -0.00152   0.008875   0.002913   0.000294   0.009054   -0.001879   -0.002216   0.002245   -0.018282   -0.002984   0.00936   -0.028606   -0.00873   -0.010163   -0.006875   1.0   
JESPileUpPtRef (0.333713)   0.004865   0.005506   0.000107   -0.003174   0.010393   -0.000667   -0.003858   0.001417   -0.005235   0.008086   -0.003844   0.001324   0.001136   -0.011713   -0.003296   0.004071   -0.000135   -0.006075   0.005615   0.033033   0.003416   -0.007345   0.006858   0.004684   -0.000438   -0.025512   0.003   0.00211   0.005578   0.017733   0.025328   0.005286   0.04165   -0.000535   0.015328   -0.001215   0.00789   1.0   
JESRelativeBal (0.5333195)   0.019595   0.021149   0.000874   -0.012271   0.016247   0.007815   0.001904   0.002325   0.000805   -0.000221   0.00285   -0.002412   -0.001096   0.013334   0.028711   -0.005823   -0.00076   0.006145   -0.015742   0.002408   -0.0022   -0.003526   -0.013088   0.001503   0.000182   0.022255   -0.003472   -0.005177   0.005314   0.007957   0.018071   0.003403   -0.014451   -0.001358   0.025493   -0.008912   -0.003211   -0.004624   1.0   
JESRelativeFSR (0.443095)   -0.010712   -0.016734   0.000522   -0.002841   -0.01943   0.008376   0.003204   -0.001944   0.009243   -0.00073   -0.00181   -0.006128   -0.015183   0.012464   0.017735   -0.007068   -0.010843   0.015734   -0.018362   -0.022524   -0.006115   0.026574   0.013963   -0.002587   -1e-06   0.05484   0.015573   0.003799   -0.009801   -0.01187   -0.026491   0.00099   -0.006962   0.00467   0.017428   -0.005889   -4.2e-05   0.012931   -0.004511   1.0   
JESRelativeJEREC12016 (0.903497)   -0.042161   -0.044537   0.000343   -0.000797   -0.03326   0.001389   0.002856   -0.006504   0.020459   -0.005792   -0.034334   0.014906   0.067679   -0.01535   -0.029446   0.00574   0.013129   0.01274   -0.013634   -0.161101   -0.013943   0.069757   -0.038752   0.007292   0.002038   -0.025719   -0.029186   0.004817   -0.038719   -0.010742   0.04547   -0.0367   0.006524   -0.038324   -0.06558   0.016962   -0.013118   0.027521   0.012811   0.00153   1.0   
JESRelativePtBB (0.3564645)   -0.008464   -0.011315   0.000901   -0.004498   -0.006179   0.003607   0.002093   -0.001718   0.009815   -0.004927   -0.011198   -0.002574   -0.004435   -0.003142   0.003959   -0.002399   0.000208   0.004128   0.008386   0.002959   -0.001979   -0.005341   0.009942   0.001094   0.000217   0.020948   0.015882   0.001486   -0.00273   -0.00186   -0.005957   -0.003653   0.014309   0.001026   0.003406   -0.006755   -0.001026   0.001986   -0.001239   -0.00572   0.001467   1.0   
JESRelativePtEC12016 (0.490526)   -0.002678   -0.003427   5.3e-05   -0.000165   0.002061   -0.002785   -0.000655   -0.000468   0.00119   -0.003184   -0.004025   -0.002485   -0.001693   0.00735   0.011857   -0.004172   0.001049   0.003038   -0.000262   -0.009541   -0.002764   -0.008545   0.004936   -0.000944   -3.5e-05   0.006211   0.000902   -0.0019   -0.003377   0.00274   0.00104   -0.003231   -0.024231   0.001477   0.004716   -0.000992   -0.000643   0.002863   -0.005902   -0.006098   -0.001988   -1.6e-05   1.0   
JESRelativeSample2016 (0.770898)   0.049649   0.061213   -0.002101   0.006852   0.08691   -0.042544   -0.010239   0.015012   -0.056497   -0.00618   0.021106   0.024281   0.085702   0.026791   -0.075828   0.033834   0.009085   0.002695   -0.048355   -0.074201   0.003666   0.054761   -0.062729   -0.000934   -0.009791   -0.135883   0.048626   -0.035123   -0.013427   0.010008   0.08293   0.027536   -0.065231   -0.097866   -0.024669   0.088882   -0.004477   0.007892   0.004721   -0.015435   -0.019051   0.017208   -0.006118   1.0   
JESRelativeStatEC2016 (0.402871)   -0.001486   -0.001167   -0.000193   2.7e-05   -0.001949   -0.001634   4.7e-05   5e-05   -0.002224   0.004601   -0.004356   -0.000629   0.001019   0.004312   -0.005352   0.00066   0.002779   -0.004493   0.014899   0.010629   0.002631   -0.004745   -0.013394   0.001392   6.9e-05   -0.024271   -0.007146   0.003538   0.006277   0.001308   -0.00232   -0.004545   -0.004323   -0.000439   -0.002243   -0.003807   -0.001796   -0.002135   0.008118   0.010582   -0.01555   0.000362   0.003124   0.038569   1.0   
JESRelativeStatFSR2016 (0.414523)   2.9e-05   5.8e-05   -0.000249   -0.000123   0.006629   -0.0093   -0.00357   0.000321   -0.001425   -0.008374   -0.021661   -0.004031   0.005474   0.015609   0.008457   -0.000829   0.000369   -0.005309   0.021642   -0.018486   -0.003411   0.001257   -0.002426   0.000625   -0.002301   -0.060878   -0.029967   0.017157   0.010653   0.029083   -0.003148   -0.026182   -0.058424   0.001454   -0.000732   0.006907   0.010077   -0.007773   -0.001122   0.011657   -0.018201   0.004845   -0.002548   0.027633   -0.011195   1.0   
JESSinglePionECAL (0.889827)   -0.021633   -0.031602   0.000513   -0.017219   -0.018777   0.007755   -4.8e-05   -0.002991   0.024652   -0.00132   -0.01464   -0.002321   -0.005034   -0.013041   0.01785   -0.006852   0.008593   -0.014787   0.023972   -0.036703   0.00028   0.062891   0.120713   0.00707   0.002683   -0.127706   -0.034965   0.016224   0.006394   0.084207   0.014718   -0.025915   0.062325   -0.00441   0.020723   -0.017215   0.029096   -0.015638   -0.010812   4.6e-05   -0.03342   0.015087   -0.001599   0.032698   -0.015457   -0.088116   1.0   
JESSinglePionHCAL (0.390736)   -0.011534   -0.012502   0.00069   -0.001989   -0.003928   -0.002867   0.000352   -0.000371   0.00123   0.004195   0.002302   0.000944   0.001451   -0.003448   0.000612   -0.001256   0.001525   0.006957   -0.016321   -0.013359   -0.001794   0.009053   0.007929   -0.001978   0.001442   0.036644   0.017922   -0.00946   -0.006741   -0.015682   0.012177   0.012438   0.020536   -0.00472   -0.007801   -0.007019   -0.008612   0.005901   -0.006073   -0.011746   -0.004338   -0.002661   -0.002648   -0.022834   0.007612   0.022014   0.034846   1.0   
JESTimePtEta2016 (0.3543435)   0.003524   0.008364   0.000463   -0.011067   0.025623   -0.014345   -0.002799   0.004198   -0.00416   0.003899   -0.025186   -0.002588   0.00139   0.000137   -0.012791   -0.005933   0.014784   -0.001027   -0.008601   -0.025861   -0.00383   -0.007577   -0.046704   0.001604   0.000743   -0.006413   -0.000502   -0.020765   -0.005865   0.011707   0.080148   -0.008113   -0.047072   0.001209   -0.011767   -0.016507   -0.003394   -0.002353   0.009419   0.020522   -0.037634   -0.001663   -0.003217   0.0294   -0.001853   -0.011436   -0.005982   -0.005116   1.0   
JetPileupIDEff (0.9936655)   0.002654   0.003515   -0.000193   -0.002163   0.000124   0.001535   0.00056   -0.000395   -0.000297   -0.004025   0.002855   0.00047   0.00244   0.004874   -0.002297   0.001076   -0.001123   0.000533   -0.000158   -0.001642   -0.000375   0.007126   0.001676   -0.001263   0.000402   0.000271   -0.00352   0.002779   0.000845   -0.001727   -0.002623   0.000616   -0.006511   -1e-06   -0.003267   0.000463   -0.000681   0.001898   0.002311   -0.001826   -0.001148   -9.9e-05   0.000751   0.000731   -0.000446   -0.000416   -0.004487   0.000144   0.003751   1.0   
JetPileupIDMistag (0.509372)   0.074763   0.115262   -0.009971   -0.052375   -0.092652   0.028336   0.019364   -0.018553   0.079499   -0.006682   -0.001335   -0.011285   -0.054393   -0.024219   0.02228   -0.017168   -0.016539   0.004864   -0.009789   0.023313   -7.8e-05   -0.027456   -0.119797   -0.075948   0.006203   -0.149332   -0.099129   0.004429   -9.9e-05   -0.058537   0.014974   0.007556   -0.309801   -0.037055   -0.109088   0.091648   0.011122   0.068169   0.045652   0.009362   0.025468   0.009748   0.00213   -0.091983   0.019947   0.035955   0.099473   0.003443   0.05753   -0.048642   1.0   
L1PREFIRING (0.9848035)   -0.001185   -0.00054   -0.000265   0.007261   0.004044   -0.002958   -0.000405   0.000513   -0.005453   -0.006237   0.040997   0.008091   0.028415   0.017764   0.031109   -0.110425   -0.004978   -0.002836   0.006621   2.6e-05   -4.1e-05   -0.006347   -0.013339   -0.002643   0.000779   -0.006788   0.002016   -0.000675   0.008367   -0.003605   0.005997   -0.000247   0.002817   0.001372   -0.007944   0.002894   -0.006272   0.002085   0.005336   0.006143   0.000841   0.000645   -0.000484   -0.010841   -0.001672   0.000176   0.005956   -0.002313   -0.001595   -0.000553   0.007977   1.0   
MASS (0.55)   0.250561   0.265184   -0.007189   0.024343   0.290165   -0.08998   -0.053608   0.039286   -0.184904   -0.021918   0.00459   0.010036   0.048269   -0.012798   0.078043   0.091529   -0.055245   0.005785   0.053901   -0.047137   0.003155   -0.067665   0.00794   0.011056   0.002915   -0.043033   -0.042126   -0.062198   -0.031865   -0.01675   0.266853   -0.014996   -0.002953   -0.020522   -0.141957   -0.031387   -0.003475   0.017181   0.042683   0.026021   -0.084641   -0.010392   -0.00097   -0.040691   -0.015788   -0.004577   0.067337   0.011215   -0.073848   -0.006309   -0.023959   0.022512   1.0   
MATCH (0.1809975)   0.005353   0.007158   0.000148   0.009762   -0.009445   -0.039563   -0.01113   -0.000148   0.006519   0.018542   -0.012388   -0.005951   -0.0154   0.001294   0.013793   -0.025886   0.008225   -0.00405   -0.008388   -0.020062   -0.001308   0.0047   -0.001474   0.013265   -0.000866   -0.000989   -0.000122   -0.009901   -0.009746   0.00786   0.036606   -0.00214   0.004871   0.001883   0.001841   -0.014856   0.001199   -0.008534   -0.009971   0.014171   -0.019502   0.005566   -0.002033   -0.021274   0.002619   0.000935   0.013343   0.000386   -0.020998   0.00598   0.091456   0.005926   0.00432   1.0   
MEFACSCALE (0.9378155)   -0.008266   -0.007903   -0.001653   8.7e-05   0.002885   0.027742   0.006257   -0.000782   -0.001181   -0.037362   -0.004438   0.002103   0.006475   -0.002401   -0.022665   -0.014117   -0.002531   0.005902   -0.001171   0.010576   0.000402   -0.030367   -0.00696   -0.004785   0.001853   0.000737   -0.015381   -0.002029   0.001773   -0.001444   -0.042797   3.9e-05   -0.011237   0.000793   0.010544   -0.000522   0.005091   0.004509   0.011585   -0.007941   -0.002538   -0.002967   -0.000746   0.004873   0.005237   0.009087   0.014644   0.002837   0.01203   -0.001495   0.005109   2.6e-05   0.083021   0.043108   1.0   
MEFACSCALE_ST (0.9986275)   -0.013342   -0.014429   -0.000785   0.014637   -0.020664   -0.010345   -0.001364   -0.005649   0.013176   0.003252   -0.001693   0.003447   0.021604   0.010808   0.006571   0.008787   -0.003809   -0.00015   0.001626   -0.004441   0.001172   0.003922   0.032526   -0.004589   0.000932   0.010584   -0.009839   0.008294   0.006497   -0.006724   -0.046162   0.004942   0.008167   -0.006883   -0.003317   0.004028   -0.002506   0.006521   0.003662   -0.001348   0.003606   0.003026   -0.003343   -0.002271   0.003599   0.00421   0.023056   -0.001864   0.017873   -0.000265   -0.024691   -0.001223   0.001874   -0.002038   0.00075   1.0   
MEFACSCALE_Z (0.873956)   -0.025283   -0.03044   0.001817   -0.005217   -0.006721   0.009209   0.002293   0.001703   -0.004   0.013587   0.357795   0.05533   0.120902   0.105156   0.237744   -0.073846   -0.005311   0.012007   -0.0052   0.00074   0.006698   0.003551   0.013928   0.002842   0.002602   0.002128   -0.02029   0.005235   0.016464   0.009727   0.015483   0.008446   -0.079116   -0.018508   -0.029903   -0.004042   -0.01113   -0.001852   -0.020529   0.015939   -0.010062   0.007812   0.00011   -0.014459   -0.004287   -0.016613   -0.03601   -0.000503   -0.029785   -0.000647   0.013933   -0.005639   -0.029086   0.00441   0.002982   -0.004275   1.0   
MERENSCALE (0.69736)   0.003056   0.008909   -0.002548   -0.018945   -0.021382   0.089682   0.018842   -0.001504   0.002736   -0.016128   -0.000164   0.002308   0.016598   0.017001   -0.010852   0.016982   -0.011261   0.027452   -0.004757   0.006719   -0.001343   -0.045193   -0.011967   -0.032911   0.002767   0.034003   -0.059984   0.008567   0.000103   -0.018468   -0.11597   -0.005569   0.071676   0.0197   0.029509   0.017855   0.00573   0.031   0.030474   -0.034349   -0.029245   -0.006779   -0.00527   0.039458   0.006504   0.012555   0.050378   -0.00212   0.031076   -0.00959   -0.162246   0.005547   -0.055809   0.185639   -0.25016   0.021384   0.0063   1.0   
MERENSCALE_ST (0.9941725)   -0.005799   -0.003943   -0.000139   -0.005866   0.011922   0.01309   0.003855   0.001192   -0.010263   -0.029401   -0.003458   0.000911   0.006812   0.002606   0.002104   -0.005815   -0.000115   -0.000378   0.002096   0.003606   0.001779   -0.00128   0.030002   -0.002369   0.000357   -0.006529   0.004053   -0.004547   -0.003074   -0.002767   -0.000751   0.00273   -0.003531   -0.001355   -0.000442   0.001109   0.000461   0.000847   -0.002139   0.002096   0.000498   0.002035   -0.000776   -0.00052   -0.001506   0.0006   0.016872   -0.001223   -0.003607   -0.000412   0.011632   0.000942   0.025768   0.005993   -0.002779   0.003039   -0.003562   -0.014708   1.0   
MERENSCALE_Z (0.979333)   0.013719   0.016023   0.00059   -0.003077   0.011329   -0.008189   -0.003528   0.003206   -0.005935   -0.001886   0.046553   0.006738   0.026607   0.022387   0.083156   0.003099   -0.000143   -0.001475   -0.003398   -0.014197   -0.002551   0.008831   -0.000509   -0.000509   0.000364   0.002281   -0.00717   0.006218   0.003171   0.001622   -0.014032   -0.008333   -0.015576   0.010269   -0.014525   -0.01303   0.001131   0.001654   -0.001402   0.007188   -0.006795   -0.00381   0.003028   0.043967   -0.003709   -0.009929   -0.000861   0.003792   -0.014354   -0.001113   0.001678   0.001096   0.003648   -0.003832   0.001961   0.00732   -0.021616   -0.004212   0.000173   1.0   
MUON_ID_STAT2016 (0.9767575)   -0.000696   1.3e-05   0.000263   -0.00512   -0.00184   0.001155   0.000348   -1.4e-05   0.001299   0.004344   -0.053561   -0.013582   -0.041087   -0.0216   -0.026317   0.268749   0.031348   -0.000577   0.002036   -0.003806   -0.000898   0.000686   0.007428   -0.000199   0.0003   -0.004786   -0.000738   -0.000543   -0.003251   0.000756   -0.000299   -0.001753   0.025405   -0.003323   -0.001   -0.002348   0.000372   0.000995   0.001512   0.001403   -0.01058   -0.001043   -0.000175   0.002231   -0.001543   -0.001466   -0.015852   -0.001219   -0.002894   -0.000282   -0.001019   0.009669   0.012542   0.001085   0.001523   0.000952   0.011798   -0.008232   -0.000393   -0.000168   1.0   
MUON_ID_SYST (0.978362)   -0.002728   -0.002766   0.000197   -0.004657   -0.003388   -0.000966   6.1e-05   0.000149   0.001161   0.003976   -0.050133   -0.013668   -0.042908   -0.020338   -0.02376   0.284559   0.030268   0.000416   0.001354   -0.003115   -0.00078   -3.1e-05   0.002937   0.000353   -0.000215   -0.005923   -0.000472   -3.6e-05   -0.001919   0.003195   0.002465   -0.001973   0.012719   -0.005195   -0.000795   0.000741   0.001548   -0.000195   -1.6e-05   0.00156   -0.006932   -0.000338   0.000171   1.9e-05   -0.00112   -0.003114   -0.015308   0.000728   -0.003309   5.5e-05   -0.001036   0.012926   0.015567   0.000662   0.002264   0.000878   0.006308   -0.00326   -0.000733   0.000557   -0.029727   1.0   
MUON_ISO_STAT2016 (0.9903005)   -0.005621   -0.005836   6e-05   -0.004563   0.004305   -0.001265   -0.000315   0.000634   0.001482   -0.003254   -0.027907   -0.008012   -0.021163   -0.005466   -0.001459   0.12865   0.011696   0.00069   -0.000699   -0.001573   -0.000414   -0.000752   0.004738   0.000625   -0.00041   -0.005252   0.000837   -0.002462   -0.002113   0.002618   0.011787   0.000171   -0.005279   -0.000147   -0.000326   0.000733   0.00139   -0.002296   -0.001119   0.001744   0.001735   -0.000419   0.000809   0.005223   6.7e-05   -0.000389   0.003818   0.001327   -0.004287   0.000211   -0.005151   0.007764   0.045791   -0.002292   0.000959   0.002437   0.004706   0.001343   -0.002232   -0.001067   -0.010979   -0.012762   1.0   
MUON_ISO_SYST (0.9663745)   -0.00436   -0.004387   0.000252   -0.006506   -0.005691   -0.002377   -0.000122   -2e-06   0.004235   0.003817   -0.073859   -0.019443   -0.05372   -0.019101   -0.020194   0.384648   0.036526   0.001034   -0.001108   -0.001222   -0.001052   0.000206   0.005739   0.000868   -0.000954   -0.006626   -0.001592   -0.000995   -0.003011   0.004198   0.00699   -0.00117   0.000288   -0.004613   0.000496   0.002056   0.003078   -0.001801   -0.001644   0.001348   -0.00183   0.000375   0.000815   0.004361   -0.000539   -0.003916   -0.00888   0.002763   -0.004106   0.00046   0.001263   0.020114   0.018484   -0.001429   0.003843   0.001906   0.011338   0.00286   -0.001667   0.000285   -0.036476   -0.039529   -0.019486   1.0   
MUON_SCALE_DELTAM (0.549268)   0.001261   0.002484   8.9e-05   -0.001086   0.003518   0.001576   0.001266   -0.000632   0.003863   -0.010675   -0.002128   -0.003757   -0.01777   -0.005472   -0.005276   -0.007956   0.001948   0.001743   -0.000362   0.010867   -0.001361   -0.01357   -0.009734   -0.00161   -0.00075   0.014351   0.015091   -0.008142   -0.003414   -0.003059   0.001521   0.001557   -0.002823   -0.001147   0.009535   -0.000436   0.000716   0.001951   -0.002355   -0.004639   0.020148   -0.004237   -0.002382   -0.008676   0.004943   0.007421   0.031046   -0.003455   -0.001506   0.001237   0.013034   -9.9e-05   -0.017282   0.00128   -0.007069   0.001492   0.008916   -0.007161   -0.000304   0.002487   0.000577   0.000426   -0.000978   -8.8e-05   1.0   
MUON_SCALE_EWK (0.811522)   0.011176   0.01395   0.00014   -3.8e-05   0.014484   -0.004751   -0.000864   0.001345   -0.002568   -0.008079   -0.009947   -0.003772   -0.009769   -0.00063   -0.003282   0.005055   0.010206   0.00132   -0.003991   0.007387   -0.001099   -0.014397   0.013038   -0.000366   -9.7e-05   0.005199   0.001633   -0.00732   -0.00761   -0.011076   -0.01455   0.000659   0.02879   0.001629   0.001617   -0.010685   -0.006173   0.010185   -0.002944   -0.002074   0.004325   -0.001762   -0.002457   0.020676   0.003443   0.008914   0.009339   -0.00682   -0.004854   0.000559   -0.012671   -0.003919   -0.011713   -0.0019   -0.005872   -0.002781   0.011358   -0.013457   -0.00099   -0.000447   -0.007381   -0.00332   0.001956   0.000409   -0.00707   1.0   
MUON_SCALE_EWK2 (1.0192195)   -0.05185   -0.057383   0.000497   -0.000257   -0.017799   -0.020082   -0.004312   -0.000783   -0.008039   0.015163   -0.023601   -0.018062   -0.063256   0.00652   -0.027032   -0.011861   -0.006775   0.008843   -0.01772   0.042977   0.002608   0.021364   -0.036906   0.005111   0.004581   0.01972   -0.048506   0.000699   0.033627   -0.002533   -0.000143   0.000299   -0.094315   0.030568   -0.010427   -0.00948   -0.011295   4.3e-05   -0.004627   0.017549   0.007187   0.019455   0.010897   0.077841   -0.007717   -0.004501   -0.020688   0.014515   -0.004556   -0.000793   0.055589   0.000159   -0.083118   -0.006279   -0.017287   -0.009222   -0.058764   -0.038062   -0.00777   -0.012541   0.011326   0.003912   -0.004008   -0.000266   0.012099   0.011075   1.0   
MUON_SCALE_STAT2016 (0.719689)   -0.014213   -0.015656   0.001088   -0.003996   0.005714   0.009112   0.007021   -0.002886   0.017929   -0.03654   -0.045079   -0.006115   -0.001687   0.008304   -0.029998   0.008411   0.006129   0.010578   -0.009663   0.037946   -0.007102   -0.026353   -0.021657   -0.002726   0.001147   0.023286   0.000434   -0.00043   0.009429   -0.00264   -0.017876   0.004613   -0.019063   0.004382   -0.026981   -0.038415   -0.011404   0.012893   -0.030726   0.010861   0.066998   -0.016541   0.004836   0.105252   -0.00407   0.00421   0.010493   -0.001068   -0.044317   -0.001652   -0.015449   -0.007902   -0.075163   0.01859   -0.006445   -0.002841   -0.054652   0.013699   0.001831   -0.030631   -0.001622   -0.002854   -0.003035   -0.001818   -0.011963   -0.022256   -0.041008   1.0   
MUON_SCALE_ZPT (0.56474)   -0.008941   -0.008424   -0.000167   -0.001044   -0.010066   -0.000633   0.001827   -0.002521   0.010198   -0.004564   0.00022   -0.002901   -0.010968   0.00322   -0.005966   -0.002286   0.000241   -5.4e-05   -0.001158   0.004698   -0.000318   0.002311   0.012855   0.001388   0.001879   0.009269   0.002185   -0.006806   0.00041   -0.003577   0.012768   0.002693   -0.013288   0.008576   -0.0045   -0.010748   0.000211   0.00295   0.008101   -0.000703   0.004041   -0.001603   0.001374   0.021194   -0.000321   0.004278   -0.004377   -0.000371   8.6e-05   -3.2e-05   0.004983   0.000518   -0.028974   0.000511   -0.003665   0.003406   0.007404   0.004553   0.001882   -0.003191   0.001134   0.001484   -0.000711   0.00059   -0.000328   -0.001778   -0.01699   -0.002716   1.0   
PDF_1 (0.994498)   -1e-06   -1e-06   0.0   -1e-06   -6e-06   1.2e-05   4e-06   -2e-06   9e-06   -3e-06   -5e-06   6e-06   4e-06   -7e-06   -4.9e-05   -0.0   3e-06   -1e-06   -1e-06   -6e-06   -2e-06   1e-06   -5e-06   -3e-06   -0.0   4e-06   6e-06   3e-06   -1.1e-05   -9e-06   -1.1e-05   -3e-06   6.3e-05   7e-06   1e-06   -1.5e-05   1e-06   1e-06   3e-06   -0.0   -4e-06   -1e-05   2e-06   4.4e-05   -3e-06   6e-06   2.6e-05   -2e-06   -2e-06   -0.0   -1.2e-05   -1e-06   -3.1e-05   -0.0   -1e-06   2e-06   2.6e-05   5e-06   0.0   -1.3e-05   -4e-06   1e-06   1e-06   2e-06   -1e-06   -1e-05   4.9e-05   -1.9e-05   -1e-06   1.0   
PDF_10 (0.994524)   -6e-06   -6.1e-05   1.1e-05   -1.4e-05   3.3e-05   4.7e-05   1e-06   1.4e-05   7.8e-05   -0.000109   -4e-05   -2e-06   -9.4e-05   -4.2e-05   -8.7e-05   -2e-05   -2.3e-05   -9e-06   -1.1e-05   -9.2e-05   0.0   1.7e-05   1e-06   1.7e-05   1.1e-05   -5.7e-05   1.3e-05   5e-06   -1.2e-05   -3e-06   -2e-05   8e-06   9e-05   -2.2e-05   -1.3e-05   1.2e-05   -3.8e-05   -1e-05   -2e-06   -2.7e-05   6.1e-05   1.1e-05   -1.3e-05   2.6e-05   1.1e-05   -5e-06   2e-06   9e-06   -5e-06   4e-06   1.2e-05   -1.4e-05   -6.4e-05   1.3e-05   1.3e-05   -4.9e-05   -7.6e-05   1.5e-05   -4.2e-05   -2.4e-05   2.5e-05   1.3e-05   -0.0   4.5e-05   -2e-06   -2.2e-05   3e-06   -1.9e-05   -1.1e-05   0.0   1.0   
PDF_100 (0.994516)   1.8e-05   2.6e-05   1e-06   1e-06   7e-06   -1e-05   -3e-06   2e-06   -1.4e-05   1e-05   4e-06   -1e-05   -6e-05   -1.8e-05   -4.4e-05   -5e-06   8e-06   -5e-06   1e-06   -4e-06   -1e-06   -0.0   -3e-05   -1e-06   -0.0   9e-06   6e-06   2e-06   2e-06   -4e-06   -9e-06   -7e-06   1.9e-05   1.6e-05   6e-06   -1.1e-05   -0.0   0.0   1.1e-05   6e-06   7e-06   -4e-06   -0.0   -1.8e-05   1e-06   4e-06   1.8e-05   -0.0   1e-06   -0.0   1.4e-05   -9e-06   1.7e-05   -1e-06   -9e-06   6e-06   2e-05   -1.3e-05   4e-06   -1.5e-05   -5e-06   1e-06   6e-06   8e-06   -3e-06   -1.8e-05   2.4e-05   1e-06   -1e-06   0.0   0.0   1.0   
PDF_11 (0.9882635)   0.000407   0.000677   -4.7e-05   -0.00037   7.5e-05   -7.8e-05   -3.3e-05   1.2e-05   -8.6e-05   -4e-05   0.000294   -3.1e-05   4e-05   -0.000392   -0.000161   -0.000109   -2.1e-05   7.4e-05   4.7e-05   0.0004   -0.000119   -0.000463   -0.000903   0.000177   -9.7e-05   -0.000597   0.00094   -0.000407   4.4e-05   9.6e-05   0.000611   -5e-06   -0.001033   0.000179   0.00016   -0.000435   -0.000191   -6.5e-05   -0.000194   -0.000226   0.000737   -0.000163   -1.9e-05   -0.000272   -0.00013   -9e-05   -0.00046   3.6e-05   -0.000403   2.6e-05   0.002413   -0.000402   -0.00026   -7.8e-05   0.000137   0.000185   5.5e-05   0.001866   -0.000124   -1.1e-05   0.000147   0.000145   9e-06   8e-05   -0.000216   -9.5e-05   0.000113   -0.001025   -0.000238   0.0   -4e-06   -0.0   1.0   
PDF_12 (0.989202)   0.000752   0.000912   2.5e-05   -0.000219   0.000385   -0.000171   -5.1e-05   9.2e-05   -0.000264   -7e-05   0.000153   0.000125   3e-06   -0.000239   3.2e-05   -9.9e-05   5e-06   0.000121   0.000179   0.00035   -1.7e-05   -0.000451   -0.000962   0.00021   4e-06   -0.000652   0.001018   -0.000379   0.000135   0.000139   0.000636   -9e-06   -0.00103   0.000265   0.000145   -0.000322   -7e-06   2.2e-05   -8.7e-05   -5.6e-05   0.000846   -0.00014   5e-06   -7.2e-05   -0.000139   -6.8e-05   -0.000159   7.3e-05   -0.000375   2.2e-05   0.002414   -6e-05   0.000129   -4.9e-05   0.000181   0.000357   -1e-06   0.002149   -1.8e-05   5.5e-05   0.000145   5.4e-05   2.3e-05   6.1e-05   -0.00022   -6.7e-05   -1.6e-05   -0.001005   -0.000187   -0.0   -1e-06   0.0   -0.000114   1.0   
PDF_13 (0.9931085)   0.000807   0.001497   -0.000158   0.000339   0.000661   -0.001125   -8.9e-05   -2.4e-05   0.000475   -0.001237   0.001416   6.2e-05   -0.001025   -0.000547   -6e-05   -0.001218   0.000826   -0.000683   0.000432   -0.000624   0.000367   -0.002894   -0.001578   7e-05   -5e-06   -0.003016   0.000857   -0.001902   0.00018   0.000126   0.00111   -0.000251   -0.001218   4.4e-05   -0.001315   9.4e-05   8.1e-05   7.7e-05   -8.9e-05   0.001543   0.000508   0.000207   5e-05   -0.000465   -0.000241   0.000124   0.002384   0.000189   -0.001632   0.000377   0.001614   -0.000474   0.012713   -0.002213   -0.00014   1.7e-05   0.000752   0.007756   -8.5e-05   8.2e-05   0.00054   0.000438   -0.000123   0.000152   -0.000996   -0.000472   -0.00036   -0.00197   -0.000824   -0.0   -1e-06   0.0   -9.5e-05   -9.2e-05   1.0   
PDF_14 (1.004215)   0.00152   0.002285   -8.3e-05   -0.00019   -0.001462   0.00019   0.0003   -0.000119   0.001101   -0.000185   0.001197   9e-06   -0.000569   -0.000262   -0.000387   -0.00093   0.00048   -0.000424   3e-06   -2.9e-05   0.000365   -0.001336   -0.001936   -0.00015   8.9e-05   -0.001947   0.000328   -0.001498   -0.000358   -2.6e-05   0.00158   -3.7e-05   -0.000604   2.8e-05   -0.000401   -6.3e-05   8.7e-05   5.7e-05   -0.000233   0.000689   -0.000159   0.000175   3.9e-05   -0.00069   -0.000279   -5e-05   0.000705   0.000168   -0.001342   0.000203   0.000303   -0.000216   -0.000967   -0.000772   -0.000573   0.000588   0.000364   0.002009   -7.7e-05   -4.2e-05   0.00027   0.000255   -8e-05   2.1e-05   -0.0005   -3.8e-05   0.000353   -0.000372   -0.000635   -0.0   2e-06   -1e-06   -8.4e-05   -5.2e-05   -0.000347   1.0   
PDF_15 (0.9944745)   4e-06   -5e-06   8e-06   2.8e-05   2e-05   -6.6e-05   -2.1e-05   1.1e-05   -2.1e-05   2.9e-05   2.9e-05   1e-05   5.5e-05   -1.1e-05   -2.2e-05   -1.4e-05   -1e-05   -4e-06   5e-06   -1e-06   -0.0   3.1e-05   -8.8e-05   4e-06   3e-06   -1.5e-05   1e-05   -4e-06   -6e-06   -6e-06   2.3e-05   1.4e-05   5e-05   -1.4e-05   -1.8e-05   1e-06   -1e-06   1.2e-05   3.3e-05   -1e-06   1.5e-05   4e-06   4e-06   6.4e-05   9e-06   2e-05   5.7e-05   -3e-06   -1.3e-05   2e-06   -4.5e-05   6.6e-05   5.6e-05   -2e-06   2.9e-05   0.0   3.2e-05   7.1e-05   1e-05   1.1e-05   -5e-06   -1.1e-05   -2e-06   -3e-06   1.3e-05   5e-06   1.5e-05   -1.5e-05   7e-06   -0.0   5e-06   -0.0   8e-06   8e-06   3e-06   1e-06   1.0   
PDF_16 (0.9944565)   7.1e-05   8.9e-05   3e-05   1e-05   6.6e-05   -8e-06   1.8e-05   1.4e-05   -7.2e-05   6e-06   -0.000111   4.1e-05   -0.000128   8.1e-05   7.9e-05   6.6e-05   -7.5e-05   -7e-06   3.4e-05   2.5e-05   2.9e-05   7.7e-05   -6.8e-05   1.3e-05   1.8e-05   -1e-06   -8e-06   1.9e-05   1e-05   1.1e-05   8e-06   -0.0   3.2e-05   0.0   3e-06   2.5e-05   -1.2e-05   2.2e-05   1.9e-05   -2e-05   -8e-06   1.7e-05   1.3e-05   -7e-06   -1e-06   -1.3e-05   -1.5e-05   2.5e-05   1.2e-05   5e-06   -5.7e-05   7.7e-05   8.3e-05   1.8e-05   -9e-06   -1.4e-05   3.1e-05   5e-06   9e-06   1.9e-05   3.5e-05   0.000108   7e-06   4.4e-05   5e-06   9e-06   -3.7e-05   1.5e-05   1.1e-05   -0.0   1.7e-05   -1e-06   1.2e-05   3e-05   1e-05   7e-06   3e-06   1.0   
PDF_18 (1.0000045)   0.001306   0.002047   -0.000105   -0.000239   -0.001537   8.4e-05   0.000293   -0.000152   0.001122   -0.000183   0.000921   -1.1e-05   -0.000593   -9.4e-05   -0.000243   -0.000809   0.000484   -0.000436   0.000297   6e-06   0.000307   -0.001449   -0.001777   -0.000114   7.4e-05   -0.001901   0.00058   -0.001428   -0.000188   6.5e-05   0.001807   -0.000114   -0.000955   -1e-05   -0.000481   -4.2e-05   0.000107   -8e-05   -9e-05   0.000748   6.5e-05   4.9e-05   5.9e-05   -0.000914   -0.00033   -8.2e-05   0.000752   0.000183   -0.001288   0.000179   0.000788   -0.000284   -0.001184   -0.000731   -0.000572   0.000625   0.00039   0.002159   -8.2e-05   -7.8e-05   0.000268   0.000225   -0.000101   4.8e-05   -0.000574   4.6e-05   0.000431   -0.000622   -0.000649   -0.0   -1.3e-05   -0.0   -8.2e-05   -5.5e-05   -0.000346   -0.000275   4e-06   1e-05   1.0   
PDF_19 (0.9944815)   -0.000113   3e-06   -3.2e-05   -4.1e-05   4e-06   5.8e-05   8e-06   -7e-06   5e-05   -6.9e-05   -7.2e-05   -7e-06   -0.000102   -2e-06   -1.1e-05   -8.4e-05   -2.3e-05   -1e-05   -4e-06   -5.8e-05   -5e-06   2e-06   -8e-06   -6e-05   -4.4e-05   -2.8e-05   -8e-06   -8e-06   -8e-06   -2e-06   -1.8e-05   1.3e-05   -6.2e-05   -2.9e-05   3.6e-05   -2.1e-05   -5.2e-05   -3.9e-05   -1.2e-05   -5.4e-05   4.5e-05   6e-06   -1.2e-05   -2.8e-05   5e-06   1.4e-05   -0.000117   -1.7e-05   2e-06   -3e-06   2.6e-05   -3.9e-05   -7.3e-05   2e-06   1.1e-05   -5.7e-05   -0.000124   -9e-06   -4.8e-05   -1.8e-05   -3.5e-05   1.6e-05   -5e-06   -5.3e-05   -4e-06   -1.3e-05   -1.3e-05   -1.8e-05   -1.1e-05   -0.0   -4e-05   0.0   -5e-06   0.0   0.0   -1.7e-05   -0.0   -3.4e-05   -1.4e-05   1.0   
PDF_2 (0.9944805)   -0.000223   1e-06   1.2e-05   -9.8e-05   -0.000189   0.000122   2.9e-05   -2e-06   2.8e-05   7.7e-05   -4.5e-05   -0.000133   -7.6e-05   -0.000178   -0.000166   0.000108   -7.2e-05   -1.3e-05   2e-05   2.6e-05   -8e-05   -2e-06   -0.000115   -0.000107   -1.6e-05   -9.8e-05   2.2e-05   7e-06   -1.1e-05   2.2e-05   7.8e-05   -1.5e-05   0.000184   2.1e-05   2.6e-05   1.2e-05   -0.0   -2.4e-05   -5.9e-05   6e-06   5.7e-05   -2.2e-05   -1.9e-05   -4e-05   -2.4e-05   -3e-05   -8.4e-05   -1.4e-05   -3.2e-05   -2.2e-05   9e-06   -0.000174   -0.000111   2.6e-05   -3.6e-05   -0.000131   -0.000193   -3.1e-05   -8e-05   -0.0   -3.9e-05   4.2e-05   -3e-05   0.000112   3e-06   1.9e-05   -1.6e-05   2.4e-05   -1.7e-05   -0.0   -1.3e-05   -0.0   -6.3e-05   1e-05   9e-06   -4e-06   2e-06   3.7e-05   1e-06   -8e-06   1.0   
PDF_20 (1.007851)   0.000446   0.001087   -0.000178   0.000191   -0.002299   0.000308   0.000354   -0.000263   0.001589   2.3e-05   0.000824   -0.000125   -0.000743   0.000193   -0.000146   -0.000819   0.000429   -0.000724   0.000189   -0.000422   0.000457   -0.001141   -0.001306   -0.00053   0.000106   -0.001489   -0.000825   -0.00118   -0.000485   -3.2e-05   0.001333   -0.000178   0.00046   -0.000344   -0.000687   0.000524   0.000241   -0.000118   -0.000135   0.001071   -0.001148   0.000276   6.8e-05   -0.0013   -0.000224   -1.7e-05   0.001246   0.000195   -0.001112   0.000176   -0.002258   -8.4e-05   -0.001369   -0.001041   -0.00082   0.00032   0.000493   4.3e-05   -7.1e-05   -0.000118   0.00018   0.000141   -0.000112   -1.4e-05   -0.000378   0.000132   0.000485   0.000854   -0.000443   -0.0   -0.0   -0.0   -4.8e-05   -1.9e-05   -0.00028   -0.000232   1e-06   1.1e-05   -0.000235   -1.9e-05   -3.1e-05   1.0   
PDF_21 (0.9950335)   0.000223   0.000218   1.5e-05   0.00012   0.000451   -0.000257   -0.000123   8.1e-05   -0.000378   0.000506   -4.3e-05   3.6e-05   0.000363   0.000339   0.000401   0.000424   -0.000135   -4.5e-05   0.0   -2e-06   -8.6e-05   -3.5e-05   -0.000529   7.7e-05   -6.5e-05   -7.8e-05   0.000182   0.000186   0.000275   -0.000138   -0.000436   -0.00014   -0.001142   3.3e-05   -2.8e-05   -0.000206   5e-06   -0.000123   -1.5e-05   -0.00013   6e-05   3.3e-05   -8e-06   0.000528   4.8e-05   -0.000102   0.000562   -6.5e-05   0.000124   7e-06   0.000131   8.8e-05   0.000558   -0.000146   -2.9e-05   3.6e-05   0.000133   -0.000202   -4.7e-05   -0.000211   5.1e-05   2.5e-05   -1.3e-05   -2.6e-05   8.3e-05   2.3e-05   -0.000218   0.000299   -2.7e-05   0.0   2e-06   -0.0   -2e-06   4e-06   8e-06   6e-06   3e-06   3e-06   6e-06   -0.0   -0.0   9e-06   1.0   
PDF_22 (0.995119)   -0.000242   -0.000171   -4e-06   5e-06   -0.00038   5e-05   3e-05   -1.4e-05   9.2e-05   0.0002   0.000165   -6.8e-05   -0.000526   -0.000329   -0.000452   -0.000617   0.000166   -7.2e-05   5.6e-05   4.2e-05   0.000107   0.000133   0.000433   -6.6e-05   6.7e-05   -0.000141   -0.000301   -0.000159   -0.000198   0.000133   0.000312   0.000141   0.000929   1.7e-05   -4.1e-05   0.00018   2.2e-05   7.5e-05   0.000222   0.000275   -0.000245   9e-05   4.7e-05   -0.000209   -0.000115   7.7e-05   -0.000253   0.000127   -0.000127   -1.1e-05   0.000103   -2.9e-05   -0.000517   -9.4e-05   1.7e-05   -6e-05   -0.00018   0.000252   -5e-06   0.000201   -0.00012   -4e-05   -1.4e-05   1.2e-05   -1.5e-05   -1.8e-05   -0.000111   -0.000113   5.8e-05   0.0   2e-06   0.0   -2e-05   2.7e-05   8e-06   -1.4e-05   8e-06   1.3e-05   -1e-05   -3e-06   7e-06   -1.6e-05   2.1e-05   1.0   
PDF_23 (0.994515)   -3.9e-05   4.8e-05   -1.1e-05   2.8e-05   0.000137   -5e-05   -3.2e-05   7e-06   -2.4e-05   -6.2e-05   -1.2e-05   4.4e-05   -6.9e-05   3.3e-05   5e-05   3.7e-05   -9.3e-05   -1.7e-05   8e-06   -1e-05   -9e-06   2e-05   2.9e-05   -2e-05   -6e-06   1.3e-05   -8e-06   -9e-06   -1e-05   2e-05   2.5e-05   1.1e-05   -7.4e-05   -2.1e-05   -1.8e-05   -4e-06   -9e-06   -5e-06   3.5e-05   -8e-06   -2e-05   1.8e-05   0.0   5.2e-05   1.7e-05   1.2e-05   -3.8e-05   -2e-06   -1.3e-05   2e-06   -2.6e-05   0.000102   9e-05   -1.7e-05   4e-05   3.1e-05   -2.1e-05   0.000111   5e-06   1e-05   -7.5e-05   0.000132   5e-06   -2e-05   7e-06   -1e-06   6e-06   -3.3e-05   -3.2e-05   -0.0   -1.6e-05   -0.0   -9.3e-05   -9e-06   1.8e-05   -1e-05   1.7e-05   1e-05   3e-06   -6e-06   -1.6e-05   4e-06   1e-06   3e-05   1.0   
PDF_24 (0.9944635)   -2.8e-05   2e-05   4e-06   9e-06   2.8e-05   -2e-05   -1.5e-05   1.2e-05   -4.9e-05   2.6e-05   -9.7e-05   6.2e-05   -6.1e-05   9e-05   0.000132   -7.2e-05   -6.9e-05   -2.4e-05   4e-06   -2e-05   -1e-05   9.4e-05   -4.3e-05   -1e-05   -1.1e-05   -6.1e-05   1.3e-05   -1.6e-05   -2.3e-05   4e-05   4.8e-05   1.8e-05   -5e-05   -2.6e-05   -5e-06   1.9e-05   1.3e-05   -3e-06   2.6e-05   -2.6e-05   1.2e-05   2e-05   2e-06   3.8e-05   8e-06   1.7e-05   -5.8e-05   1e-06   -2.8e-05   2e-06   -8.9e-05   0.000103   0.000173   5e-06   2.9e-05   -6e-06   -3e-05   5e-05   -3.2e-05   2.9e-05   -2.6e-05   -3e-06   -3.8e-05   -2.5e-05   1.7e-05   1.8e-05   -4.8e-05   -3e-06   -2.6e-05   0.0   1.1e-05   -0.0   -5.6e-05   2.3e-05   1.6e-05   -1e-06   1.5e-05   2.5e-05   1e-06   -1e-06   6e-06   -3.3e-05   -1e-06   2e-05   0.000116   1.0   
PDF_25 (0.99445)   -6.5e-05   -7.2e-05   1.3e-05   4e-06   -2.3e-05   -2e-05   1.2e-05   1.3e-05   2e-05   2e-05   -3.6e-05   8e-05   6.7e-05   6.6e-05   8.3e-05   5.3e-05   2e-06   -6e-06   1.9e-05   5e-06   -3e-06   -6e-06   -5.4e-05   -0.000115   2e-05   -3.6e-05   -4e-06   6e-06   -1e-05   -1.2e-05   6.3e-05   1.6e-05   5.9e-05   -6.6e-05   -7e-06   2.9e-05   -4.9e-05   1.8e-05   -4.6e-05   -3.7e-05   -1.1e-05   7e-06   -9e-06   4.7e-05   6e-06   4e-06   -1.7e-05   6e-06   -2.1e-05   7e-06   -4e-05   3.7e-05   -4.4e-05   7e-06   4.2e-05   -3.6e-05   3.1e-05   0.000134   -4.7e-05   -2.1e-05   5.6e-05   2.3e-05   3e-06   0.000107   4e-06   8e-06   -2.9e-05   -7e-06   1e-06   -0.0   1.1e-05   -1e-06   6e-06   2.4e-05   -3e-06   -1e-06   6e-06   1.7e-05   6e-06   -3.4e-05   -7e-06   8e-06   -1e-06   8e-06   -0.0   -2e-06   1.0   
PDF_26 (0.994529)   8.5e-05   4.4e-05   -5e-06   2.1e-05   9.3e-05   -7e-05   7e-06   1.8e-05   -9.8e-05   2.1e-05   4.9e-05   -9e-06   -7e-06   -2.5e-05   -2e-05   4e-06   -9.6e-05   -1e-05   2.5e-05   -4.6e-05   3e-06   1.2e-05   2e-06   -7e-06   -7e-06   6e-06   1e-05   1e-06   -8e-06   6e-06   -1e-05   7e-06   -4.4e-05   3e-06   -2e-05   2.4e-05   7e-06   1e-06   7e-06   1e-05   2e-05   1.5e-05   2e-06   0.00011   -8e-06   -7e-06   2e-05   1.5e-05   -1.9e-05   -4e-06   -4.4e-05   0.000114   0.000102   0.0   2.3e-05   2.5e-05   -1.4e-05   3.1e-05   7e-06   2.1e-05   -3.8e-05   -2.2e-05   -3e-06   5e-06   -7e-06   -6e-06   -1e-05   -3e-06   -1.9e-05   -0.0   0.0   -0.0   1.8e-05   1.4e-05   1e-06   -7e-06   -0.0   2.2e-05   -4e-06   -6e-06   1e-06   -2.2e-05   3e-06   3e-05   -1e-06   3e-06   0.0   1.0   
PDF_27 (0.99451)   -0.000245   -0.000152   -5.5e-05   -3.8e-05   -0.000142   8.6e-05   6e-06   -2.1e-05   5e-06   3.9e-05   0.000128   -9.5e-05   -4e-05   -0.000105   -8e-05   -4.1e-05   -0.000123   -1.7e-05   -6.3e-05   -5e-05   -3.9e-05   -4.3e-05   3.3e-05   -7.4e-05   -2.5e-05   -8.9e-05   -2.1e-05   -4.6e-05   -3e-05   -1.5e-05   4.9e-05   -1.3e-05   -0.000193   -2.1e-05   3e-05   9e-06   -4.6e-05   -4.7e-05   -0.000125   -2.1e-05   4.7e-05   -1e-06   -9e-06   -0.000102   -3e-06   -3e-06   -0.00014   -4e-06   -5.4e-05   -5e-06   0.000121   -0.000139   -0.0001   -3.5e-05   -5.3e-05   -9.7e-05   -8.8e-05   -0.000215   -6.2e-05   -7e-06   -4.2e-05   -1.6e-05   -2.7e-05   -4.8e-05   -6e-06   -2.7e-05   -2.5e-05   -1.4e-05   -5e-06   -0.0   1e-06   -0.0   -0.000134   -1.8e-05   4e-06   -2.7e-05   3e-06   2.6e-05   -1.8e-05   5e-06   -7.8e-05   -3.8e-05   -0.0   -1.2e-05   -3.1e-05   -5.3e-05   8e-06   9e-06   1.0   
PDF_28 (0.9945045)   -0.0003   -2.3e-05   1e-05   -0.000159   -0.000187   9.1e-05   5.8e-05   -1.6e-05   6e-05   5.6e-05   -3.9e-05   -0.000131   -0.000125   -0.000235   -0.00035   -4.8e-05   -2.8e-05   -3e-05   -1.4e-05   -0.000122   -8.5e-05   -4.6e-05   3e-06   -0.000116   -7.5e-05   -9.8e-05   1.6e-05   -3.3e-05   -2.9e-05   -2.8e-05   4.8e-05   -2.4e-05   0.000389   1e-06   4.8e-05   -2.1e-05   -0.000112   -6e-05   -9e-05   -6e-05   0.000138   -3.4e-05   -3.7e-05   2.9e-05   -2e-05   -1.8e-05   -0.000117   -1.5e-05   -5.7e-05   -2.8e-05   1e-05   -0.000261   -0.00031   -1.6e-05   -3.2e-05   -0.00012   -0.000204   -4.4e-05   -0.000103   -4.7e-05   -1.7e-05   8.7e-05   -3.7e-05   0.00016   -1e-05   -2.5e-05   5.8e-05   -0.000122   -3.2e-05   -0.0   -4e-05   0.0   -7.3e-05   2e-05   4e-06   -4.4e-05   -0.0   1.2e-05   -4.9e-05   -5.2e-05   1e-05   -4.4e-05   -1e-06   -2.1e-05   -1.4e-05   -7e-06   -1.4e-05   -6e-06   -6.5e-05   1.0   
PDF_29 (1.010504)   -0.003824   -0.004826   5.2e-05   0.001303   -0.002249   0.001962   0.000325   -0.000491   0.000642   0.001466   -0.000583   -0.00055   -0.000664   0.000644   -0.001345   0.002086   -0.001844   0.001062   -0.000881   0.001354   -0.000623   0.001149   -0.002387   -0.000181   -0.000123   0.00563   -0.0019   0.002907   0.000846   -0.000844   -0.007266   0.000193   -0.00051   -0.000402   0.00171   -0.000762   0.00029   0.000379   0.001514   -0.002537   0.000519   -0.000265   -0.000286   0.001393   0.000719   0.000447   0.000454   -3.3e-05   0.004619   -0.000324   -0.002749   0.001098   -0.019919   0.002233   -0.002296   -0.00173   0.000327   -0.010487   0.000779   -0.000182   -0.000456   -0.000266   0.000318   4.8e-05   0.000838   0.00035   0.00017   0.002083   0.00048   -1e-06   -3.6e-05   1e-06   8.6e-05   0.0002   0.000593   0.000402   9e-06   2.5e-05   0.000385   -4e-05   1.5e-05   0.000241   -3.9e-05   6e-05   -5e-06   1e-06   -1e-06   -3e-06   -4.9e-05   -9e-05   1.0   
PDF_3 (0.9944905)   -0.000263   3.4e-05   3e-06   -9.2e-05   -0.000213   0.000143   1.4e-05   -9e-06   1e-05   0.000101   -1e-05   -0.000127   -3.6e-05   -0.000199   -0.000202   1.9e-05   -7.1e-05   -2.1e-05   -1.8e-05   -1.6e-05   -8.7e-05   -1.9e-05   -0.000133   -0.000114   -3e-06   -9.1e-05   2.2e-05   0.0   -8e-06   2.5e-05   7.7e-05   1.6e-05   0.00022   3e-06   5.6e-05   -9e-06   -2.2e-05   -3.7e-05   -2e-06   -6e-06   8.9e-05   -2.3e-05   -2.6e-05   3.7e-05   -9e-06   -9e-06   -1.7e-05   -3.8e-05   -1.4e-05   -3e-05   -1e-05   -0.000126   -0.00013   3e-05   -1.2e-05   -0.000116   -0.000177   3e-05   -5.4e-05   -6e-06   -0.000111   6e-05   -6.2e-05   4.9e-05   2e-05   6e-06   3.7e-05   -3e-05   -2.3e-05   -0.0   1e-06   -1e-06   -8.3e-05   4.1e-05   2e-05   -3e-06   1.7e-05   1.6e-05   -1e-06   -1.1e-05   4e-06   -2.5e-05   -0.0   1.5e-05   1.2e-05   3.8e-05   -1.7e-05   2.3e-05   -2.9e-05   -1.1e-05   -1e-06   1.0   
PDF_30 (0.994525)   -0.000158   9.5e-05   3.4e-05   -8.8e-05   -8.2e-05   8.9e-05   8e-06   6e-06   -7e-05   7.1e-05   8e-06   -0.000125   -0.000167   -0.000167   -0.000147   -0.000122   3e-06   -3.4e-05   5e-05   2.3e-05   -4.7e-05   -7.6e-05   0.00011   -8.2e-05   4.3e-05   -9e-05   -1.7e-05   2.6e-05   1.1e-05   6.4e-05   8.8e-05   -3.1e-05   9e-05   -1.6e-05   6.4e-05   6.8e-05   -5.3e-05   -1.5e-05   -5.7e-05   -2.8e-05   5.3e-05   1.1e-05   -4.2e-05   -1.2e-05   -1.1e-05   -8.3e-05   -4.4e-05   2.5e-05   -4.3e-05   -2.6e-05   0.000103   -0.000106   1.5e-05   4e-05   -6.8e-05   -0.000104   -0.000144   -9.3e-05   -6.6e-05   3e-06   -5.9e-05   2.2e-05   -5e-05   5.9e-05   -7e-06   1.2e-05   -0.000117   7.5e-05   -2.1e-05   -0.0   0.0   -0.0   -6.5e-05   5.3e-05   8e-06   1e-06   2e-06   1.1e-05   1.2e-05   -4.8e-05   3.4e-05   -1.5e-05   2e-06   1.6e-05   1.3e-05   1.6e-05   1.3e-05   2.6e-05   -1.7e-05   -5.5e-05   4.9e-05   5e-06   1.0   
PDF_31 (0.994467)   -0.000123   3e-06   -1.9e-05   -1e-05   -0.000182   9.3e-05   1.5e-05   -5e-06   -1.7e-05   9.4e-05   -0.000135   -2e-05   -0.000141   -4e-05   -0.000135   3.8e-05   -0.000109   1e-05   -3.1e-05   -3.9e-05   -5.7e-05   1.8e-05   -0.00012   -0.000127   -2.7e-05   -1.3e-05   1.7e-05   8e-06   -2.7e-05   -5.9e-05   5.7e-05   3.3e-05   5.5e-05   -2.5e-05   3.5e-05   -6.6e-05   -2.7e-05   -1.8e-05   -5.1e-05   -1.6e-05   6e-06   -4e-05   5e-06   5.6e-05   -2.2e-05   6.3e-05   1.7e-05   -4.7e-05   4e-06   -2.7e-05   1e-06   -6.9e-05   -0.000202   2e-06   5.7e-05   -3.4e-05   -0.000165   0.000131   -6.7e-05   -3.3e-05   -4.9e-05   7.4e-05   2.5e-05   -3.5e-05   4e-06   -3.9e-05   0.000137   -3.9e-05   -3.4e-05   0.0   -3.4e-05   0.0   -0.000107   3.6e-05   -2e-06   -1.7e-05   2e-06   -1.5e-05   -1.1e-05   -3.5e-05   4e-06   -4e-05   2e-06   1.4e-05   -0.0   6e-06   -4.2e-05   6e-06   -5e-05   -6.2e-05   -1.9e-05   -1.5e-05   -1.2e-05   1.0   
PDF_32 (0.993016)   0.000103   0.000241   -1e-06   -3.5e-05   -8e-06   -8e-06   -6e-06   8e-06   -2.5e-05   6e-06   5.7e-05   -1.1e-05   5.1e-05   -9e-05   -0.000287   -3.5e-05   -6e-06   1.7e-05   -3.2e-05   -4.4e-05   -5.1e-05   -0.000104   -0.000376   -4.8e-05   -1e-05   3.3e-05   1.1e-05   2.4e-05   -3.6e-05   -7.4e-05   -4.1e-05   -4e-06   0.000317   2.3e-05   3.9e-05   -6.5e-05   -4e-05   -1.3e-05   3e-05   -6.5e-05   3.3e-05   -4.1e-05   -1.3e-05   0.00031   -1.7e-05   3e-05   0.000166   -2.8e-05   3.7e-05   -2.1e-05   -0.000268   -5.6e-05   -1.1e-05   6.4e-05   -6.3e-05   -4.1e-05   0.000132   -0.000158   -3.6e-05   -2.4e-05   -4.5e-05   -4e-06   -1.6e-05   5.4e-05   -2.9e-05   -7.3e-05   0.000179   -0.000144   -2.5e-05   -0.0   2e-06   0.0   -1.7e-05   1.4e-05   5e-06   -8e-06   3e-06   1.5e-05   -7e-06   -1.6e-05   -2e-06   -4e-06   3e-06   -5e-06   -2e-06   -4e-06   3e-06   7e-06   -2.3e-05   -2.4e-05   6e-06   -4e-06   1.5e-05   -6e-06   1.0   
PDF_33 (0.9945715)   -0.000146   -9e-05   -2.9e-05   -3.1e-05   7.8e-05   4e-05   1.4e-05   -3e-06   -8.7e-05   -3e-06   -4.3e-05   -9e-05   -9.4e-05   -4.7e-05   5.6e-05   7e-06   -5e-06   -2.4e-05   3e-06   -7.9e-05   -2.2e-05   -2e-05   0.0003   -4.9e-05   -3.5e-05   -0.000114   -4.4e-05   -4e-06   1e-05   9.2e-05   -3e-05   -5.7e-05   -9.5e-05   -4e-06   2e-05   2.6e-05   3.2e-05   -2.1e-05   1e-06   1.9e-05   7.9e-05   2.1e-05   -2.7e-05   -8e-06   3e-06   -8.7e-05   -0.000181   5.3e-05   -4e-05   -2e-06   7e-05   -2.2e-05   0.000253   2.3e-05   -0.00015   -2.2e-05   -0.000101   -0.000335   -3.1e-05   6e-06   9e-06   6.3e-05   -1.4e-05   5.7e-05   -2e-06   1.2e-05   -0.000182   -5.7e-05   8e-06   -0.0   -5e-06   0.0   -3.5e-05   2e-06   5e-06   -1.6e-05   7e-06   7e-06   -1.2e-05   -0.0   -2.6e-05   -8e-06   -2e-06   2e-06   4e-06   1.3e-05   -3e-06   1.4e-05   -1.9e-05   -2.4e-05   -1.9e-05   -2.5e-05   -1.9e-05   3e-06   -9e-06   1.0   
PDF_34 (0.994496)   -0.000125   0.000109   1.1e-05   -8.3e-05   -0.000114   -6e-05   4e-06   -5e-06   -1.4e-05   9.1e-05   3e-05   -6.2e-05   -6.7e-05   -0.000147   -0.000123   1.4e-05   -4.5e-05   -2e-06   -3.4e-05   -4.5e-05   -7.6e-05   -5.8e-05   -1.7e-05   -7.1e-05   2.7e-05   2e-06   -1.1e-05   -4.2e-05   7e-06   -6.6e-05   5.4e-05   7.9e-05   0.000105   -1.8e-05   -6.1e-05   5e-06   -0.000142   -3.2e-05   3.8e-05   -8e-06   0.000114   1e-06   -3.2e-05   2e-05   1.2e-05   3.8e-05   9.9e-05   -7.1e-05   -3.4e-05   -3.6e-05   7.4e-05   -0.00016   -0.000138   -1.9e-05   -1.5e-05   -8.1e-05   -0.000194   -5.2e-05   -1.7e-05   2.4e-05   -8.8e-05   8.7e-05   -4.9e-05   8.2e-05   2.3e-05   -4e-06   2.8e-05   -3.2e-05   -1.9e-05   0.0   1e-05   0.0   -7.2e-05   2e-06   2.2e-05   -2.7e-05   2.1e-05   1e-05   -2.8e-05   -1e-06   1.2e-05   -2.4e-05   -0.0   -6e-06   1.7e-05   2.8e-05   5e-06   2.8e-05   -7.3e-05   -7.8e-05   -1.3e-05   2.3e-05   -6.8e-05   -1.7e-05   -3.7e-05   -1.7e-05   1.0   
PDF_35 (0.9944795)   -8.9e-05   -3.6e-05   -2.3e-05   -7.5e-05   3.7e-05   4.4e-05   -8e-06   2.3e-05   -2.3e-05   -3e-05   -1.5e-05   -0.00012   -0.00016   -9e-05   -1.9e-05   -0.000164   0.0   -5.3e-05   4.5e-05   -7e-06   -2.1e-05   2.5e-05   0.000177   -3.8e-05   -8e-06   -0.00012   -2.2e-05   9e-06   -3e-06   8.2e-05   2.9e-05   -5.2e-05   -3.7e-05   -1e-06   5.7e-05   3e-05   1.8e-05   -1.5e-05   7e-06   6e-06   3.5e-05   2.3e-05   -2.8e-05   -0.000136   -6e-06   -8.8e-05   -0.00021   5.3e-05   -3.1e-05   -2.3e-05   -2.2e-05   -4.9e-05   0.000106   4.8e-05   -0.000107   -2.5e-05   -8.4e-05   -0.000194   -2.9e-05   9e-06   -5.4e-05   -4e-06   -5.2e-05   -3e-05   3e-06   -4e-06   -0.00015   7e-06   -2e-06   0.0   2e-06   0.0   -3.1e-05   1.9e-05   1.2e-05   -1e-05   7e-06   7e-06   -3e-06   0.0   -1e-06   -1.1e-05   -1e-06   6e-06   6e-06   1.4e-05   1e-06   1.9e-05   -9e-06   -3e-05   2e-06   1.6e-05   3e-06   -6e-06   -3e-06   -7e-06   -1.3e-05   1.0   
PDF_36 (0.994466)   -8.4e-05   -8e-06   -4.2e-05   -8e-06   2e-06   6.5e-05   -1.3e-05   -6e-06   3e-06   -2.9e-05   1.7e-05   2e-05   -5.4e-05   -1.9e-05   -0.000129   -7.8e-05   -1.4e-05   -3e-06   2.5e-05   -8.3e-05   1e-06   2e-06   -2.3e-05   -5.2e-05   -2.5e-05   -1.6e-05   1.2e-05   3e-06   -1.7e-05   -2.8e-05   -5e-06   -0.0   3.8e-05   -2.3e-05   2.6e-05   -4.6e-05   -2.7e-05   -1.9e-05   -9e-06   -2.3e-05   3e-06   -1.3e-05   1e-06   0.000112   4e-06   3.2e-05   -1e-05   3e-06   2e-06   -1.1e-05   -1e-06   3.1e-05   -7.8e-05   -1e-06   3.9e-05   -2.7e-05   4.2e-05   0.000153   -2e-05   -3.6e-05   -5.2e-05   1.9e-05   8e-06   -6.3e-05   -8e-06   -2.8e-05   0.000126   -6.3e-05   -3e-06   -0.0   -3.4e-05   -0.0   -4.5e-05   1.9e-05   1e-06   -2e-05   2e-06   -2.7e-05   -8e-06   -4.7e-05   -1e-05   -7e-06   2e-06   7e-06   1.4e-05   5e-06   -4.2e-05   1.7e-05   2.5e-05   -5.4e-05   -1.9e-05   1e-06   -2.1e-05   -1.3e-05   -7e-06   9e-06   0.0   -2e-06   1.0   
PDF_37 (0.9943875)   0.000652   0.000692   3.4e-05   -0.000345   0.000115   0.000932   0.000207   -6.2e-05   0.000611   -0.000401   -0.000549   4.3e-05   0.000254   2.1e-05   -0.000348   0.000491   6.2e-05   0.00018   -0.000109   -0.000635   -0.000169   -5.5e-05   0.005495   0.00012   8.2e-05   -0.000341   -0.000149   0.000212   -6.1e-05   0.00028   0.000282   -0.00031   0.001174   -4.8e-05   -0.000212   0.000208   0.000291   -0.000155   4.5e-05   2.5e-05   -5e-05   -7.9e-05   2.7e-05   0.001579   0.000121   -0.000323   -0.000824   0.000106   -3.1e-05   -4e-05   -0.001709   9.8e-05   -0.000537   8.2e-05   -0.000222   4.5e-05   -0.000211   1.6e-05   8e-06   -0.000123   -0.000139   -7.3e-05   -0.000128   -0.000146   -2.8e-05   -9.5e-05   0.000619   -0.000254   -0.000137   -0.0   2e-06   0.0   -2.8e-05   1.7e-05   2e-06   3e-06   4e-06   1.7e-05   0.0   -0.0   1e-05   -8e-06   3e-06   7e-06   6e-06   7e-06   9e-06   6e-06   -1.8e-05   2e-06   1.6e-05   1.6e-05   1.4e-05   7e-06   1e-06   3e-06   6e-06   9e-06   -2e-06   1.0   
PDF_38 (0.994431)   -0.00019   -0.000188   -1e-05   -7.6e-05   -6e-06   0.000313   7.2e-05   -3e-06   -3.5e-05   -6.4e-05   -5.5e-05   -2.1e-05   3.7e-05   -9.1e-05   -4e-05   0.000184   5.2e-05   3.5e-05   -9.1e-05   -7e-06   -8e-06   -6e-05   -1.5e-05   -1.5e-05   7e-06   0.000117   6.4e-05   -6.7e-05   2e-05   7.1e-05   0.000137   5.4e-05   0.000175   -2.3e-05   7.7e-05   -8.6e-05   4.3e-05   -6.7e-05   -8.5e-05   -6.5e-05   9.8e-05   3e-06   -2.9e-05   -0.000208   2.3e-05   7e-05   -0.0004   -5.4e-05   -1.4e-05   -1.8e-05   -0.000211   -1.8e-05   -0.000291   1.8e-05   -0.000181   3.2e-05   -0.000204   -0.000236   1.6e-05   7e-05   -6.7e-05   7e-06   -2e-06   2.2e-05   1e-05   -1.1e-05   -0.000125   -9e-06   4e-06   -0.0   -4e-06   -0.0   -2.6e-05   2.1e-05   8e-06   -1e-05   6e-06   4e-06   -7e-06   -5e-06   -2.6e-05   -6e-06   -1e-06   1e-06   1.1e-05   1.6e-05   1e-06   1.1e-05   -2.1e-05   -3.1e-05   -2.1e-05   -2e-05   -1.9e-05   -1.5e-05   -9e-06   -1e-06   -1.2e-05   -4e-06   4e-06   4e-06   1.0   
PDF_39 (0.994515)   -3.5e-05   -1.9e-05   3e-06   -5.8e-05   -6.7e-05   4.7e-05   3e-06   -4e-06   -1.7e-05   3.7e-05   -2.3e-05   -7.5e-05   -4.8e-05   -7.5e-05   -1.5e-05   4e-06   -2.5e-05   3e-06   -1.3e-05   2.5e-05   -3.4e-05   -5.8e-05   2e-06   -2.6e-05   -6e-06   -2.5e-05   -1.4e-05   -7e-06   5e-06   2e-05   3.6e-05   5e-06   -4e-06   -8e-06   3.5e-05   1.7e-05   -2.4e-05   -2.6e-05   -3.5e-05   -3.1e-05   3.6e-05   7e-06   -2.7e-05   -6.7e-05   -9e-06   -7e-06   -5.8e-05   2e-06   -9e-06   -1.3e-05   8.5e-05   -5.4e-05   -1.2e-05   -2e-06   -4.7e-05   -6.5e-05   -0.000122   -0.00012   -5.9e-05   5e-06   -7e-06   2.6e-05   8e-06   2.8e-05   -2e-06   1e-05   -0.000101   3.5e-05   -1.4e-05   -0.0   0.0   0.0   -3.7e-05   6e-06   -2e-06   -0.0   -1e-06   6e-06   -4e-06   -2.1e-05   -8e-06   -1.2e-05   0.0   1e-06   -8e-06   1e-06   -0.0   -3e-06   -3.7e-05   -6e-06   -6e-06   -5e-06   6e-06   -2.2e-05   -2e-06   -1.6e-05   0.0   -3e-06   -2.1e-05   1e-06   -1.4e-05   1.0   
PDF_4 (0.994477)   -0.000333   -2.1e-05   -5.1e-05   -0.000156   -0.000184   9.9e-05   5.4e-05   2e-05   5e-05   4.1e-05   -6.8e-05   -0.000127   -0.000245   -0.000197   -0.000271   -0.000107   -2.6e-05   -3.8e-05   -6e-06   -0.000106   -7.5e-05   -3.9e-05   -1e-06   -0.000131   -6.8e-05   -8e-05   -2.2e-05   -2.8e-05   -1.5e-05   -3.5e-05   5e-05   -3e-06   0.000236   2e-06   7.9e-05   -5.1e-05   -0.000135   -8e-05   -7.6e-05   -6.7e-05   0.000116   -2.3e-05   -3.1e-05   -8.1e-05   -1.5e-05   -1.1e-05   -0.000161   -1.8e-05   -5.6e-05   -3.2e-05   5e-06   -0.000241   -0.000341   -4.2e-05   -3.8e-05   -0.00013   -0.00023   -4.6e-05   -8.5e-05   -3.7e-05   -2.6e-05   4.9e-05   -3e-05   5.9e-05   4e-06   -3.2e-05   3e-05   -4.4e-05   -3.1e-05   0.0   -4.6e-05   -0.0   -5.3e-05   8e-06   8e-06   -4.9e-05   0.0   1.7e-05   -5e-05   -3.9e-05   -6.1e-05   -3.9e-05   4e-06   -2e-05   -1.4e-05   -3e-06   -3.4e-05   -1e-06   -5.4e-05   -0.000118   -5e-05   -8.7e-05   -5.9e-05   -5.9e-05   -2.5e-05   -3.2e-05   -6.8e-05   -2.6e-05   -3.4e-05   9e-06   -2.3e-05   -5e-05   1.0   
PDF_40 (0.994501)   -6.2e-05   0.000116   -1e-05   -0.00012   -9.8e-05   -6.1e-05   1.3e-05   3e-06   1.1e-05   8e-05   -1.2e-05   -0.000119   -8.3e-05   -0.000165   -0.000201   -0.000124   -2.2e-05   -4.3e-05   1e-06   -0.000124   -7.8e-05   -2.6e-05   1e-06   -7.3e-05   1.1e-05   -0.000107   -9e-06   6e-06   -1.8e-05   -1.2e-05   8.9e-05   -1e-05   0.000207   0.0   7e-06   1.1e-05   -4.6e-05   -4e-05   1.6e-05   -7e-06   8.6e-05   -8e-06   -2.3e-05   8.4e-05   2e-06   -1.9e-05   -8.4e-05   -1.3e-05   -6e-05   -3.2e-05   2.7e-05   -0.000101   1.1e-05   -2.7e-05   -2.5e-05   -6.6e-05   -0.000145   -4.4e-05   -4.7e-05   -1.9e-05   -7.8e-05   2.1e-05   -5.5e-05   3.4e-05   1e-05   1e-06   -1.2e-05   -5.2e-05   -2.3e-05   0.0   0.0   0.0   -6.2e-05   2.3e-05   1e-05   -1.9e-05   -0.0   2.8e-05   -2.6e-05   -1.1e-05   1.2e-05   -1.7e-05   -3e-06   -4e-06   2.8e-05   2.3e-05   1.1e-05   6e-06   -5.7e-05   -6.8e-05   -7e-06   2.9e-05   -5.1e-05   1e-06   -2.9e-05   -1.1e-05   -3.4e-05   -7e-06   -1.1e-05   9e-06   -9e-06   -2e-06   -7.3e-05   1.0   
PDF_41 (0.9944895)   -0.000275   -0.000103   -2.6e-05   -0.000116   -0.000129   7.1e-05   2.2e-05   -4.2e-05   0.000104   -1.9e-05   2.6e-05   -0.000118   -7.4e-05   -0.000148   -0.000207   -2e-05   -9.3e-05   -4.5e-05   -6.2e-05   -2.9e-05   -5.2e-05   -2.2e-05   6e-06   -0.000145   -6.9e-05   -7.4e-05   -0.0   -2.1e-05   -4.7e-05   4e-06   1.7e-05   -3.1e-05   6.7e-05   -2.2e-05   6.1e-05   -3.5e-05   -3.7e-05   -5.9e-05   -0.000135   -0.000121   5e-05   -2.6e-05   -1.1e-05   -9.7e-05   -1.7e-05   -3.9e-05   -0.000187   7e-06   -6.6e-05   -1.7e-05   3.5e-05   -0.000214   -0.000296   -2.8e-05   -4.1e-05   -7.6e-05   -0.000108   -0.000111   -0.000125   -6.3e-05   1.2e-05   -0.0   -3.5e-05   1.6e-05   -1e-06   -2.9e-05   4.9e-05   -4.8e-05   -1.1e-05   0.0   6e-06   -0.0   -7.8e-05   -2e-05   -2e-05   -2.3e-05   -0.0   -3.3e-05   -2.9e-05   -4e-05   -6.1e-05   -1.7e-05   -1e-06   -2.1e-05   -6.5e-05   -4.5e-05   -4.8e-05   -6e-05   -5.1e-05   -5.3e-05   -4.8e-05   -7.3e-05   -5.4e-05   -5.6e-05   -2.3e-05   -1.9e-05   -6.2e-05   -3.1e-05   -4.3e-05   -2.3e-05   -2.6e-05   -3e-05   -5.6e-05   -4.5e-05   1.0   
PDF_42 (0.9936015)   -3.1e-05   5.2e-05   7e-06   -5.3e-05   -0.000109   9.4e-05   1.4e-05   -8e-06   1.9e-05   4.5e-05   -1e-05   -1.9e-05   5.2e-05   -6.7e-05   0.000112   -0.000165   -7.4e-05   1.8e-05   3e-06   7e-06   -5.1e-05   -7e-06   -0.000202   -4.9e-05   -1.5e-05   -5.7e-05   -4.5e-05   6e-05   -1e-06   8.9e-05   0.000128   -1.1e-05   -0.000132   0.000121   0.000187   0.000114   1e-05   -9.1e-05   -2.1e-05   -8.7e-05   0.000273   -9e-06   -2.9e-05   -0.000227   2.5e-05   -3.1e-05   0.000142   4.9e-05   8e-05   -6e-06   7.3e-05   -5.4e-05   4.7e-05   3.7e-05   -3.3e-05   -6.7e-05   5.8e-05   4.7e-05   -4.5e-05   3.7e-05   5.7e-05   6.1e-05   -4e-05   3.9e-05   -1e-05   0.000103   7.3e-05   0.000154   2.1e-05   0.0   0.0   -0.0   -1.8e-05   1.5e-05   4e-06   -8e-06   2e-06   8e-06   -1.2e-05   -1.8e-05   3e-06   -9e-06   1e-06   -6e-06   5e-06   1e-06   1.1e-05   4e-06   -2.7e-05   -3.8e-05   1e-06   -1e-06   8e-06   -1.5e-05   -9e-06   -9e-06   -2.6e-05   -3e-06   -1.8e-05   5e-06   -1.1e-05   1e-06   -3.9e-05   -2.9e-05   -2e-05   1.0   
PDF_43 (0.9945695)   0.00011   9e-05   -2.1e-05   -7.3e-05   9.4e-05   5.8e-05   -2.1e-05   7.4e-05   -0.00026   -0.000271   0.000187   -0.000168   7.9e-05   -0.000426   -0.000576   8.1e-05   -6.2e-05   -1.4e-05   -0.000142   -0.000339   -1.7e-05   4e-06   0.000138   1.6e-05   3.7e-05   -0.000186   -5.1e-05   7.2e-05   2.4e-05   -4.2e-05   1.5e-05   7.1e-05   0.000378   -2e-05   -8.3e-05   6e-06   -2e-05   -8e-05   0.000265   4.5e-05   -2.1e-05   7.8e-05   2.8e-05   0.00032   -9e-06   -2.2e-05   0.000331   -3e-06   -5.5e-05   1.1e-05   4.8e-05   -0.000112   -0.000164   3.5e-05   -4.4e-05   -0.000158   -0.000167   7.8e-05   -0.000111   -1.4e-05   1.5e-05   0.000155   -3e-05   0.000127   2.9e-05   -3e-06   -7.7e-05   -3.6e-05   -2.1e-05   -1e-06   -3.5e-05   0.0   -9.8e-05   3e-05   8e-06   -1.7e-05   2e-06   5e-06   -3.6e-05   -5.2e-05   1e-06   -3.6e-05   -1.6e-05   -1.8e-05   -2.9e-05   1e-05   -3.7e-05   -7e-06   -4.6e-05   -0.000109   -2e-05   -1.1e-05   -6.3e-05   -5e-05   -4e-05   -2.6e-05   -6.2e-05   -2.2e-05   -4.3e-05   -6e-06   -2.7e-05   -1.5e-05   -0.000103   -5.4e-05   -5.9e-05   -4.4e-05   1.0   
PDF_44 (0.994794)   -0.000112   -1.5e-05   -3.2e-05   -3.3e-05   2e-06   6.5e-05   7e-06   -9e-06   5.9e-05   -7.4e-05   -5.4e-05   6e-06   -9.8e-05   -6e-06   -3.8e-05   -8.7e-05   -2.1e-05   -1.1e-05   -8e-06   -6.1e-05   -7e-06   5e-06   -1.4e-05   -5.4e-05   -4.8e-05   -2.5e-05   -5e-06   -8e-06   -1.1e-05   -7e-06   -2.7e-05   1.1e-05   -3.1e-05   -3.4e-05   2.9e-05   -2.9e-05   -5e-05   -3.7e-05   -2.5e-05   -5.5e-05   3.9e-05   -5e-06   -1.1e-05   -7e-06   6e-06   1.5e-05   -0.000113   -1.7e-05   -1e-06   -3e-06   1.5e-05   -3.5e-05   -9.6e-05   -3e-06   7e-06   -5.2e-05   -9.7e-05   -1.5e-05   -5.5e-05   -2.5e-05   -4.2e-05   9e-06   -8e-06   -4.9e-05   -7e-06   -1.8e-05   1e-05   -3.1e-05   -1.1e-05   -0.0   -4e-05   -0.0   -5e-06   6e-06   -0.0   -1.8e-05   -0.0   -3.4e-05   -1.8e-05   -5.1e-05   -6e-06   -2.1e-05   -0.0   -2e-06   -1.1e-05   0.0   -3.4e-05   -6e-06   6e-06   -5.1e-05   -3.9e-05   -1.1e-05   -4.5e-05   -4e-05   -1.4e-05   0.0   0.0   0.0   -4e-05   -0.0   -4e-06   -1.8e-05   -3.9e-05   -1.1e-05   -4e-05   -2e-05   -5.1e-05   1.0   
PDF_45 (0.9944965)   7.6e-05   9.3e-05   1.8e-05   2.6e-05   0.000165   -4.2e-05   -2.5e-05   3.4e-05   -7.9e-05   -4.5e-05   -6e-05   2.4e-05   -4.8e-05   5.2e-05   8.2e-05   1.4e-05   -9.6e-05   -1.1e-05   2.3e-05   5e-06   -2e-06   2.8e-05   4.5e-05   -4.3e-05   -2e-06   -1e-06   5e-06   -1.3e-05   -1.9e-05   2.5e-05   3.8e-05   2.4e-05   -4.9e-05   -7e-06   -2.8e-05   1.1e-05   -1.9e-05   4e-06   7.3e-05   -1e-06   -2e-05   1.6e-05   1e-06   8.5e-05   1.7e-05   3.3e-05   -2.9e-05   2e-06   -1.9e-05   -0.0   -6e-05   0.000109   0.000261   -0.0   2e-05   7e-06   -8e-06   2.2e-05   0.0   2.6e-05   -3.4e-05   1.3e-05   -9e-06   3e-06   1e-05   5e-06   -2.3e-05   -1.5e-05   -9e-06   -0.0   -1e-06   -0.0   -1.4e-05   8e-06   1.8e-05   -1e-06   1.8e-05   1.7e-05   -8e-06   -0.0   1.2e-05   -3.1e-05   2e-06   3.4e-05   0.000105   7.9e-05   7e-06   6e-05   -4.9e-05   3e-06   -9e-06   3.4e-05   2e-05   -1.4e-05   -5e-06   1.5e-05   2.3e-05   1.4e-05   1.7e-05   7e-06   1.9e-05   -5e-06   -6e-06   -6e-06   3e-06   -3e-06   -5e-06   -1.1e-05   1.0   
PDF_46 (0.992885)   0.00052   0.000609   3.6e-05   -0.00033   0.000135   0.0009   0.000186   -6.2e-05   0.000362   -0.000503   -0.000136   3.1e-05   0.000481   4e-05   0.000658   0.000409   3.1e-05   0.000401   -0.000254   3.2e-05   -0.000103   -0.000153   0.005728   0.000217   0.000105   3.4e-05   -0.000366   0.000111   0.000147   -4.7e-05   0.000332   8.8e-05   -0.000391   -0.000195   -0.000338   0.000306   -7.4e-05   -0.000109   -1.4e-05   -1.8e-05   -0.000162   5.5e-05   -5e-06   0.00092   0.000162   -6.9e-05   -0.000172   -9.3e-05   5.9e-05   -4.7e-05   -0.00117   7.4e-05   -0.00024   0.000155   -0.000157   1.5e-05   -0.000472   -0.000117   -3.3e-05   0.000117   -6.3e-05   -5e-05   -0.000121   -0.000167   2.7e-05   8.1e-05   -2.2e-05   0.000117   -0.000113   0.0   3e-06   0.0   -8e-06   1.7e-05   1.1e-05   4e-06   8e-06   3e-06   5e-06   -5e-06   -1e-05   8e-06   5e-06   1.1e-05   1e-05   1.4e-05   -1e-05   1.3e-05   1.1e-05   -5e-06   4e-06   1.5e-05   4e-06   0.0   2e-06   6e-06   2.2e-05   5e-06   3e-06   -3.3e-05   3e-06   -3e-06   -1e-06   1e-05   -2e-06   -2e-06   -7e-06   -4e-06   1.2e-05   1.0   
PDF_47 (0.993571)   -0.000184   -0.000127   -7.5e-05   -0.000119   -5.7e-05   0.000281   0.0001   -1.7e-05   0.000138   -0.000214   8.2e-05   -4.2e-05   0.000138   -8.6e-05   -0.000102   4e-06   -6.7e-05   -0.0   -3.1e-05   -3e-06   -5e-05   -4e-05   -5.3e-05   -4.6e-05   -2.2e-05   1.7e-05   -5e-05   -4.9e-05   -5.1e-05   -4.3e-05   8.9e-05   1.1e-05   6.7e-05   -7.2e-05   1.9e-05   2e-05   -5.3e-05   -8e-06   -0.000138   -5.8e-05   3.5e-05   -2e-06   -4e-05   6.5e-05   -2e-06   -6e-06   -0.000144   -1e-05   -6.5e-05   -1.3e-05   -1.9e-05   -5e-05   -0.000144   2.2e-05   4.3e-05   -6.5e-05   -5.5e-05   0.000104   -4e-06   2e-05   -2.5e-05   5.6e-05   -2.2e-05   6.7e-05   6e-06   3.1e-05   3.5e-05   -1.5e-05   -2e-06   -0.0   -1.8e-05   -0.0   -7.2e-05   4.5e-05   2e-05   -2.1e-05   1.7e-05   1.2e-05   -1.1e-05   -7e-06   -6.7e-05   -1.6e-05   -5e-06   6e-06   3e-05   2.5e-05   4e-06   -1.1e-05   -4e-05   -7.4e-05   -4.6e-05   -3.2e-05   -3.4e-05   -6.2e-05   -1.3e-05   -6e-06   -2.3e-05   -1e-05   1.2e-05   4e-06   -1e-05   -3.4e-05   -8.8e-05   -6.4e-05   -5.3e-05   -1.9e-05   -8.3e-05   -5e-06   3.4e-05   1.6e-05   1.0   
PDF_48 (0.9936045)   8.2e-05   8.4e-05   7e-06   -2.9e-05   5.5e-05   4.4e-05   4e-06   -0.0   -9.7e-05   4.2e-05   -0.00016   5.6e-05   7.2e-05   9.2e-05   0.000171   0.000326   -0.000126   4.8e-05   -9e-06   -8e-06   -1.4e-05   -5.6e-05   0.000341   3.4e-05   2.9e-05   -2.1e-05   -5.6e-05   2.5e-05   1.6e-05   6.2e-05   9.1e-05   1e-06   3.4e-05   -3.7e-05   -1.4e-05   7.1e-05   -2e-06   -6e-06   -2.2e-05   -3.2e-05   1.7e-05   -7e-06   -1.9e-05   0.000155   1.4e-05   -3.1e-05   -1.6e-05   3.1e-05   -1e-05   3e-06   -0.000111   1.3e-05   0.000101   3.3e-05   -1.4e-05   -1.4e-05   -0.000168   -2.6e-05   -6.6e-05   2.4e-05   0.000113   7.5e-05   4.4e-05   0.000159   -6e-06   3.4e-05   -7.8e-05   1.6e-05   -4.6e-05   -0.0   1e-06   2e-06   -6.5e-05   3.3e-05   1.3e-05   -1e-06   6e-06   2.9e-05   3e-06   -4e-05   2.7e-05   -1.2e-05   -0.0   1.1e-05   -4e-06   -6e-06   2.1e-05   2.5e-05   -4.3e-05   -9e-06   1.4e-05   5e-06   2.7e-05   -2.5e-05   1e-05   8e-06   -1e-06   8e-06   -2.2e-05   5e-06   3e-06   -4e-06   1.3e-05   1.7e-05   -5.6e-05   1.1e-05   -4.7e-05   -6e-06   2.3e-05   -1e-06   1e-06   1.0   
PDF_49 (0.994478)   -7e-06   -2.2e-05   6e-06   -2.7e-05   -3e-06   1.1e-05   5e-06   -1e-06   2.4e-05   -1.3e-05   -2.4e-05   1.2e-05   -3.7e-05   -4e-06   -2.1e-05   -4.4e-05   -2e-05   -3e-06   1e-06   -6e-05   -3e-06   -0.0   2.8e-05   -8e-06   -1e-06   7e-06   -3e-06   -5e-06   -4e-06   -6e-06   1.2e-05   1.3e-05   7.9e-05   -2.8e-05   1.2e-05   -5e-06   -6e-05   -9e-06   -2.1e-05   -5.6e-05   3.9e-05   0.0   -1.7e-05   4e-06   0.0   -1e-06   -1.6e-05   -0.0   -8e-06   -5e-06   -3.9e-05   -2.3e-05   -5e-05   7e-06   -1e-06   -5.5e-05   -6e-06   -1e-06   -5.3e-05   -2.9e-05   1.1e-05   -7e-06   -0.0   1.7e-05   -7e-06   -1.7e-05   -9e-06   -2e-06   -1.3e-05   0.0   -6e-06   -0.0   3e-06   -1e-06   -4e-06   -1e-06   2e-06   1e-05   -1.9e-05   -4.5e-05   -1.2e-05   -2e-06   2e-06   -1e-06   -0.0   1e-06   1e-06   1e-06   -3e-06   -5.1e-05   -4.2e-05   -3e-06   -6e-06   -3.3e-05   1e-06   -3e-06   -7e-06   -1e-06   -4.5e-05   -0.0   -4e-06   -3e-06   -3.6e-05   -6e-06   7e-06   -3e-06   -4.5e-05   -4.5e-05   -6e-06   -3e-06   -1.1e-05   -5e-06   1.0   
PDF_5 (0.9945025)   -1e-05   1e-06   3e-06   5e-06   1.2e-05   2.8e-05   2e-06   5e-06   -1.6e-05   -1.4e-05   -3.1e-05   -2.3e-05   -4.7e-05   -1e-05   -4.9e-05   -3.7e-05   5e-06   -8e-06   -4e-06   1e-06   -6e-06   3e-06   -1.8e-05   -6e-06   -3e-06   -1e-06   4e-06   2e-06   -8e-06   -8e-06   -6e-06   -5e-06   5.6e-05   5e-06   8e-06   -8e-06   1e-06   -4e-06   1.5e-05   -4e-06   -6e-06   -5e-06   5e-06   2e-05   -9e-06   2e-06   1.9e-05   7e-06   6e-06   1e-06   -1.7e-05   1e-06   -1.7e-05   3e-06   -8e-06   -3e-06   1.3e-05   -1.8e-05   -2e-06   -1.5e-05   -5e-06   -4e-06   1e-06   -1e-05   2e-06   -7e-06   4.6e-05   -1.3e-05   -1e-06   -0.0   -0.0   0.0   -3e-06   4e-06   -3e-06   -1e-06   1e-06   6e-06   -1e-06   -1e-06   1e-06   -4e-06   -0.0   -1e-06   4e-06   -7e-06   -2e-06   -1e-06   -1e-06   -1e-06   2e-06   -4e-06   -1e-06   -1e-06   -1e-06   -1e-06   -1e-06   -0.0   -0.0   0.0   -1e-06   -1e-06   5e-06   -0.0   0.0   -1e-06   -2e-06   0.0   -0.0   -1e-06   -5e-06   8e-06   3e-06   1.0   
PDF_50 (0.995066)   6e-06   0.000122   -2.9e-05   -7.9e-05   0.000173   0.000186   4e-05   1.8e-05   -0.000244   -0.00025   9e-06   -0.000133   -0.000188   0.000202   0.000799   6.8e-05   -7.3e-05   6e-05   -7.9e-05   7.2e-05   -1.4e-05   -1.4e-05   0.000711   2.5e-05   -2.1e-05   -4.5e-05   -0.000159   -4.2e-05   0.000194   8.1e-05   0.000114   8.3e-05   -0.001162   -0.000115   -0.000107   0.000237   -5.1e-05   -2.4e-05   -9.1e-05   2.9e-05   7.1e-05   0.000148   -1.3e-05   -0.000511   5.4e-05   -9.4e-05   -0.000429   2.6e-05   -1.1e-05   -1.9e-05   9.9e-05   -8e-05   0.000435   9.7e-05   -8e-05   -3.8e-05   -0.000583   -0.000228   -5.3e-05   0.000134   8.1e-05   5.1e-05   -2.9e-05   3.5e-05   4.6e-05   0.000166   -0.000831   0.000145   -2.1e-05   1e-06   4e-06   1e-06   -2.9e-05   1.7e-05   7e-06   -1e-05   3e-06   7e-06   -7e-06   -0.0   -2.2e-05   -5e-06   -2e-06   -6e-06   -4e-06   2e-06   -2e-06   -2e-06   -3.1e-05   -2.8e-05   -2.4e-05   -1.5e-05   -2.2e-05   -6e-06   -4e-06   -1.4e-05   -2.4e-05   -6e-06   0.0   5e-06   -6e-06   -1.3e-05   -2.6e-05   -3.1e-05   -2.4e-05   -9e-06   -2.1e-05   -2e-06   -2e-06   -1.3e-05   -3e-05   -2e-06   -1e-06   2e-06   1.0   
PDF_51 (0.9944585)   -7.9e-05   -6.5e-05   1.6e-05   -2.3e-05   6.2e-05   0.000117   5.4e-05   1.5e-05   0.000171   -0.000202   -0.000111   4.1e-05   -2.4e-05   3.6e-05   2.6e-05   7.6e-05   -0.000114   8e-06   1.4e-05   -5.7e-05   1.8e-05   1.2e-05   2.3e-05   1.4e-05   3.6e-05   -5.8e-05   1.7e-05   1.9e-05   -2e-06   3e-06   -2.4e-05   1.4e-05   0.00011   -1.5e-05   2.5e-05   9e-06   -4.7e-05   -8e-06   -3.8e-05   -3.8e-05   1.5e-05   1.4e-05   -6e-06   4.6e-05   4e-06   1.3e-05   -6.2e-05   8e-06   1e-05   1e-05   -3.6e-05   2e-05   -0.000161   1.8e-05   -1e-05   -4.4e-05   -4.7e-05   -5.4e-05   -5.6e-05   1e-06   6.6e-05   9.9e-05   -8e-06   5.6e-05   1e-05   -0.0   -4.8e-05   -2.5e-05   -7e-06   -0.0   -3.4e-05   -1e-06   1.2e-05   3.9e-05   4e-06   -5e-06   7e-06   2.2e-05   -1.8e-05   -3.4e-05   7e-06   -3.7e-05   4e-06   1e-05   4e-06   1.6e-05   6e-06   2.2e-05   2.5e-05   -4.5e-05   -2.3e-05   7e-06   1.5e-05   -2.2e-05   6e-06   4e-06   8e-06   8e-06   -4.2e-05   1.1e-05   1e-06   -1.2e-05   -2.6e-05   1.7e-05   6e-06   8e-06   -2.2e-05   -4e-05   1.7e-05   1e-06   6e-06   4.1e-05   -3.7e-05   -1e-06   6e-06   1.0   
PDF_52 (0.994501)   0.0   -1.8e-05   2e-06   -2.7e-05   -1.8e-05   4e-05   9e-06   -3e-06   1.7e-05   -1e-05   -4e-05   1.3e-05   -5.7e-05   7e-06   1.3e-05   -4.3e-05   1.9e-05   0.0   -1.2e-05   -5.1e-05   -1e-06   -4e-06   -1.1e-05   -1.2e-05   -4e-06   -2e-06   4e-06   -2e-06   2e-06   5e-06   3.4e-05   8e-06   2e-05   -3.1e-05   1.8e-05   1.4e-05   -4.6e-05   -1.4e-05   -2e-05   -5.5e-05   5e-05   6e-06   -1.9e-05   -3e-06   3e-06   -6e-06   -7e-06   4e-06   3e-06   -2e-06   2.4e-05   -2.9e-05   -2.2e-05   2.4e-05   8e-06   -5.6e-05   -1.5e-05   -2e-05   -5.6e-05   -2.5e-05   2.7e-05   1.5e-05   1e-06   1.6e-05   -0.0   -1.3e-05   -2.1e-05   1e-05   -1.2e-05   -0.0   -3.4e-05   0.0   2e-06   2e-06   -2e-06   -3e-06   3e-06   7e-06   -1.6e-05   -4.1e-05   -1.1e-05   0.0   1e-06   -4e-06   -6e-06   1e-06   6e-06   -0.0   -5e-06   -5.1e-05   -4.5e-05   -5e-06   1e-06   -3.9e-05   -0.0   3e-06   -5e-06   -1e-06   -3.3e-05   1e-06   -7e-06   -2e-06   -5.1e-05   -6e-06   1e-06   -1e-06   -4.5e-05   -4e-05   6e-06   -4e-06   1e-06   6e-06   -0.0   -1e-06   -2e-06   -3.7e-05   1.0   
PDF_53 (0.9945065)   2.9e-05   4.7e-05   -1.3e-05   3e-06   4.5e-05   1e-06   -9e-06   7e-06   -5.7e-05   -3e-06   -5.5e-05   7.9e-05   -5.6e-05   8.4e-05   0.000104   -2.9e-05   -2.4e-05   -1e-06   -2e-06   -3.1e-05   -4e-06   2.7e-05   1e-06   -7e-06   -4e-06   -3e-06   7e-06   -9e-06   4e-06   1.8e-05   -1.5e-05   1.8e-05   -8.6e-05   -1.3e-05   -3e-05   1.1e-05   1.4e-05   -1e-06   3.8e-05   -9e-06   2.6e-05   1.8e-05   -5e-06   4.9e-05   1.8e-05   1.1e-05   -2.4e-05   4e-06   1.2e-05   6e-06   -1e-05   0.000138   8.6e-05   1.4e-05   -2.2e-05   -9e-06   -3.1e-05   -5.2e-05   1e-05   3e-05   -2.3e-05   7e-06   -4e-06   -4.9e-05   8e-06   2e-06   -3.2e-05   -1e-06   -4e-06   -0.0   -1.4e-05   0.0   -1.2e-05   -1.1e-05   1.1e-05   -7e-06   1.6e-05   6e-06   3e-06   -1e-06   -2.4e-05   4e-06   -1e-06   2.2e-05   2.7e-05   3.8e-05   -9e-06   -8e-06   1.2e-05   -1.5e-05   2.1e-05   3.3e-05   4e-06   1.4e-05   8e-06   1e-05   3.5e-05   1.3e-05   2.5e-05   1e-06   1.1e-05   -2e-06   -1.1e-05   -6e-06   -3e-06   -3e-06   -1.6e-05   0.0   4e-05   1.2e-05   4.8e-05   7e-06   -0.0   -0.0   -6e-06   -4e-06   -5e-06   1.0   
PDF_54 (0.994794)   -7.5e-05   2.7e-05   -2.1e-05   -4.6e-05   -2e-05   8e-06   -9e-06   -1e-05   -3.7e-05   3.7e-05   -8e-06   -1.2e-05   -1.9e-05   -1.1e-05   -3e-05   1.4e-05   -2e-05   -0.0   -6e-06   -3.4e-05   -2e-06   1.1e-05   1e-05   -3.1e-05   -5e-06   -1.2e-05   -3e-06   -4e-06   2e-06   -5e-06   1.2e-05   -9e-06   3.2e-05   -2.6e-05   2.3e-05   -1.4e-05   -0.0   -1.4e-05   -5e-05   -5.5e-05   1.6e-05   -5e-06   4e-06   2e-06   -3e-06   -0.0   -1.2e-05   6e-06   -1.2e-05   -0.0   8e-06   -6e-06   -6.6e-05   2e-06   -6e-06   -1.4e-05   -1.6e-05   -2e-06   -2.2e-05   -5e-06   1.4e-05   7e-06   -0.0   1.3e-05   -4e-06   -6e-06   3e-06   3e-06   2e-06   0.0   6e-06   -0.0   -3e-06   -0.0   -1e-06   -1.2e-05   -0.0   6e-06   0.0   -4e-05   -1.1e-05   -1e-06   -8e-06   1e-06   -9e-06   0.0   -1.4e-05   -6e-06   0.0   -6e-06   1e-06   -6e-06   -8e-06   3e-06   1e-06   -1e-06   -6e-06   -5e-06   -4.3e-05   -8e-06   -2e-06   -2e-06   -2e-05   -6e-06   -3e-06   -1e-06   -2.8e-05   -4e-05   -3e-06   -4e-06   -6e-06   3e-06   -6e-06   0.0   -1.1e-05   -2.3e-05   -6e-06   -6e-06   1.0   
PDF_55 (0.994475)   -0.000147   -2.5e-05   9e-06   -1.3e-05   -5.2e-05   3.8e-05   3.1e-05   2.5e-05   -7.4e-05   5.3e-05   3e-05   -1.7e-05   -9.2e-05   -1.3e-05   4.7e-05   -2e-05   -9.6e-05   1.2e-05   1e-05   -2.2e-05   1.7e-05   -3.4e-05   8e-06   -5.3e-05   1.5e-05   -3.1e-05   -3e-06   -7e-06   1.8e-05   1e-06   -1.3e-05   3.1e-05   -0.000152   -3.2e-05   2.7e-05   1.6e-05   -4.6e-05   -8e-06   -1e-05   -3.5e-05   1.7e-05   2.2e-05   -1.1e-05   -6.7e-05   1.8e-05   3.8e-05   -5.4e-05   0.0   1.4e-05   -2e-06   7e-06   2.6e-05   -4.5e-05   2.2e-05   -1.8e-05   -8e-06   -9.3e-05   -7.2e-05   -6.2e-05   2.3e-05   4e-06   6.9e-05   -1.3e-05   -6.1e-05   1.3e-05   -4e-06   -6.8e-05   -1.1e-05   -8e-06   0.0   -4.5e-05   1e-06   1.3e-05   5.1e-05   1.3e-05   -2.5e-05   0.0   2.5e-05   -1.5e-05   -4.5e-05   6e-06   -1e-05   1e-06   1.6e-05   -5e-06   6.4e-05   -3.2e-05   9e-06   2.5e-05   -5.4e-05   -1.3e-05   -2e-05   2.3e-05   -5e-05   7e-06   8e-06   -1.5e-05   0.0   -2.4e-05   -2e-06   -2e-06   1e-06   -4.4e-05   6e-06   9e-06   -1.8e-05   -3.6e-05   -4.5e-05   7.2e-05   6e-06   1e-05   1.9e-05   -5.1e-05   1e-06   -2e-06   -3.5e-05   -5e-05   9e-06   -8e-06   1.0   
PDF_56 (0.994473)   -6.4e-05   3e-05   5e-06   -5.7e-05   -9e-05   -3.7e-05   2e-06   -2e-06   -1.9e-05   8.3e-05   2.4e-05   -4.8e-05   -4.4e-05   -6.3e-05   -2.4e-05   -4.4e-05   -1.5e-05   -1.1e-05   -2e-06   -2.8e-05   -2.7e-05   -2.7e-05   -3e-06   -3.4e-05   -4e-06   -4.1e-05   -1e-05   -1e-05   8e-06   -3e-06   2.9e-05   8e-06   5e-06   -2e-06   -3e-06   1.3e-05   -3.4e-05   -1.7e-05   -1.6e-05   1e-06   4.2e-05   -0.0   -1.4e-05   -6.7e-05   -5e-06   -1.8e-05   -5.3e-05   -8e-06   -7e-06   -1.4e-05   2.2e-05   -7.8e-05   -4.7e-05   -1e-06   -2.2e-05   -3.8e-05   -8.3e-05   -3.5e-05   -2.5e-05   1.2e-05   -2.6e-05   -3e-06   -2.6e-05   2.3e-05   3e-06   9e-06   -3.9e-05   -7e-06   -1.1e-05   -0.0   5e-06   0.0   -3.6e-05   7e-06   1e-06   -9e-06   2e-06   7e-06   -1.3e-05   2e-06   7e-06   -1.1e-05   1e-06   -6e-06   -5e-06   -0.0   0.0   2e-06   -2e-05   -3e-05   -5e-06   -2e-06   7e-06   -2e-06   -1e-05   -1.2e-05   -2.9e-05   -1e-05   2e-06   3e-06   -1.3e-05   -1e-06   -2.9e-05   -2.7e-05   -2.3e-05   -1e-05   -2.1e-05   2e-06   2e-06   0.0   -2.7e-05   7e-06   0.0   -0.0   -1.2e-05   9e-06   -2e-06   -0.0   0.0   0.0   1.0   
PDF_57 (0.994537)   -3.9e-05   -1.4e-05   5e-06   -1.7e-05   2.2e-05   1.9e-05   1.8e-05   6e-06   2.3e-05   -3.8e-05   -5.8e-05   1.8e-05   3e-05   3.8e-05   0.000108   3.4e-05   -1.1e-05   -0.0   -5e-06   2e-06   2e-06   -4e-06   6.6e-05   -3.6e-05   -2e-06   -1e-05   1e-06   -7e-06   0.0   1e-05   2.8e-05   1.7e-05   -3e-06   -2.6e-05   2e-06   2.3e-05   -1.1e-05   4e-06   -3.2e-05   -3e-05   8e-06   7e-06   -8e-06   -1.4e-05   3e-06   4e-06   -4.6e-05   -2e-06   -4e-06   -2e-06   -1.3e-05   -3e-06   1e-05   5e-06   3e-06   -2.6e-05   -3.9e-05   9e-06   -4.3e-05   1.5e-05   2.9e-05   1.5e-05   -9e-06   2.3e-05   0.0   1.7e-05   -5.2e-05   1.8e-05   -1.1e-05   0.0   0.0   -0.0   -3e-06   8e-06   0.0   -1e-06   1e-06   4e-06   -2e-06   -1.9e-05   1e-06   -1e-06   1e-06   2e-06   -5e-06   -1e-06   2e-06   -3e-06   2e-06   -0.0   3e-06   -0.0   0.0   -2e-05   0.0   -5e-06   -2e-06   1e-06   -1.6e-05   4e-06   -3e-06   -0.0   1e-06   2e-06   -1.8e-05   0.0   -1.5e-05   -1.6e-05   0.0   0.0   0.0   -3e-06   2e-06   1e-06   0.0   4e-06   1e-06   2e-06   0.0   -7e-06   1e-06   1.0   
PDF_58 (0.9936045)   -1.3e-05   3.7e-05   -5e-06   -3e-06   2.9e-05   1e-05   -1e-06   -1e-06   -4.5e-05   1.2e-05   -4.2e-05   3.1e-05   0.00013   7e-06   -7e-05   -4.8e-05   -1.6e-05   1e-06   -3e-06   -1.9e-05   -9e-06   6.3e-05   5.9e-05   2e-06   -5e-06   -0.0   -6e-06   -1e-06   -4.3e-05   -2.3e-05   -8e-06   -3e-06   0.000199   -2.1e-05   -1.7e-05   -3.4e-05   -3e-06   -4e-06   7e-06   -1.4e-05   -6e-06   -2.8e-05   1e-05   0.000247   -2.1e-05   2.6e-05   3.4e-05   -5e-06   -3.3e-05   -2e-06   -0.000157   0.000136   -2.6e-05   -1.4e-05   2.5e-05   -8e-06   3e-06   6e-05   -2e-05   -7e-06   -1.5e-05   -4.6e-05   -3e-05   -1.3e-05   -4e-06   1e-06   7.5e-05   -6.4e-05   -1e-06   0.0   -7e-06   -1e-06   -5e-06   -6e-06   -4e-06   -9e-06   5e-06   1.1e-05   -3e-06   0.0   -1.8e-05   -1e-06   1e-06   -5e-06   -1.1e-05   1e-06   -4e-06   -1.7e-05   -8e-06   -8e-06   -8e-06   3.2e-05   -6e-06   -5e-06   -1e-06   -2e-06   0.0   1.5e-05   -1e-06   0.0   1.2e-05   -4e-06   -0.0   -6e-06   -6e-06   -3e-06   -1.4e-05   -6e-06   -5e-06   1.2e-05   -1.3e-05   -7e-06   1e-06   -2e-06   -2e-06   -4e-06   2e-06   -7e-06   -1.4e-05   -2e-06   3e-06   0.0   1.0   
PDF_59 (0.9944655)   -3.9e-05   -7e-06   2e-06   -3.3e-05   -5.1e-05   4.8e-05   1.5e-05   -7e-06   -1e-06   2.4e-05   -3.4e-05   4.5e-05   3.3e-05   1.8e-05   -2e-06   5.3e-05   -9e-06   5e-06   1e-06   -8e-06   -4e-06   5e-06   2.6e-05   1e-06   1.3e-05   -0.0   -7e-06   3e-06   -1.1e-05   1e-05   2.1e-05   -0.0   9.4e-05   -2.5e-05   2e-06   1.1e-05   -4e-05   -4e-06   -5.2e-05   -5.7e-05   2.5e-05   -2e-06   -1.2e-05   6.8e-05   -3e-06   -3e-06   -4e-06   1e-05   -2.1e-05   -4e-06   -4e-06   1.5e-05   -7.7e-05   1.4e-05   1.1e-05   -4.2e-05   1e-05   2.8e-05   -5.2e-05   -2.2e-05   4.4e-05   3.3e-05   1e-05   7.4e-05   -4e-06   -2e-06   -1e-05   -7e-06   -1.2e-05   0.0   6e-06   -1e-06   -5e-06   1.6e-05   -4e-06   -2e-06   5e-06   1.1e-05   0.0   -4e-05   -1.1e-05   -3e-06   2e-06   1e-06   7e-06   7e-06   -5e-06   -1e-06   9e-06   -3.7e-05   1e-06   -2e-06   3e-06   -4.3e-05   3e-06   -1e-06   0.0   -1e-06   -3.7e-05   1e-06   -1e-06   -4e-06   -3.3e-05   0.0   -3e-06   -2e-06   -3.7e-05   -4e-05   7e-06   -5e-06   -0.0   1.3e-05   1e-05   4e-06   5e-06   5e-06   -6e-06   -6e-06   -8e-06   1.6e-05   2e-06   3e-06   -1e-06   1.0   
PDF_6 (0.9944995)   6e-05   6.8e-05   -1e-06   2e-05   7.7e-05   3.1e-05   -2.2e-05   9e-06   -5.7e-05   -2.2e-05   -5e-05   5.2e-05   -7e-05   5.8e-05   8.1e-05   -8.4e-05   -6e-06   -7e-06   4.5e-05   -2.8e-05   -4e-06   4.8e-05   7e-06   4e-06   3e-06   -1.7e-05   -9e-06   -5e-06   -4e-06   2.1e-05   -3e-06   1.6e-05   -2.1e-05   -1.2e-05   -3e-05   7e-06   1e-06   0.0   4e-05   -7e-06   2.1e-05   1.9e-05   -1e-06   5.8e-05   1.4e-05   1.6e-05   1.6e-05   -5e-06   1.7e-05   -3e-06   -4.2e-05   0.000127   0.000125   7e-06   1.7e-05   9e-06   1.7e-05   1.5e-05   -2e-06   1.1e-05   -4.9e-05   1e-06   -2.8e-05   -4.6e-05   1.4e-05   0.0   -6e-06   -6e-06   4e-06   -0.0   6e-06   -0.0   6e-06   4.6e-05   1.8e-05   -3e-06   1.8e-05   6e-06   2e-06   -6e-06   -1.1e-05   2e-06   2e-06   1.4e-05   2.8e-05   4e-05   1.1e-05   4.6e-05   -0.0   -6e-06   6e-06   4e-05   6e-06   1e-06   2e-06   1.6e-05   4e-05   1.6e-05   6e-06   3e-06   1.3e-05   -2e-06   -0.0   4e-05   -0.0   0.0   -6e-06   -0.0   4.6e-05   1.4e-05   4e-05   6e-06   -0.0   -0.0   -1e-06   1.1e-05   -0.0   3.4e-05   -0.0   1e-06   2e-06   0.0   4.5e-05   -0.0   1.0   
PDF_60 (0.994488)   2.5e-05   3.7e-05   0.0   1.2e-05   9.1e-05   5.1e-05   6e-06   1.7e-05   -2.8e-05   -6.5e-05   -9.9e-05   5.6e-05   1.1e-05   7.9e-05   0.000109   -5.4e-05   -1.8e-05   0.0   4.2e-05   -2.6e-05   3.4e-05   4.6e-05   6.6e-05   5e-06   3e-06   8e-06   -1.9e-05   7e-06   -5e-06   1.9e-05   2.4e-05   2.9e-05   -2.1e-05   -4.1e-05   1.4e-05   -4e-06   -1.2e-05   -7e-06   3.9e-05   -2.4e-05   -5e-06   1.6e-05   1e-06   0.000133   5e-06   1.5e-05   1e-06   -3e-06   5e-06   0.0   -7e-05   0.000138   7.4e-05   1.3e-05   5.2e-05   1e-06   -2.2e-05   7.4e-05   -3e-06   2.2e-05   -2e-05   6e-06   -2e-05   -4.8e-05   8e-06   1.3e-05   4e-06   -1.6e-05   5e-06   -0.0   -6e-06   -1e-06   -7e-06   3.5e-05   1.5e-05   -1e-06   1.6e-05   1e-05   -1e-06   -6e-06   -6e-06   -0.0   -0.0   1.4e-05   3.7e-05   4.4e-05   -2e-06   4.2e-05   4e-05   -1.1e-05   -1e-06   2.6e-05   -6e-06   -1.1e-05   2e-06   1.4e-05   3.4e-05   1.6e-05   -6e-06   1.8e-05   1.1e-05   -2e-06   -6e-06   3.4e-05   3.4e-05   -2e-06   -6e-06   0.0   3.4e-05   1.4e-05   4e-05   -3e-06   -5e-06   -1e-06   1.4e-05   -2e-06   -6e-06   3.4e-05   -0.0   -1.1e-05   2e-06   -2e-06   3.9e-05   -1e-06   4e-05   1.0   
PDF_61 (0.9944705)   -1.3e-05   -2e-05   -2e-06   -8e-06   -8e-06   8e-06   6e-06   -2e-06   5e-06   -2e-06   -6e-06   5e-06   4.5e-05   8e-06   6e-06   3e-06   -5e-06   3e-06   -2e-06   1e-06   0.0   3e-06   2.3e-05   -2e-06   4e-06   -1e-06   -3e-06   -2e-06   -9e-06   1e-06   7e-06   3e-06   1.5e-05   -1e-05   -2e-06   1e-06   -4e-06   -2e-06   -9e-06   -3e-06   -4e-06   -2e-06   1e-06   3.2e-05   -3e-06   1e-06   -5e-06   -0.0   -3e-06   -0.0   -1.4e-05   2e-06   -3e-05   2e-06   8e-06   -6e-06   -5e-06   7e-06   -4e-06   4e-06   1e-06   1e-06   -2e-06   1e-06   -0.0   7e-06   6e-06   -9e-06   1e-06   -0.0   0.0   -1e-06   -4e-06   -1e-06   -0.0   -2e-06   -0.0   -1e-06   -0.0   0.0   -5e-06   -1e-06   -1e-06   -0.0   -1e-06   -4e-06   -4e-06   -1e-06   -6e-06   0.0   1e-06   -2e-06   -0.0   0.0   -1e-06   0.0   0.0   -0.0   0.0   -0.0   0.0   0.0   -1e-06   0.0   0.0   -0.0   0.0   0.0   -0.0   -0.0   -0.0   0.0   -1e-06   -1e-06   1e-06   -4e-06   0.0   -0.0   0.0   0.0   0.0   -0.0   -4e-06   -3e-06   -0.0   -2e-06   1.0   
PDF_62 (0.9945125)   -5e-06   -1.7e-05   1.4e-05   -7e-05   -2e-06   0.000131   1.5e-05   2e-05   0.000135   -0.000143   -9.9e-05   4.5e-05   -4.3e-05   1.8e-05   -6e-05   1.3e-05   -1.8e-05   -8e-06   -1.5e-05   -4.2e-05   -3e-06   3e-06   -4.2e-05   -7e-06   1e-05   -3.2e-05   2.3e-05   5e-06   -3.3e-05   -1.7e-05   5.2e-05   -2e-06   9e-05   4e-06   1.8e-05   -1.3e-05   -1.4e-05   -1.4e-05   1.4e-05   -6.5e-05   8e-06   -2e-06   -1e-05   6.2e-05   8e-06   8e-06   4.3e-05   6e-06   -5e-06   3e-06   6.5e-05   -0.000117   -5.1e-05   1.4e-05   2e-06   -5.5e-05   1.3e-05   -2.5e-05   -7.4e-05   -6.8e-05   -5e-06   4.5e-05   8e-06   6.7e-05   -5e-06   -1.7e-05   7.6e-05   -7.1e-05   -1e-06   0.0   -3.4e-05   0.0   -5e-06   2e-06   -1e-06   -2e-06   3e-06   7e-06   -1.3e-05   -4.5e-05   -1e-05   -2e-06   1e-06   -2e-06   -6e-06   1e-06   8e-06   -0.0   -5e-06   -5.2e-05   -3e-05   2e-06   -6e-06   -3.8e-05   2e-06   -4e-06   -4e-06   1e-06   -3.4e-05   2e-06   -4e-06   -4e-06   -4.5e-05   -5e-06   1e-06   -4e-06   -1.1e-05   -5.1e-05   -6e-06   -1e-06   -1.6e-05   -9e-06   1e-06   -1e-06   -3e-06   -3.8e-05   -3e-06   -5e-06   -6e-06   -3.8e-05   0.0   -2e-06   7e-06   0.0   -5e-06   -0.0   0.0   1.0   
PDF_63 (0.994492)   5e-06   3e-06   1e-06   -6e-06   -6e-06   1.3e-05   6e-06   -1e-06   1.6e-05   -1e-05   -7e-06   2e-06   1e-06   -1.4e-05   -7.1e-05   -9e-06   4e-06   -5e-06   -3e-06   -9e-06   -9e-06   1e-06   -1.1e-05   -3e-06   1e-06   -3e-06   7e-06   3e-06   -1.7e-05   -9e-06   -1.2e-05   -6e-06   7.9e-05   7e-06   1e-06   -2.1e-05   3e-06   0.0   -3e-06   -5e-06   -3e-06   -1.4e-05   3e-06   5.6e-05   -6e-06   6e-06   2.5e-05   0.0   -6e-06   -2e-06   -1.5e-05   -5e-06   -4.2e-05   2e-06   -1e-06   -6e-06   2.9e-05   8e-06   -5e-06   -1.8e-05   -2e-06   -5e-06   -2e-06   7e-06   -2e-06   -1.6e-05   6.4e-05   -3.4e-05   -3e-06   -0.0   0.0   0.0   -4e-06   0.0   -2e-06   -1e-06   1e-06   -0.0   -1e-06   -3e-06   -1e-06   -1e-06   1e-06   -1e-06   -2e-06   -2e-06   -1e-06   -2e-06   -4e-06   -1e-06   -2e-06   0.0   -0.0   -1e-06   -0.0   -0.0   -0.0   4e-06   -1e-06   -1e-06   -2e-06   -1e-06   0.0   -2e-06   -3e-06   -2e-06   -1e-06   0.0   -1e-06   4e-06   -3e-06   8e-06   -2e-06   -0.0   1e-06   -1e-06   -2e-06   -2e-06   -1.2e-05   6e-06   -0.0   1e-06   0.0   -3e-06   -0.0   -0.0   -0.0   -5e-06   1.0   
PDF_64 (0.9945055)   -0.000307   -0.00014   -6.4e-05   -9.7e-05   -0.000165   7.7e-05   5.1e-05   -4.1e-05   9.1e-05   2.2e-05   -3e-06   -0.000126   -3.4e-05   -0.000174   -0.000185   -2.5e-05   -6e-06   -2.8e-05   -9.3e-05   -4.5e-05   -5.9e-05   -4.8e-05   7.9e-05   -9.7e-05   -5.2e-05   -8.2e-05   -4.3e-05   -2.9e-05   -5.1e-05   -2.4e-05   5.9e-05   -1.5e-05   0.000224   -3e-05   1.1e-05   1e-06   -7.3e-05   -5.5e-05   -0.000186   8e-06   4.8e-05   -2.2e-05   -2e-05   -6.3e-05   -2e-05   -3.6e-05   -6.6e-05   -1.4e-05   -6.1e-05   -2.5e-05   -6.3e-05   -0.000245   -0.000285   -2.6e-05   -4.2e-05   -9.9e-05   -0.000175   -3.9e-05   -3.2e-05   1e-06   -3.7e-05   6.4e-05   -5e-05   0.000115   3e-06   1.3e-05   9e-06   -8.8e-05   -1.1e-05   -0.0   0.0   0.0   -8.6e-05   1.2e-05   1e-05   -2.8e-05   2e-06   1.6e-05   -2.7e-05   0.0   -6.7e-05   -3.1e-05   -4e-06   -2.4e-05   -7e-06   9e-06   -7e-06   -1.2e-05   -7.3e-05   -6.1e-05   -7.5e-05   -4.6e-05   -6.6e-05   -8e-06   -2.9e-05   -3.2e-05   -8.4e-05   -2.8e-05   -2e-06   3e-06   -2.9e-05   -3.1e-05   -6.1e-05   -5.6e-05   -6.5e-05   -2.8e-05   -6.3e-05   0.0   6e-06   -3e-06   -6.8e-05   4e-06   -0.0   -0.0   -3.1e-05   5e-06   -4e-06   -1.2e-05   -2.5e-05   -2.2e-05   -2.7e-05   0.0   1e-06   3e-06   -0.0   1e-06   -2e-06   -4e-06   -3e-06   1.0   
PDF_65 (0.994492)   -5.3e-05   2.3e-05   1.4e-05   -2e-06   1.2e-05   3.5e-05   1.5e-05   4e-06   4e-06   -1.9e-05   -7e-06   -5e-06   5.7e-05   -7e-06   -0.0   5.9e-05   -9e-05   1.5e-05   3e-06   2.4e-05   8e-06   -9e-06   -4.7e-05   -6.6e-05   1.2e-05   1.7e-05   -1.6e-05   -4e-06   -1.4e-05   -1.6e-05   4.4e-05   1.4e-05   6.5e-05   -6e-06   -2e-05   4e-06   -3e-05   4e-06   -5.3e-05   -1.6e-05   -2e-06   -2e-06   1.1e-05   8.1e-05   -7e-06   3.3e-05   2.6e-05   -1.3e-05   2e-06   3e-06   2.2e-05   -1e-06   -7e-06   1e-05   -9e-06   3e-06   -5e-06   -4.3e-05   -1.9e-05   9e-06   3.4e-05   2e-06   -7e-06   4.1e-05   1e-06   3e-06   4e-06   1e-06   -2e-06   -0.0   -6e-06   -1e-06   1.5e-05   3.6e-05   -2e-06   1e-06   0.0   5e-06   -7e-06   -6e-06   6e-06   -1.9e-05   -0.0   1.1e-05   0.0   4e-06   -1.5e-05   1e-06   -6.2e-05   -6e-06   -9e-06   2.8e-05   1.7e-05   -8e-06   -3e-06   -3e-06   -1.1e-05   -2e-06   -6e-06   3e-06   -5e-06   2e-06   -9e-06   0.0   -5.6e-05   -0.0   6e-06   -6e-06   1e-05   -4e-06   1e-06   1.4e-05   -1.1e-05   -1e-06   1e-06   7e-06   -1.1e-05   -1.1e-05   -3.1e-05   -3e-06   -2e-06   -5e-06   -4e-06   1e-06   -6e-06   -7e-06   -3e-06   -5e-06   -3e-06   1e-06   1.0   
PDF_66 (0.9945195)   0.000231   0.000151   1.5e-05   4.3e-05   9e-05   -7.1e-05   -2.3e-05   4.4e-05   -0.000142   7.2e-05   -3.5e-05   -1.6e-05   -0.00021   -2.7e-05   -4.5e-05   -4e-05   -6.8e-05   7e-06   2e-05   -1.7e-05   5.9e-05   6e-06   3.1e-05   -4.3e-05   3.1e-05   4.2e-05   1.1e-05   5.3e-05   3.1e-05   2.9e-05   1.1e-05   -1.1e-05   2.2e-05   1.4e-05   -8e-06   -1e-05   -5.6e-05   -1e-06   0.000107   6.3e-05   -1.9e-05   -4e-06   -5e-06   6.3e-05   2.8e-05   2e-05   5.1e-05   1.4e-05   4.7e-05   2.2e-05   2.5e-05   0.000219   0.000288   1.6e-05   7.8e-05   4.1e-05   5.7e-05   0.000154   -5.8e-05   1e-05   -6.4e-05   1.2e-05   1.7e-05   5.6e-05   -6e-06   -2.1e-05   3.2e-05   -4.2e-05   -3e-05   -0.0   -3.9e-05   -1e-06   -2.3e-05   2.8e-05   7e-06   -2e-05   4e-06   3.2e-05   -2.3e-05   -4.7e-05   1.5e-05   -4.2e-05   -1e-06   3e-06   5.7e-05   7.4e-05   4.2e-05   6e-06   -7e-05   -3.4e-05   -2.8e-05   -5e-06   -9e-06   -4.2e-05   -1.3e-05   -0.0   -6e-06   4e-06   -4.9e-05   1.3e-05   7e-06   -2.5e-05   -2.9e-05   6e-06   6e-06   -1.2e-05   1.7e-05   -4.5e-05   6.4e-05   -2e-06   7e-06   1.7e-05   -4.6e-05   2e-06   -2e-06   -2.4e-05   -3.9e-05   -1.4e-05   -3e-06   1.1e-05   -0.0   -1.1e-05   -1.7e-05   -3.4e-05   6e-06   -9e-06   -3e-06   -3.9e-05   -3e-06   8e-06   7e-06   1.0   
PDF_67 (0.994494)   7e-06   2e-06   -0.0   -3e-06   3e-06   -5e-06   -1e-06   0.0   -1.2e-05   7e-06   -3e-06   -5e-06   -9e-06   -2e-06   -2e-06   -9e-06   -1e-06   -1e-06   -0.0   0.0   1e-06   2e-06   4e-06   -1e-06   3e-06   1e-06   -1e-06   -2e-06   0.0   0.0   1e-06   1e-06   -2e-06   -2e-06   3e-06   0.0   1e-06   -2e-06   6e-06   1e-06   2e-06   -1e-06   0.0   -1e-06   -2e-06   2e-06   -1e-06   1e-06   1e-06   -0.0   -4e-06   7e-06   8e-06   -1e-06   1e-06   -2e-06   -5e-06   0.0   -1e-06   0.0   -2e-06   -1e-06   1e-06   -3e-06   -1e-06   -1e-06   2e-06   -1e-06   0.0   -0.0   0.0   0.0   -4e-06   1e-06   -2e-06   -1e-06   -1e-06   -0.0   -1e-06   0.0   -1e-06   0.0   -0.0   -0.0   3e-06   -4e-06   1e-06   -2e-06   -4e-06   0.0   4e-06   0.0   0.0   0.0   1e-06   0.0   0.0   -1e-06   0.0   2e-06   -0.0   0.0   -1e-06   0.0   -0.0   -0.0   0.0   0.0   0.0   0.0   -0.0   2e-06   0.0   -1e-06   0.0   1e-06   0.0   0.0   0.0   0.0   0.0   -0.0   -1e-06   -0.0   0.0   -2e-06   -1e-06   -0.0   0.0   -0.0   -1e-06   -0.0   1.0   
PDF_68 (0.994517)   2.4e-05   2e-06   5e-06   -2.1e-05   -7e-05   5.6e-05   1.3e-05   -1e-06   2e-05   1.8e-05   -1.3e-05   -4.8e-05   -1.6e-05   -9.3e-05   -0.000129   5e-05   -1.7e-05   1e-06   4e-06   -9e-06   -4e-05   -3.7e-05   -4.8e-05   -3.7e-05   1e-06   9e-06   7e-06   9e-06   -1.4e-05   4e-06   1.9e-05   -4e-06   0.000133   -0.0   8e-06   -5e-06   -1.4e-05   -4e-06   -1.4e-05   -2.1e-05   3.5e-05   -1.6e-05   -1e-05   4.3e-05   -1e-05   -4e-06   1.3e-05   -1.2e-05   -7e-06   -1.3e-05   5.4e-05   -3.7e-05   -6.2e-05   1.8e-05   -1.5e-05   -1.8e-05   -5.1e-05   -1.5e-05   -4.5e-05   -1.8e-05   1.8e-05   2.9e-05   9e-06   4.8e-05   -4e-06   -1.5e-05   4.9e-05   2e-06   -1.6e-05   -0.0   0.0   0.0   -2.7e-05   5e-06   1e-06   -0.0   0.0   7e-06   -2e-06   -1.6e-05   7e-06   -1.1e-05   0.0   2e-06   -7e-06   5e-06   3e-06   -0.0   -1.3e-05   -2e-06   -1.4e-05   -6e-06   5e-06   -1.5e-05   -3e-06   -2e-06   -4e-06   1e-06   -1.3e-05   1e-06   -1.2e-05   -0.0   -1.1e-05   7e-06   -2.3e-05   0.0   -1.1e-05   -1.8e-05   2e-06   -1e-06   -2.5e-05   5e-06   -2e-06   0.0   -1e-05   -1.1e-05   -2e-06   -2e-06   -2e-06   -4e-06   3e-06   1e-06   0.0   0.0   -0.0   -0.0   0.0   -1e-06   1e-06   1e-06   0.0   -9e-06   -0.0   1.0   
PDF_69 (0.9945225)   4e-05   -1.4e-05   1e-06   -2.4e-05   9e-06   2.3e-05   8e-06   -1e-06   9e-06   -1e-05   -4e-05   1e-06   -0.000161   -3e-05   -9.8e-05   -7.4e-05   -1e-05   -1.6e-05   1.7e-05   -8.4e-05   -0.0   2.7e-05   -1.7e-05   8e-06   7e-06   -5.1e-05   -0.0   1.4e-05   -2e-06   2.1e-05   -4e-06   -2.5e-05   0.000132   -4e-06   4e-05   -7e-06   -2e-05   -2e-06   5e-06   -4e-05   2.6e-05   -6e-06   -1.3e-05   1e-05   0.0   -2.1e-05   -1.7e-05   2.2e-05   -6e-06   0.0   1e-05   1e-06   -4.9e-05   -6e-06   -2e-06   -4.4e-05   3.5e-05   1e-06   -4.5e-05   -5.1e-05   3e-06   6e-06   -3e-06   2.1e-05   0.0   -2.9e-05   1e-06   1.2e-05   -1.1e-05   -0.0   -3.4e-05   1e-06   0.0   1.4e-05   -1e-06   -0.0   6e-06   5e-06   -1.3e-05   -3.5e-05   0.0   2e-06   5e-06   2e-06   -1e-06   -1e-06   1.1e-05   5e-06   -1e-06   -4e-05   -3.8e-05   2e-06   4e-06   -4e-05   2e-06   2e-06   5e-06   5e-06   -3.4e-05   3e-06   -0.0   -0.0   -3.1e-05   -5e-06   0.0   0.0   -3.5e-05   -4e-05   6e-06   3e-06   6e-06   1.1e-05   5e-06   3e-06   5e-06   -2.8e-05   1e-06   -6e-06   0.0   -3.9e-05   2e-06   2e-06   8e-06   9e-06   6e-06   4e-06   3e-06   1e-06   0.0   4e-06   -7e-06   -3.4e-05   5e-06   5e-06   1.0   
PDF_7 (0.991166)   -0.003486   -0.00419   9.4e-05   0.000256   0.001436   0.000536   0.000229   -7.8e-05   -0.00011   0.000217   0.000288   -0.000607   -0.00296   0.000106   -0.001455   -4.3e-05   -0.000647   0.000482   -0.000397   0.000872   -0.000389   -0.000276   0.000628   0.000292   -8.1e-05   0.001221   0.00101   -9.8e-05   0.000353   -5.1e-05   0.000685   0.000506   -0.003461   0.000112   0.000637   -0.001249   -3.7e-05   5.1e-05   0.000551   -0.000598   0.002339   -0.000148   -0.000182   0.001261   0.000426   0.000233   0.000601   2.5e-05   0.000731   3.4e-05   0.002703   0.000402   -0.003141   0.000497   -0.00019   -0.000396   6.5e-05   0.000859   -4e-06   -0.000172   0.000197   4.5e-05   -0.000197   -7.9e-05   -6.1e-05   -7.3e-05   -0.000698   -0.000753   -0.000283   0.0   5e-06   -0.0   2e-06   1.2e-05   0.000128   0.000142   0.0   5e-06   0.000137   -1.5e-05   -3e-06   0.000179   -1.3e-05   2.8e-05   7e-06   -0.0   -2e-06   7e-06   1e-05   -1e-06   -0.000255   -1e-06   1.1e-05   -5e-06   2e-06   4e-06   -2e-06   1e-06   -5e-06   -1.3e-05   6e-06   3e-06   -1.5e-05   -1e-06   1e-06   -2e-06   -2.3e-05   -1.5e-05   1.2e-05   -1e-05   8e-06   8e-06   -0.0   -1e-06   -5e-06   5e-06   0.0   7e-06   0.0   8e-06   -0.0   1e-06   -2e-06   0.0   -0.0   -1e-06   -0.0   1e-06   -1e-06   -1e-06   0.0   -8e-06   -1e-06   -0.0   1e-06   1.0   
PDF_70 (0.9944945)   0.000281   1.4e-05   2.6e-05   0.0   0.000175   -1.9e-05   -4e-05   9e-06   -5.2e-05   -6.3e-05   0.000208   -7e-06   6.5e-05   -8.5e-05   -5.3e-05   0.000134   -2.5e-05   4e-05   1.8e-05   2.6e-05   5e-06   -2.9e-05   2e-05   2e-06   9.8e-05   5.1e-05   -5e-06   3.6e-05   4.8e-05   4.5e-05   2.1e-05   2.7e-05   7e-05   -9e-06   -1.2e-05   0.0   -5e-05   8e-06   6.5e-05   -4.1e-05   -1.7e-05   0.0   -1.1e-05   7.4e-05   -5e-06   1.2e-05   0.000188   -2.1e-05   -1.9e-05   3e-06   -2.1e-05   5.4e-05   0.000242   5.4e-05   2.2e-05   -4.9e-05   0.000139   8.9e-05   -5e-06   4.6e-05   1.2e-05   0.000107   3.7e-05   4e-05   2e-06   9e-06   -4e-05   -1.3e-05   -6e-06   0.0   6e-06   0.0   8e-06   2.6e-05   7e-06   -4e-06   6e-06   1.9e-05   -0.0   -3.4e-05   1e-05   2e-06   4e-06   2e-06   -5e-06   8e-06   7e-06   1.1e-05   6e-06   -6e-06   3.1e-05   -2.1e-05   6e-06   -3.3e-05   8e-06   3e-06   -1.1e-05   9e-06   -3.4e-05   1.1e-05   -5e-06   2e-06   5e-06   1.7e-05   -4.4e-05   3e-06   -5e-05   -3.4e-05   6e-06   4e-06   2e-06   -4e-06   1e-06   3e-06   3e-06   1.7e-05   1e-06   0.0   -0.0   6e-06   2e-06   2e-06   6e-06   6e-06   6e-06   0.0   -0.0   6e-06   0.0   -0.0   -3e-06   7.7e-05   0.0   5e-06   6e-06   4e-06   1.0   
PDF_71 (0.9944445)   4.4e-05   4.1e-05   1.2e-05   -1.4e-05   -5e-06   -3e-06   1.1e-05   -8e-06   -2.7e-05   2.7e-05   -3.6e-05   4e-05   9.4e-05   3.2e-05   4.1e-05   0.000235   5e-06   1.6e-05   -1.1e-05   1.5e-05   4e-06   -1.6e-05   2.3e-05   1.6e-05   2.6e-05   1.6e-05   9e-06   0.0   -8e-06   -1e-06   4.1e-05   9e-06   9e-06   -2e-05   -1.8e-05   5e-06   -1.1e-05   5e-06   -2e-05   -3.9e-05   -2e-06   1e-06   -1.9e-05   9.5e-05   -2e-06   2.9e-05   5.5e-05   -9e-06   -5e-06   2e-06   -2.9e-05   -1.5e-05   7.1e-05   4e-05   2.2e-05   -3e-06   -3.3e-05   2.7e-05   -6.1e-05   1.4e-05   9.2e-05   8.3e-05   3.3e-05   0.000106   0.0   1.1e-05   1.8e-05   -2.7e-05   -1.6e-05   -0.0   -1.3e-05   -1e-06   -5e-06   -2e-06   5e-06   -5e-06   5e-06   5e-06   -5e-06   -4e-05   -2e-06   -2e-06   -0.0   0.0   -8e-06   -3e-06   5e-06   -1.1e-05   -6e-06   -1.1e-05   2.1e-05   -5e-06   -6e-06   -5e-06   1e-06   -1e-06   -0.0   -1e-06   -4e-05   2e-06   -3e-06   -2e-06   -1e-06   -6e-06   -3e-06   -2e-06   -1e-06   -4e-05   -9e-06   -7e-06   -4e-06   4e-06   -1e-06   -1e-06   0.0   -7e-06   -6e-06   -1.1e-05   -2.6e-05   1.7e-05   -0.0   3e-06   -9e-06   -0.0   -6e-06   -1e-06   -0.0   0.0   -3e-06   -8e-06   -9e-06   5e-06   -0.0   -2e-06   1e-06   -1e-06   1.7e-05   1.0   
PDF_73 (0.994504)   3.1e-05   6.5e-05   0.0   3.8e-05   0.000112   1.1e-05   -3.5e-05   1.7e-05   -0.000106   6e-06   -0.000108   0.000113   -8.5e-05   0.000134   0.000158   -1.6e-05   -7.9e-05   3e-06   4.1e-05   1e-05   2.8e-05   3.9e-05   8.6e-05   -4.4e-05   2.2e-05   -9e-06   -2.2e-05   1e-06   2e-06   2.6e-05   3.1e-05   2e-05   -8e-06   -1.2e-05   2.9e-05   -9e-06   2.3e-05   2.2e-05   4.9e-05   2.8e-05   -4.3e-05   3.5e-05   8e-06   4.9e-05   2e-05   1.8e-05   8e-05   5e-06   2e-06   8e-06   -4.3e-05   0.000197   0.000155   -4.3e-05   1.4e-05   4.4e-05   5.2e-05   6.6e-05   1.1e-05   2e-05   -2e-05   2.7e-05   -2e-05   -1.1e-05   1.3e-05   7e-06   -2.7e-05   3.5e-05   1e-05   -1e-06   -2e-06   -0.0   3e-06   4.9e-05   2.9e-05   -7e-06   1.8e-05   1.6e-05   2e-06   -2e-06   7e-06   -1e-05   -0.0   2.9e-05   4.9e-05   5.1e-05   8.5e-05   5.3e-05   2.4e-05   -5e-06   2.3e-05   4.9e-05   3.5e-05   1.7e-05   1e-05   2.1e-05   4e-05   3e-05   2.3e-05   7e-06   2.8e-05   1e-05   -1e-06   5.7e-05   1.7e-05   -3e-06   1e-05   -0.0   6.8e-05   2.1e-05   5.9e-05   2e-05   2e-06   3e-06   -2e-06   -0.0   -6e-06   4.6e-05   -3e-06   7.1e-05   2e-06   2e-06   3.8e-05   5e-06   4e-05   4e-05   -1e-06   -6e-06   -2e-06   2.7e-05   9e-06   9.9e-05   1e-06   5e-06   -3e-06   6e-06   6e-06   9e-06   1.0   
PDF_74 (0.9947995)   6.2e-05   -7e-06   1.1e-05   -1.3e-05   5.1e-05   -1.4e-05   -3e-06   5e-06   -2e-06   -2.7e-05   -3.4e-05   1.9e-05   -1.6e-05   3.6e-05   4e-05   5.6e-05   -7.8e-05   -7e-06   0.0   -3e-06   1.3e-05   -4e-06   1.7e-05   -6.9e-05   5e-06   6e-06   -5e-06   7e-06   -7e-06   2e-06   3.2e-05   7e-06   1e-05   1.1e-05   -2e-06   3e-06   1.3e-05   0.0   -1e-05   -0.0   -3e-06   5e-06   5e-06   7e-06   4e-06   -1e-06   -4e-06   -3e-06   -8e-06   1e-06   -1e-06   -4e-06   4e-05   8e-06   2e-06   2.1e-05   4.2e-05   1.7e-05   -2.1e-05   6e-06   2.8e-05   3e-06   -2e-06   3.9e-05   1e-06   -3e-06   -1.2e-05   9e-06   -2.2e-05   0.0   0.0   -0.0   -6e-06   1.1e-05   4e-06   5e-06   2e-06   2.8e-05   -4e-06   -0.0   1.1e-05   -2.3e-05   2e-06   5e-06   0.0   -6e-06   1.1e-05   0.0   1.1e-05   -1.1e-05   -1e-06   -1.1e-05   1.1e-05   -1.1e-05   -5e-06   -2e-06   -0.0   5e-06   -0.0   1.2e-05   2e-06   5e-06   -0.0   6e-06   -5.1e-05   2e-06   1.1e-05   -0.0   0.0   1.4e-05   0.0   0.0   -6e-06   -0.0   4e-06   1.1e-05   0.0   -6e-06   -6e-06   -1.7e-05   2e-06   0.0   0.0   0.0   0.0   0.0   0.0   0.0   -2e-06   1.1e-05   -6e-06   1.1e-05   0.0   2e-06   0.0   -2e-06   0.0   0.0   1.1e-05   1.0   
PDF_75 (0.9944825)   -1.1e-05   -1.2e-05   1e-06   2e-06   -1e-05   -1.5e-05   -4e-06   -0.0   -4e-06   1.4e-05   2.3e-05   8e-06   1.4e-05   -2e-06   1.5e-05   1.1e-05   6e-06   1.5e-05   -1.5e-05   3.6e-05   1e-06   -1.4e-05   2.6e-05   3e-06   3e-06   3.4e-05   -1e-06   -8e-06   6e-06   -2.7e-05   1e-05   2.7e-05   -4e-06   -2e-06   -8e-06   -1.5e-05   -2.3e-05   -2e-06   -2e-06   1e-06   -1e-06   -1e-06   -1e-06   -1.4e-05   1e-06   3.2e-05   6.9e-05   -2.2e-05   -1e-06   0.0   8e-06   -8e-06   1e-06   -2e-06   2e-06   -2e-06   -2e-06   2e-06   -1e-06   6e-06   -2e-06   2e-06   3e-06   5e-06   3e-06   -3e-06   5e-06   2e-06   0.0   -0.0   0.0   -0.0   0.0   0.0   0.0   0.0   0.0   0.0   0.0   0.0   0.0   0.0   0.0   0.0   0.0   0.0   0.0   -0.0   0.0   0.0   0.0   0.0   -0.0   0.0   -0.0   0.0   0.0   0.0   -0.0   0.0   0.0   0.0   0.0   0.0   0.0   0.0   0.0   -0.0   -0.0   -0.0   0.0   0.0   0.0   -0.0   0.0   0.0   0.0   0.0   -0.0   0.0   0.0   0.0   -0.0   0.0   0.0   -0.0   0.0   0.0   -0.0   0.0   0.0   -0.0   -0.0   -0.0   0.0   0.0   0.0   0.0   -0.0   -0.0   1.0   
PDF_76 (0.9947945)   -0.000121   -1.5e-05   -3.7e-05   -4.1e-05   -2.8e-05   7.4e-05   1.2e-05   -2.2e-05   2.8e-05   -3.6e-05   -6.9e-05   -1.1e-05   -0.000113   -1.4e-05   -4.6e-05   -0.000113   -1.6e-05   -2.7e-05   -2e-05   -6.6e-05   -8e-06   5e-06   -1.4e-05   -6.3e-05   -4.8e-05   -3.8e-05   -3e-06   -6e-06   -1.3e-05   -9e-06   -2.3e-05   1.1e-05   -2.9e-05   -3.2e-05   3.1e-05   -3e-05   -5.4e-05   -4.3e-05   -4.6e-05   -6.2e-05   4.1e-05   -3e-06   -9e-06   -2.7e-05   3e-06   1.8e-05   -0.000123   -1.9e-05   2e-06   -8e-06   2.1e-05   -5.6e-05   -0.000111   6e-06   8e-06   -5.9e-05   -0.000108   -1.5e-05   -5.8e-05   -3.5e-05   -3.8e-05   8e-06   -7e-06   -7.4e-05   -7e-06   -2.1e-05   1.6e-05   -4.3e-05   -1.6e-05   -0.0   -4.5e-05   -0.0   -8e-06   -0.0   -6e-06   -2.1e-05   -2e-06   -3.4e-05   -2.2e-05   -4.5e-05   -1.1e-05   -2.1e-05   -2e-06   -2e-06   -1.1e-05   0.0   -4.5e-05   -6e-06   -5e-06   -5.4e-05   -5e-05   -1.1e-05   -4.5e-05   -4.8e-05   -1.6e-05   -2e-06   0.0   -3e-06   -5.1e-05   -6e-06   -4e-06   -2.3e-05   -4.2e-05   -1.1e-05   -4e-05   -1.8e-05   -5.1e-05   -4.5e-05   -3e-06   -6e-06   -1.1e-05   -4.8e-05   -4.5e-05   0.0   -2e-06   -4.2e-05   -5.7e-05   -1.1e-05   -3.1e-05   -5.1e-05   2e-06   -1.8e-05   -1.1e-05   -3.4e-05   -6e-06   -1.1e-05   0.0   -5.1e-05   -2e-06   -5e-06   -3e-06   -4.8e-05   0.0   -1.8e-05   -4e-05   -1.5e-05   -3.4e-05   -4.8e-05   -9e-06   -6e-06   -0.0   1.0   
PDF_77 (0.9920635)   -0.000941   -0.001039   -6.7e-05   0.000448   -0.000126   -0.001263   -0.000299   0.000111   -0.000902   0.000463   0.000346   5e-06   -0.000191   0.000134   0.000512   -0.000401   -8.1e-05   -0.000291   6.3e-05   0.000547   0.000137   -1.5e-05   -0.006175   -0.000206   -7.3e-05   7e-06   0.000236   -0.000284   0.00016   -0.000155   0.000153   0.000364   -0.000666   -2e-06   9.8e-05   -0.000174   -0.000232   2e-06   -1.2e-05   0.000123   0.000315   0.000233   -2.2e-05   -0.001706   -0.000172   0.000266   0.000733   -0.000101   -9.7e-05   4.7e-05   0.001693   -0.000216   0.000778   -0.00019   0.000254   -0.000133   2.8e-05   0.000319   -0.000172   0.00021   0.000205   0.000209   0.000109   0.00019   8.7e-05   0.000209   -0.000928   0.000315   0.000171   0.0   -5e-06   0.0   7e-06   -6e-06   -1.3e-05   -4e-06   -2e-06   -3e-06   -1e-06   -4e-06   0.0   -5e-06   -3e-06   -0.0   6e-06   -1.2e-05   0.0   3e-06   4e-06   -4e-06   -4e-06   6e-06   4e-06   4e-06   4e-06   3e-06   -2e-06   -2e-06   7e-06   5.5e-05   -0.0   -0.0   1e-06   -2e-06   -3e-06   -1e-06   -4e-06   -6e-06   1e-06   4.8e-05   3e-06   -0.0   -4e-06   1e-06   1e-06   1e-06   -6e-06   -1e-06   -6e-06   4e-06   0.0   -1e-06   -7e-06   -0.0   1.3e-05   1.1e-05   1e-06   -4e-06   -2e-06   -3e-06   -6e-06   1.7e-05   0.0   1e-06   1e-06   1.5e-05   -3e-06   1e-06   1e-06   -5e-06   -0.0   -5e-06   1.0   
PDF_78 (0.99447)   -1.5e-05   -2e-05   -2e-06   -3e-06   -5e-06   1e-05   6e-06   -2e-06   1.1e-05   -9e-06   -7e-06   5e-06   5e-05   7e-06   7e-06   1e-06   -6e-06   2e-06   -2e-06   1e-06   0.0   3e-06   2.6e-05   0.0   1e-06   -3e-06   -2e-06   -2e-06   -8e-06   -0.0   4e-06   2e-06   1.7e-05   -1.1e-05   -1e-06   4e-06   1e-06   -0.0   -6e-06   -1e-06   -8e-06   -2e-06   1e-06   3.4e-05   -3e-06   1e-06   5e-06   1e-06   -3e-06   1e-06   -2e-05   1.4e-05   -2.4e-05   3e-06   8e-06   -1e-06   -1e-05   1.1e-05   0.0   6e-06   -2e-06   -4e-06   -2e-06   -3e-06   2e-06   9e-06   5e-06   -1.1e-05   2e-06   -0.0   0.0   -0.0   -4e-06   -1e-06   -1e-06   -1e-06   -1e-06   -1e-06   -1e-06   0.0   -1e-06   0.0   -0.0   1e-06   4e-06   1e-06   1e-06   -1e-06   -1e-06   0.0   4e-06   -2e-06   -0.0   0.0   -0.0   0.0   0.0   0.0   0.0   0.0   0.0   -0.0   -0.0   0.0   0.0   0.0   -0.0   0.0   0.0   -0.0   -0.0   4e-06   4e-06   -1e-06   0.0   1e-06   0.0   0.0   0.0   0.0   -0.0   -1e-06   0.0   2e-06   -0.0   2e-06   -4e-06   -0.0   -0.0   -3e-06   -3e-06   -2e-06   -0.0   -0.0   4e-06   -2e-06   -0.0   -0.0   -0.0   0.0   0.0   -0.0   1e-06   1.0   
PDF_79 (0.994463)   4.2e-05   2.4e-05   2e-06   1.7e-05   9.4e-05   4.3e-05   1.4e-05   6e-06   -1.3e-05   -6.9e-05   -0.000105   6.4e-05   -4.7e-05   8.3e-05   0.000113   -4.8e-05   -9.1e-05   -3e-06   4.9e-05   5e-06   3.8e-05   2.6e-05   3.4e-05   -5.9e-05   -1e-06   -1.8e-05   -2.5e-05   1.3e-05   -4e-06   1e-05   -3e-06   3.3e-05   -2e-05   -3.3e-05   4e-06   4e-06   -3e-06   1.1e-05   2e-05   -1.5e-05   -2e-05   1.8e-05   8e-06   6.3e-05   9e-06   2.6e-05   1.4e-05   1.2e-05   1e-05   5e-06   -1.8e-05   0.00015   7.2e-05   2.6e-05   3.3e-05   0.0   -2.1e-05   8.5e-05   -3.4e-05   2.3e-05   -4.3e-05   1.1e-05   -8e-06   -3.8e-05   1.7e-05   8e-06   3e-06   -3.2e-05   3e-06   -0.0   0.0   -0.0   -4e-06   6.6e-05   1.5e-05   -6e-06   2e-05   3.2e-05   -9e-06   0.0   -6e-06   -3e-06   4e-06   1.5e-05   2.7e-05   4.6e-05   8e-06   3.8e-05   3.4e-05   -0.0   1.1e-05   1.4e-05   -0.0   -1.1e-05   1e-06   1.1e-05   2.8e-05   1.3e-05   0.0   2.1e-05   7e-06   -0.0   -6e-06   4e-05   -5.7e-05   5e-06   1.1e-05   0.0   4.6e-05   1.6e-05   4e-05   -7e-06   -1e-06   4e-06   1.9e-05   1.4e-05   0.0   4.6e-05   4e-05   -6e-06   -2e-06   -3e-06   4.1e-05   1.1e-05   4.6e-05   4.2e-05   2e-06   -6e-06   -0.0   -2.1e-05   -1.1e-05   3e-06   -0.0   -2e-06   1e-05   3e-06   6.8e-05   1e-05   5e-05   -1.1e-05   -0.0   -6e-06   1.6e-05   1e-06   1.0   
PDF_8 (0.9957755)   0.0   3.1e-05   2.6e-05   0.00012   0.000371   -0.000251   -0.000135   8.8e-05   -0.000414   0.000576   -6.2e-05   -2.4e-05   0.000319   0.000243   0.000389   0.000465   -0.000182   -4.7e-05   1.7e-05   6.8e-05   -8e-05   -0.0001   -0.000704   5.3e-05   -5.7e-05   -8.5e-05   0.00018   0.000151   0.000252   -0.000108   -0.000422   -0.000112   -0.001135   4.8e-05   2.6e-05   -0.000236   -1e-05   -0.000152   -1.8e-05   -8.2e-05   3.1e-05   3.3e-05   -2.1e-05   0.000364   4.1e-05   -7.8e-05   0.000623   -7.8e-05   7e-05   1.9e-05   0.000465   0.000132   0.000421   -0.00029   -5e-06   4e-05   8.8e-05   -0.000137   -3.6e-05   -0.000214   6.8e-05   8.4e-05   -1.8e-05   4.1e-05   9.1e-05   5e-05   -0.00026   0.000394   -2.4e-05   -0.0   2e-06   -0.0   -2e-05   3.3e-05   1.3e-05   8e-06   7e-06   1.2e-05   6e-06   2e-06   1.2e-05   -5e-06   -2.3e-05   3e-05   1.8e-05   1.5e-05   6e-06   2.5e-05   -5e-06   2e-06   -4.5e-05   1e-05   9e-06   -4e-06   1e-06   -8e-06   2.1e-05   7e-06   3e-06   8e-06   5e-06   -1e-06   4e-06   1.7e-05   -2.1e-05   -1e-06   1e-05   2e-06   2.3e-05   7e-06   -1e-05   -0.0   -1e-06   -4e-06   -6e-06   6e-06   3e-06   1.8e-05   2e-06   5e-06   -1e-06   2e-06   1.8e-05   2e-06   1.8e-05   1.7e-05   -1e-06   -0.0   -0.0   -2.1e-05   2e-06   8e-06   -0.0   3e-06   5e-06   -7e-06   4e-06   2e-06   2.5e-05   5e-06   0.0   2e-06   -1e-06   -1e-06   1.9e-05   1.0   
PDF_81 (0.9945095)   1.6e-05   1.8e-05   1e-06   0.0   1.7e-05   -1.4e-05   -2e-06   5e-06   -1.5e-05   4e-06   1e-05   -9e-06   -4.8e-05   -1.1e-05   -1.2e-05   -9e-06   4e-06   -3e-06   2e-06   -1e-06   0.0   -0.0   -1.8e-05   1e-06   1e-06   5e-06   1e-06   0.0   6e-06   2e-06   0.0   -3e-06   -1.4e-05   8e-06   4e-06   -0.0   -2e-06   0.0   1e-05   7e-06   5e-06   0.0   -2e-06   -2.9e-05   2e-06   -0.0   5e-06   2e-06   1e-06   1e-06   1.2e-05   4e-06   3.2e-05   0.0   -4e-06   0.0   6e-06   -1.3e-05   5e-06   -4e-06   -3e-06   -1e-06   4e-06   6e-06   -2e-06   -9e-06   -2e-06   8e-06   -0.0   0.0   -0.0   0.0   -2e-06   -1e-06   -1e-06   -2e-06   0.0   -1e-06   0.0   -0.0   -1e-06   1e-06   0.0   0.0   4e-06   -2e-06   -2e-06   -1e-06   -1e-06   -0.0   5e-06   0.0   0.0   -0.0   0.0   -0.0   -0.0   -1e-06   0.0   2e-06   -0.0   -0.0   4e-06   0.0   -0.0   -1e-06   0.0   -0.0   0.0   0.0   0.0   5e-06   4e-06   -0.0   1e-06   -3e-06   -0.0   0.0   -0.0   -0.0   0.0   0.0   -1e-06   2e-06   0.0   2e-06   -3e-06   0.0   0.0   1e-06   -4e-06   -3e-06   -1e-06   -0.0   4e-06   -1e-06   0.0   -1e-06   -1e-06   -0.0   -0.0   -0.0   0.0   -2e-06   2e-06   -0.0   1.0   
PDF_83 (0.994463)   -1.1e-05   -1.6e-05   -3e-06   -5e-06   -7e-06   7e-06   5e-06   -2e-06   -6e-06   6e-06   -5e-06   1e-05   6.9e-05   1.1e-05   1.3e-05   4e-06   -8e-06   4e-06   -1e-06   -2e-06   -0.0   1e-06   3.4e-05   -1e-06   7e-06   -3e-06   -5e-06   -2e-06   -9e-06   3e-06   4e-06   5e-06   2.6e-05   -1.5e-05   -6e-06   5e-06   -2e-06   -0.0   -1e-06   -3e-06   -1.2e-05   -2e-06   0.0   5.1e-05   -5e-06   1e-06   7e-06   2e-06   -3e-06   0.0   -2.9e-05   2.1e-05   -2e-05   2e-06   1.3e-05   -6e-06   -8e-06   1.9e-05   1e-06   1e-05   -2e-06   -7e-06   -4e-06   1e-06   3e-06   1.3e-05   6e-06   -1.4e-05   3e-06   -0.0   -0.0   0.0   -2e-06   -0.0   -0.0   -1e-06   1e-06   -1e-06   -1e-06   -0.0   1e-06   1e-06   1e-06   1e-06   5e-06   2e-06   0.0   -1e-06   -1e-06   -0.0   3e-06   -1e-06   -0.0   -0.0   1e-06   0.0   0.0   -0.0   -0.0   2e-06   0.0   -0.0   4e-06   -0.0   -0.0   0.0   -0.0   -0.0   0.0   -0.0   -0.0   5e-06   4e-06   4e-06   2e-06   0.0   -0.0   0.0   0.0   0.0   -0.0   -0.0   0.0   2e-06   0.0   0.0   -2e-06   -0.0   -0.0   3e-06   2e-06   0.0   -1e-06   -0.0   3e-06   -0.0   0.0   1e-06   4e-06   0.0   0.0   -0.0   1e-06   2e-06   6e-06   -1e-06   1e-06   1.0   
PDF_84 (0.9944935)   -1.5e-05   9e-06   1e-06   7e-06   3.2e-05   1.5e-05   1e-06   1.1e-05   -2.8e-05   -5e-06   0.0   -9e-06   -7e-06   -2.8e-05   -5.4e-05   5e-05   -7.9e-05   -1.3e-05   4e-06   -6e-06   -1.3e-05   -2.1e-05   1.8e-05   -2.3e-05   -9e-06   -3e-06   -3e-06   2e-06   -2.3e-05   -1.8e-05   2.9e-05   -4e-06   5.8e-05   1.1e-05   -6e-06   -1.9e-05   -1.2e-05   -1e-06   8e-06   -1e-06   -1.9e-05   -7e-06   2e-06   2e-06   -5e-06   1.1e-05   -1.1e-05   -3e-06   -1.6e-05   -4e-06   -2.2e-05   -2.7e-05   8.2e-05   -5e-06   1.1e-05   -3e-06   -5e-06   -1e-06   -4.7e-05   -1.2e-05   1e-05   -1e-06   -4e-06   2e-05   -3e-06   -1.5e-05   3.6e-05   -3.6e-05   -3e-05   -0.0   0.0   1e-06   -7.9e-05   1e-06   3e-06   -0.0   1e-06   1e-06   -9e-06   -0.0   1.2e-05   -2.7e-05   0.0   5e-06   -1.1e-05   1e-06   1e-06   0.0   -6.7e-05   -1.2e-05   -1.4e-05   -1e-05   1.1e-05   -2.2e-05   -9e-06   -5e-06   -2.2e-05   -4e-06   1e-06   0.0   -4e-06   0.0   -1.1e-05   0.0   0.0   -4e-06   1.1e-05   0.0   5.7e-05   1e-06   -1.2e-05   1e-06   0.0   0.0   1e-06   1e-06   1e-06   -0.0   0.0   4.6e-05   -4e-06   -4e-06   2e-06   0.0   -0.0   -0.0   -0.0   2e-06   0.0   -1.1e-05   0.0   6.8e-05   0.0   -4e-06   -1e-06   0.0   5.7e-05   0.0   5.7e-05   -1.1e-05   -0.0   0.0   1e-06   -0.0   -1.1e-05   1e-06   0.0   -0.0   1.0   
PDF_85 (0.9944885)   0.00028   0.000153   8e-06   2.5e-05   0.000138   -0.000117   -1.2e-05   3.2e-05   -9.7e-05   3.3e-05   7.9e-05   2.9e-05   8.2e-05   2.3e-05   0.0001   0.000135   -1.2e-05   3.1e-05   2.8e-05   -0.0   6.1e-05   2.3e-05   -1.5e-05   1.8e-05   7.2e-05   5.4e-05   -2e-06   3.8e-05   5.5e-05   6.3e-05   3.6e-05   1.1e-05   2.3e-05   9e-06   -5.2e-05   3.5e-05   5e-06   1.7e-05   9.6e-05   3.5e-05   -6e-06   1.6e-05   -4e-06   0.000126   2.8e-05   -2.3e-05   0.000104   2.6e-05   3.1e-05   1.7e-05   1e-05   0.000231   0.000303   3.6e-05   5.3e-05   7.9e-05   0.000153   7.5e-05   1e-06   7.4e-05   4.9e-05   4.8e-05   2.3e-05   8.5e-05   2e-06   3.7e-05   -8.6e-05   -8e-06   -0.0   -0.0   6e-06   0.0   4e-06   6e-06   2.8e-05   -1e-06   4e-06   1.2e-05   4e-06   -3.7e-05   -7e-06   1e-06   3e-06   -1e-06   0.0   4e-06   5e-06   6e-06   1.1e-05   -7e-06   8e-06   0.0   -2e-06   5e-06   4e-06   2.2e-05   6e-06   0.0   -2.9e-05   5e-06   -1e-06   2e-06   1.1e-05   6e-06   5e-06   0.0   6.7e-05   -3.4e-05   1.2e-05   1.4e-05   -0.0   1.1e-05   6e-06   -1e-06   -2e-06   6e-06   5e-06   5e-06   -0.0   -1e-06   -0.0   4e-06   1.1e-05   1.1e-05   6e-06   6e-06   -0.0   -0.0   -3e-06   5e-06   -0.0   6.7e-05   0.0   -0.0   5e-06   0.0   8e-05   1.1e-05   4e-06   0.0   -0.0   -3.4e-05   2e-05   -0.0   1.1e-05   5e-06   0.0   0.0   -1e-06   1.0   
PDF_86 (0.9944665)   -3.1e-05   7e-06   9e-06   8e-06   3.2e-05   -8e-06   2.4e-05   3e-06   1.5e-05   -3e-05   -4.5e-05   3.2e-05   5e-06   6e-05   0.000105   5.4e-05   -0.000104   5e-06   1.2e-05   5.9e-05   1.3e-05   1.3e-05   3.4e-05   1e-06   4e-06   -1.3e-05   -1.7e-05   6e-06   -0.0   1.3e-05   3.9e-05   1e-05   -5.3e-05   -1.4e-05   -2.1e-05   2.6e-05   2.5e-05   1.6e-05   -5e-06   1e-05   -2e-05   1.7e-05   4e-06   -1.5e-05   3e-06   2e-06   -2.1e-05   -4e-06   -4e-06   4e-06   -9e-06   4.9e-05   4.1e-05   4e-06   1.3e-05   -6e-06   -1.2e-05   1.5e-05   -3e-06   2.6e-05   1.7e-05   1.3e-05   -5e-06   8e-06   3e-06   1.8e-05   -4.2e-05   1.9e-05   7e-06   -0.0   -0.0   0.0   1.4e-05   2.8e-05   0.0   0.0   1e-06   2.3e-05   1e-06   -1e-06   2.2e-05   6e-06   1e-06   5e-06   1.6e-05   1.3e-05   1.1e-05   1.1e-05   1.2e-05   1e-05   1e-06   -1e-06   1.1e-05   1e-06   2e-06   -0.0   1e-06   5e-06   -1e-06   1.2e-05   -1e-06   5e-06   0.0   1.1e-05   1.1e-05   5e-06   2.1e-05   -0.0   1.1e-05   -0.0   1e-05   5e-06   5e-06   -0.0   5e-06   1.2e-05   0.0   -0.0   -0.0   5.8e-05   -0.0   1e-06   -0.0   2e-06   0.0   2e-06   1e-06   -0.0   -0.0   1.4e-05   1.3e-05   7.9e-05   -0.0   -0.0   5e-06   -1e-06   0.0   -1e-06   1e-05   1.1e-05   0.0   -0.0   1e-06   1e-06   1e-06   5e-06   -1e-06   3e-06   -0.0   -2e-06   1.0   
PDF_87 (0.994763)   -0.000237   -0.000134   -6.6e-05   -8.8e-05   -0.000143   5.6e-05   8e-06   -4e-05   4.4e-05   3.4e-05   0.000107   -0.000102   -3.9e-05   -0.000145   -0.000188   -4e-06   -0.000113   -2.9e-05   -7.9e-05   -7e-05   -6.6e-05   -4.7e-05   2.1e-05   -9.8e-05   -4.6e-05   -5.5e-05   -4e-06   -3.6e-05   -3.3e-05   -3.9e-05   2.9e-05   -2.1e-05   -7e-06   -2e-05   4.2e-05   -4.4e-05   -4.4e-05   -5.4e-05   -0.00013   -3.5e-05   2.3e-05   -1.9e-05   -1.1e-05   -0.000101   -1.9e-05   -7e-06   -0.00014   -1.3e-05   -3.8e-05   -1e-05   6.7e-05   -0.000199   -0.000234   -5e-05   -1.9e-05   -5.4e-05   -4.8e-05   0.0   -9.3e-05   -4.6e-05   -1.9e-05   1e-06   -2.8e-05   3.2e-05   1e-06   -3e-05   5.9e-05   -6.8e-05   -7e-06   -0.0   6e-06   -0.0   -0.000138   -2.8e-05   -2.9e-05   -3.1e-05   2e-06   2.3e-05   -2.4e-05   -5e-06   -5.9e-05   -4.3e-05   1e-06   -6e-06   -5.1e-05   -5.7e-05   -3e-06   -5.4e-05   -0.000105   -7.3e-05   -3.7e-05   -7.4e-05   -3.1e-05   -5.7e-05   -1.9e-05   -2e-05   -7.9e-05   -3.2e-05   2e-05   -2.3e-05   -2.1e-05   -3.4e-05   -7e-05   -5.7e-05   -5.9e-05   -1.9e-05   -6.5e-05   0.0   -7.4e-05   2.2e-05   -4.8e-05   -4e-05   -6e-06   0.0   -3.3e-05   -5.7e-05   -1.1e-05   1.1e-05   -3e-06   2e-05   -2.5e-05   -5e-06   -6e-06   -6e-06   6e-06   3.4e-05   0.0   -6e-06   -1e-06   -7e-05   -6.8e-05   -5.7e-05   -0.0   -2.3e-05   0.0   1e-05   -0.0   -9e-06   2.5e-05   -6.2e-05   0.0   -8e-06   8e-06   0.0   2.8e-05   -1.2e-05   -0.0   -0.0   -6.8e-05   1.1e-05   1.1e-05   1.0   
PDF_88 (0.9956445)   3.6e-05   3.8e-05   -0.0   1e-06   2.3e-05   -9e-06   -4e-06   5e-06   -1.6e-05   -1e-06   -7e-06   -1.9e-05   -8.4e-05   -1.3e-05   -2.6e-05   -1.6e-05   4e-06   -1.4e-05   1.2e-05   -2.5e-05   -0.0   8e-06   -4.9e-05   -1e-06   -2e-06   -1.5e-05   4e-06   7e-06   6e-06   1.9e-05   -1e-05   -2.3e-05   -2e-05   1.5e-05   1.1e-05   8e-06   1.7e-05   2e-06   1.3e-05   6e-06   1e-05   2e-06   -1e-06   -4.1e-05   3e-06   -2.1e-05   -4e-05   1.5e-05   4e-06   -0.0   1.9e-05   0.0   4.4e-05   0.0   -1.1e-05   5e-06   6e-06   -1.7e-05   5e-06   -1.3e-05   -5e-06   -2e-06   5e-06   4e-06   -4e-06   -1.2e-05   -1e-05   1.4e-05   -1e-06   0.0   -0.0   0.0   -1e-06   -0.0   0.0   -1e-06   0.0   0.0   -0.0   -0.0   -1e-06   0.0   1e-06   1e-06   1e-06   -1e-06   -0.0   -0.0   -0.0   -0.0   2e-06   -1e-06   -0.0   0.0   0.0   -0.0   0.0   -0.0   0.0   0.0   -0.0   -0.0   2e-06   -0.0   0.0   0.0   -0.0   -0.0   0.0   0.0   -0.0   2e-06   2e-06   -0.0   0.0   -1e-06   -0.0   -0.0   -0.0   0.0   -0.0   -0.0   0.0   2e-06   0.0   1e-06   1e-06   -0.0   -0.0   1e-06   -1e-06   -1e-06   -0.0   0.0   2e-06   0.0   0.0   1e-06   2e-06   0.0   0.0   0.0   1e-06   -1e-06   1e-06   -1e-06   0.0   1e-06   0.0   0.0   0.0   -0.0   1.0   
PDF_89 (0.995052)   -7e-06   -9e-06   1e-06   2e-06   -8e-06   -1.1e-05   -3e-06   0.0   -2e-06   1e-05   1.7e-05   5e-06   1e-05   -2e-06   1.1e-05   7e-06   5e-06   1.1e-05   -1e-05   2.6e-05   1e-06   -1e-05   1.8e-05   2e-06   2e-06   2.5e-05   -1e-06   -6e-06   5e-06   -2e-05   7e-06   1.9e-05   -2e-06   -1e-06   -6e-06   -1e-05   -1.7e-05   -1e-06   -1e-06   1e-06   -1e-06   -0.0   -0.0   -1e-05   0.0   2.3e-05   5e-05   -1.6e-05   -0.0   0.0   6e-06   -6e-06   0.0   -1e-06   2e-06   -1e-06   -1e-06   1e-06   -0.0   4e-06   -2e-06   1e-06   2e-06   3e-06   2e-06   -2e-06   4e-06   1e-06   0.0   -0.0   0.0   -0.0   0.0   0.0   0.0   0.0   0.0   0.0   0.0   0.0   0.0   0.0   0.0   0.0   0.0   0.0   0.0   -0.0   0.0   0.0   0.0   0.0   0.0   0.0   -0.0   0.0   0.0   0.0   -0.0   0.0   0.0   0.0   0.0   -0.0   0.0   0.0   0.0   -0.0   -0.0   -0.0   -0.0   0.0   0.0   -0.0   0.0   0.0   0.0   0.0   -0.0   0.0   0.0   0.0   -0.0   0.0   -0.0   -0.0   0.0   0.0   -0.0   0.0   0.0   0.0   -0.0   -0.0   0.0   0.0   0.0   -0.0   -0.0   -0.0   0.0   -0.0   -0.0   0.0   -0.0   -0.0   -0.0   0.0   -0.0   -0.0   0.0   0.0   0.0   1.0   
PDF_9 (0.994407)   -0.000119   -1e-05   -3.3e-05   -3.8e-05   -2.2e-05   5e-05   1.2e-05   -1.8e-05   3.8e-05   -3.1e-05   -0.000141   -2.8e-05   -0.000126   1.4e-05   2e-05   -0.000125   -2.7e-05   -1.1e-05   -1.6e-05   -4e-06   -6e-06   3.5e-05   2.3e-05   -4.7e-05   -3.3e-05   -4.2e-05   -9e-06   -5e-06   -1.3e-05   -1.1e-05   -1.8e-05   2.1e-05   1.8e-05   -2.6e-05   3.3e-05   -3.5e-05   -4.1e-05   -3.5e-05   -5.4e-05   -4.1e-05   2.6e-05   2e-06   -4e-06   -5.4e-05   4e-06   2.4e-05   -9.5e-05   2e-06   -3e-06   -6e-06   -2.4e-05   -1e-05   -0.000108   -1.1e-05   2e-06   -5.8e-05   -9.4e-05   -9e-06   -5.1e-05   -2.7e-05   -3.7e-05   1.5e-05   -3.4e-05   -5.8e-05   3e-06   -1.5e-05   -6e-06   -2.7e-05   -1.7e-05   -0.0   -4e-05   -0.0   -4.5e-05   -0.0   -1e-06   -2e-05   2e-06   -2.8e-05   -1.9e-05   -4e-05   -8e-06   -1.9e-05   -4e-06   -6e-06   -1.1e-05   0.0   -4.8e-05   -3e-06   3e-06   -5.4e-05   -4.1e-05   -6e-06   -8e-06   -3.7e-05   -1.6e-05   1e-06   0.0   -1e-06   -4.5e-05   1e-06   -3e-06   -1.8e-05   -3.9e-05   0.0   3e-06   -1.8e-05   -5.4e-05   -4e-05   -1.1e-05   -1e-06   -8e-06   -2.3e-05   -4.5e-05   0.0   0.0   -3.7e-05   -4.5e-05   -6e-06   6e-06   -4.8e-05   2e-06   -1.6e-05   -3e-06   -3.7e-05   -0.0   -6e-06   0.0   -4e-05   -6e-06   -3e-06   -6e-06   -4.8e-05   0.0   -1.8e-05   -3.4e-05   -1.6e-05   -3.4e-05   -9e-06   -3e-06   0.0   -0.0   -4.8e-05   -6e-06   0.0   0.0   2e-06   -0.0   -0.0   -0.0   1.1e-05   -0.0   -6e-06   -0.0   -0.0   1.0   
PDF_90 (0.994516)   2.7e-05   2.8e-05   -1e-06   1e-06   1.9e-05   -4e-06   -3e-06   3e-06   -1.2e-05   -3e-06   -8e-06   -1.4e-05   -6.2e-05   -8e-06   -2e-05   -1.8e-05   2e-06   -1.3e-05   1.1e-05   -2.4e-05   -0.0   8e-06   -3.8e-05   -1e-06   -3e-06   -1.5e-05   3e-06   6e-06   3e-06   1.8e-05   -1e-05   -2.1e-05   -1.3e-05   1.1e-05   1e-05   9e-06   1.6e-05   1e-06   1.1e-05   6e-06   6e-06   2e-06   -0.0   -2.6e-05   2e-06   -2e-05   -4e-05   1.4e-05   3e-06   0.0   9e-06   5e-06   3.2e-05   1e-06   -8e-06   6e-06   7e-06   -1.1e-05   5e-06   -1e-05   -4e-06   -2e-06   1e-06   -1e-06   -4e-06   -8e-06   -8e-06   9e-06   -1e-06   0.0   -0.0   -0.0   -1e-06   1e-06   0.0   -0.0   0.0   0.0   0.0   -0.0   -1e-06   0.0   0.0   0.0   2e-06   -0.0   -1e-06   -0.0   -0.0   -0.0   2e-06   0.0   -0.0   0.0   0.0   -0.0   0.0   0.0   0.0   0.0   -0.0   -0.0   1e-06   -0.0   0.0   0.0   0.0   -0.0   0.0   0.0   0.0   1e-06   2e-06   0.0   0.0   -1e-06   0.0   0.0   -0.0   0.0   -0.0   0.0   -1e-06   -0.0   -0.0   1e-06   -1e-06   0.0   0.0   1e-06   -0.0   0.0   -0.0   0.0   2e-06   0.0   0.0   1e-06   2e-06   0.0   0.0   0.0   1e-06   -1e-06   1e-06   -0.0   0.0   1e-06   0.0   0.0   0.0   -0.0   0.0   0.0   0.0   1.0   
PDF_91 (0.994514)   1.2e-05   1.9e-05   -0.0   2e-06   6e-06   -2e-06   0.0   2e-06   -7e-06   3e-06   5e-06   -4e-06   -4.3e-05   -1.5e-05   -5.2e-05   -7e-06   7e-06   -4e-06   1e-06   -6e-06   -2e-06   -0.0   -2.4e-05   -2e-06   -0.0   7e-06   7e-06   4e-06   -3e-06   -7e-06   -1e-05   -6e-06   3.4e-05   1.4e-05   5e-06   -1.3e-05   2e-06   2e-06   9e-06   4e-06   3e-06   -7e-06   1e-06   8e-06   -1e-06   6e-06   2.5e-05   -2e-06   0.0   0.0   7e-06   -2e-06   3e-06   -1e-06   -6e-06   5e-06   2.9e-05   -6e-06   5e-06   -1.6e-05   -9e-06   -1e-06   5e-06   6e-06   -2e-06   -1.7e-05   3.8e-05   -7e-06   -1e-06   -0.0   0.0   -0.0   0.0   0.0   0.0   -1e-06   -0.0   -0.0   -0.0   -0.0   -0.0   0.0   0.0   -0.0   2e-06   0.0   -1e-06   -0.0   -0.0   -0.0   0.0   1e-06   -0.0   -0.0   0.0   -0.0   0.0   0.0   0.0   1e-06   -0.0   -0.0   2e-06   0.0   -0.0   0.0   -1e-06   -0.0   -0.0   0.0   0.0   2e-06   2e-06   -0.0   1e-06   -1e-06   0.0   -1e-06   0.0   0.0   0.0   0.0   0.0   0.0   0.0   1e-06   -0.0   -0.0   -0.0   -0.0   0.0   -0.0   -0.0   0.0   2e-06   0.0   0.0   -0.0   2e-06   -0.0   -0.0   -0.0   1e-06   0.0   1e-06   -1e-06   1e-06   -0.0   -0.0   -0.0   1e-06   -0.0   0.0   -0.0   -0.0   0.0   1.0   
PDF_92 (0.9948045)   -0.000272   -0.00015   -6.1e-05   -0.000108   -0.00017   8e-05   1.7e-05   -3.2e-05   9.2e-05   9e-06   6.2e-05   -0.000104   -4.1e-05   -0.000159   -0.00019   -5.5e-05   -9.3e-05   -4.1e-05   -9e-05   -6.2e-05   -6.8e-05   -7.7e-05   -4.7e-05   -0.000104   -6.6e-05   -5e-05   -3e-06   -3.6e-05   -5.5e-05   -3.4e-05   -9e-06   -1.8e-05   2.3e-05   -2.2e-05   4.7e-05   -3.5e-05   -8.4e-05   -7.3e-05   -0.000126   -7.9e-05   4.3e-05   -2.9e-05   -2.5e-05   -0.000142   -2.3e-05   -1.3e-05   -0.000182   -1.8e-05   -6.2e-05   -2e-05   4.9e-05   -0.000301   -0.000316   -5e-05   -3.1e-05   -0.000107   -0.000134   -0.000132   -0.000136   -6.5e-05   -2.7e-05   -2.6e-05   -2.8e-05   -4e-05   -0.0   -3.8e-05   5.7e-05   -7.8e-05   -4.9e-05   -0.0   0.0   -0.0   -7.9e-05   -5.7e-05   -2.2e-05   -2.6e-05   -0.0   -0.0   -3e-05   0.0   -5.7e-05   -3e-05   -1e-06   -2.2e-05   -8e-05   -6.8e-05   -0.0   -6.8e-05   -7.9e-05   -6.7e-05   -7.8e-05   -7.9e-05   -6.8e-05   -7.9e-05   -3.2e-05   -2.7e-05   -7.9e-05   -3.2e-05   0.0   -2.9e-05   -2.7e-05   -3.2e-05   -7.9e-05   -6.8e-05   -6.8e-05   -2.7e-05   -5.6e-05   0.0   -6.8e-05   -1e-06   -6.8e-05   -8e-05   0.0   0.0   -3e-05   0.0   0.0   -0.0   0.0   -1.1e-05   -3.2e-05   -2.7e-05   -0.0   0.0   -0.0   -0.0   0.0   0.0   0.0   -6.8e-05   0.0   -6.8e-05   -0.0   -2.7e-05   0.0   1e-06   -0.0   -0.0   -1.2e-05   -6.8e-05   0.0   0.0   3e-06   0.0   -1.2e-05   -3.2e-05   -0.0   -0.0   -7.9e-05   -0.0   -0.0   -0.000136   -0.0   0.0   0.0   -0.0   -0.0   1.0   
PDF_93 (0.9945205)   1.9e-05   3.6e-05   -2e-06   2e-06   9e-06   -2.1e-05   -6e-06   6e-06   -3.1e-05   2.3e-05   2e-06   -1.4e-05   -8.5e-05   -1.2e-05   -1.3e-05   -7e-06   8e-06   -5e-06   2e-06   0.0   1e-06   -1e-06   -3.4e-05   -2e-06   0.0   7e-06   2e-06   0.0   9e-06   -1e-06   -6e-06   -5e-06   -2.8e-05   1.4e-05   8e-06   -2e-06   0.0   -1e-06   1.1e-05   1e-05   9e-06   1e-06   -1e-06   -5.7e-05   3e-06   0.0   -2e-06   -1e-06   3e-06   -1e-06   2.4e-05   -1.2e-05   4.4e-05   -3e-06   -1.2e-05   0.0   2e-06   -2.1e-05   3e-06   -9e-06   -7e-06   1e-06   7e-06   1.4e-05   -5e-06   -1.5e-05   -5e-06   1.2e-05   -3e-06   0.0   -0.0   -0.0   -1e-06   -3e-06   -2e-06   -2e-06   -0.0   -0.0   -1e-06   0.0   -3e-06   0.0   0.0   -1e-06   -1e-06   -6e-06   -2e-06   -1e-06   -6e-06   -0.0   -0.0   -1e-06   0.0   0.0   0.0   -0.0   0.0   -1e-06   -0.0   1e-06   -0.0   0.0   2e-06   0.0   -0.0   -1e-06   0.0   0.0   0.0   0.0   0.0   2e-06   -1e-06   -1e-06   -1e-06   -2e-06   0.0   -0.0   -0.0   -0.0   0.0   -1e-06   -3e-06   1e-06   0.0   -1e-06   -2e-06   0.0   0.0   -0.0   -4e-06   -1e-06   -1e-06   0.0   2e-06   -0.0   0.0   -4e-06   -1e-06   -0.0   -0.0   0.0   -0.0   -1e-06   2e-06   -2e-06   -0.0   0.0   0.0   -0.0   0.0   -0.0   1e-06   -0.0   0.0   -1e-06   -1e-06   0.0   1.0   
PDF_94 (0.9944575)   -2.8e-05   -3.3e-05   -3e-06   -8e-06   -1.3e-05   2.2e-05   9e-06   -4e-06   1e-05   -7e-06   -2.1e-05   1e-05   7.1e-05   1.5e-05   1.7e-05   2e-06   -9e-06   4e-06   -3e-06   3e-06   0.0   5e-06   4e-05   -1e-06   6e-06   -8e-06   -4e-06   -2e-06   -1.2e-05   -0.0   7e-06   7e-06   3.1e-05   -1.9e-05   -5e-06   3e-06   -3e-06   -2e-06   -9e-06   -5e-06   -9e-06   -3e-06   1e-06   5.1e-05   -7e-06   0.0   1e-06   -0.0   -6e-06   0.0   -3.1e-05   1.1e-05   -4.5e-05   2e-06   1.3e-05   -6e-06   -1.6e-05   1.6e-05   -3e-06   9e-06   -1e-06   -1e-06   -4e-06   -5e-06   1e-06   1.4e-05   8e-06   -1.3e-05   2e-06   -0.0   0.0   -1e-06   -4e-06   -2e-06   -1e-06   -1e-06   1e-06   -1e-06   -0.0   0.0   -2e-06   1e-06   -1e-06   -0.0   -0.0   -5e-06   -3e-06   -0.0   -1e-06   0.0   0.0   -4e-06   -0.0   0.0   -1e-06   0.0   0.0   -0.0   0.0   1e-06   0.0   0.0   1e-06   0.0   0.0   0.0   -0.0   0.0   -0.0   -0.0   -0.0   3e-06   -1e-06   -1e-06   1e-06   -3e-06   0.0   0.0   0.0   0.0   0.0   -1e-06   -1e-06   -1e-06   -0.0   1e-06   -4e-06   0.0   -0.0   0.0   -1e-06   -5e-06   -0.0   -0.0   1e-06   -2e-06   -0.0   -2e-06   -1e-06   0.0   0.0   0.0   0.0   0.0   3e-06   -1e-06   -1e-06   -0.0   -0.0   -0.0   0.0   0.0   0.0   0.0   0.0   -0.0   -0.0   0.0   -2e-06   1.0   
PDF_95 (0.9944665)   -3e-06   -1.2e-05   2e-06   -5e-06   -4e-06   6e-06   4e-06   -1e-06   3e-06   -2e-06   -1.4e-05   1.4e-05   5.5e-05   1.5e-05   1.9e-05   3e-06   -7e-06   3e-06   -1e-06   -2e-06   -0.0   0.0   3e-05   1e-06   5e-06   -2e-06   -7e-06   1e-06   -8e-06   3e-06   5e-06   6e-06   2.6e-05   -1.2e-05   -3e-06   5e-06   -0.0   2e-06   2e-06   -0.0   -9e-06   -2e-06   2e-06   4.3e-05   -3e-06   2e-06   7e-06   2e-06   -3e-06   1e-06   -2.3e-05   2.1e-05   -1e-05   4e-06   1.1e-05   -1e-06   -6e-06   1.6e-05   2e-06   1.1e-05   -1e-06   -5e-06   -1e-06   1e-06   2e-06   1.2e-05   5e-06   -9e-06   2e-06   -0.0   -0.0   0.0   -1e-06   2e-06   0.0   1e-06   1e-06   -1e-06   -0.0   -0.0   2e-06   2e-06   1e-06   2e-06   5e-06   3e-06   2e-06   5e-06   -1e-06   -0.0   5e-06   0.0   -0.0   -0.0   1e-06   0.0   -0.0   1e-06   -0.0   1e-06   0.0   -0.0   7e-06   -0.0   -0.0   0.0   -0.0   -0.0   0.0   -0.0   -0.0   7e-06   4e-06   4e-06   1e-06   3e-06   -0.0   0.0   0.0   -0.0   -0.0   2e-06   -1e-06   4e-06   0.0   3e-06   -1e-06   -0.0   -0.0   5e-06   -1e-06   2e-06   -1e-06   -0.0   6e-06   1e-06   0.0   2e-06   4e-06   0.0   0.0   -0.0   2e-06   4e-06   3e-06   -1e-06   4e-06   4e-06   -0.0   0.0   4e-06   -0.0   1e-06   0.0   -0.0   2e-06   0.0   -0.0   2e-06   2e-06   1.0   
PDF_97 (0.9965475)   0.000863   0.001018   1.5e-05   -0.000471   7.1e-05   0.00121   0.000284   -9.7e-05   0.000869   -0.000387   -0.000408   -7e-05   0.000179   -0.000217   -0.000475   0.000353   -3.4e-05   0.000259   -0.000124   -0.000622   -0.000208   -6.1e-05   0.005812   9.5e-05   3.5e-05   -6e-05   -0.000242   0.000291   -0.000177   0.000197   -0.000135   -0.000369   0.000909   -2.9e-05   -0.000134   0.000147   0.000211   -9.5e-05   -3.1e-05   -9.8e-05   -0.000217   -0.000244   3.6e-05   0.001954   0.00011   -0.000306   -0.000682   0.000128   1.3e-05   -5.8e-05   -0.001778   0.000151   -0.000546   0.000154   -0.000197   9.3e-05   -0.000121   -0.000223   0.0001   -0.000243   -0.000148   -6e-05   -0.00016   -0.000188   -7.4e-05   -0.000121   0.000891   -0.000565   -0.000159   -0.0   -1.8e-05   -0.0   -3.7e-05   -2.7e-05   3e-06   -1.4e-05   1e-06   -1.4e-05   -1.8e-05   -1.9e-05   -2.9e-05   -2.7e-05   4e-06   -2e-06   1e-06   -2.9e-05   -1.3e-05   6e-06   -4.7e-05   -4.8e-05   -2.5e-05   -3.4e-05   -1.7e-05   -3.4e-05   -1.1e-05   -1.4e-05   -2.9e-05   -1.2e-05   -1e-05   -5.2e-05   -7e-06   -1.3e-05   -4.5e-05   -1.9e-05   -2.4e-05   -1.7e-05   -2.1e-05   -1.8e-05   -2.5e-05   -3.9e-05   -8e-06   -2.7e-05   -2e-05   -0.0   -1.7e-05   -8e-06   -1.6e-05   -1e-06   -0.0   -1.5e-05   -1e-05   0.0   -1e-06   0.0   6e-06   -0.0   -2e-06   -1.7e-05   -2e-06   -2.6e-05   -1e-06   -1.7e-05   -1e-06   -1.2e-05   -1.7e-05   -1.5e-05   3.4e-05   3e-06   1.3e-05   -2e-05   0.0   -2.1e-05   7e-05   -1e-06   -1e-06   -5e-06   0.0   -1e-06   -2.8e-05   2.7e-05   3e-06   -4.4e-05   0.0   0.0   -1.6e-05   -0.0   -0.0   -5.7e-05   -2e-06   -2e-06   0.0   1.0   
PDF_98 (0.994486)   -2e-05   2e-06   -0.0   -5.5e-05   -2e-05   8e-06   1e-06   -1e-05   1e-05   5e-06   -4.3e-05   -3e-06   -2.2e-05   1.7e-05   1.2e-05   1.7e-05   -8e-06   -5e-06   -8e-06   -1.3e-05   -8e-06   9e-06   1e-05   -4e-06   -8e-06   -1e-05   -4e-06   -1e-06   -1.3e-05   1e-06   2.4e-05   2e-06   2.7e-05   -1.6e-05   1.1e-05   -1e-05   -5e-06   -1e-05   -5.2e-05   -4.8e-05   2.3e-05   1e-06   0.0   8e-06   -2e-06   -2e-06   -8e-06   1e-06   -1.3e-05   -2e-06   4e-06   -7e-06   -5.9e-05   -7e-06   -1e-06   -1.1e-05   1.1e-05   -1.3e-05   -1.9e-05   0.0   2.9e-05   3e-06   2e-06   2.4e-05   -3e-06   -1e-06   1.6e-05   1.4e-05   4e-06   0.0   0.0   -0.0   -3e-06   0.0   2e-06   -5e-06   2e-06   6e-06   -1e-06   -4e-05   -1.9e-05   -3e-06   0.0   -2e-06   -2.1e-05   1e-06   3e-06   -7e-06   -4e-06   -8e-06   -8e-06   2e-06   -6e-06   -6e-06   -1e-06   -1e-06   0.0   -2e-06   -3.7e-05   -1e-06   -2e-06   -6e-06   4e-06   -6e-06   -6e-06   -2e-06   -9e-06   -4.5e-05   -9e-06   1e-05   1e-06   2.5e-05   0.0   0.0   0.0   3e-06   0.0   -1.3e-05   -2.8e-05   -7e-06   0.0   2e-06   -2e-06   -2e-06   -6e-06   0.0   0.0   -6e-06   -3e-06   -1.1e-05   -7e-06   -8e-06   0.0   -2e-06   6e-06   -1e-06   -6e-06   -1.4e-05   1.5e-05   0.0   -0.0   -4.3e-05   -8e-06   0.0   6e-06   2e-06   -0.0   0.0   -0.0   1.1e-05   -0.0   -6e-06   -0.0   -0.0   -6e-06   -0.0   0.0   0.0   -0.0   0.0   0.0   0.0   1.0   
PDF_ALPHAS (0.9946575)   -0.004339   -0.005814   0.00038   -0.000321   0.002853   -0.002588   -0.00131   0.000642   -0.002846   0.004157   -0.001774   -0.000568   -0.003855   -0.003996   -0.003319   -0.00239   0.000285   -0.000699   -0.000332   0.002377   9.2e-05   0.004024   0.000645   0.002556   -0.000293   0.001015   0.00175   0.000336   -0.000458   0.001417   0.006631   0.000578   0.002863   -1e-05   0.000427   -0.002208   -0.000278   -0.002861   -0.000983   0.00171   -0.002364   0.000257   0.000348   -0.000563   -0.000626   -0.001435   -0.00301   0.000151   -0.00245   0.000496   0.025912   0.000236   -0.006048   -0.007001   0.008837   0.00128   -0.001212   0.030877   0.000254   -0.000993   -7.1e-05   -3.1e-05   -0.000211   -0.00017   0.000892   0.001281   0.001196   0.00429   0.000269   0.0   1e-06   -1e-06   -5.6e-05   -1.9e-05   4.1e-05   9.2e-05   8e-06   7e-06   7.6e-05   2e-06   -1.5e-05   0.000113   -2.4e-05   8e-06   1.1e-05   1.1e-05   1.1e-05   2.2e-05   -6e-06   -9e-06   0.000175   -1e-05   -2e-06   -1.8e-05   6e-06   1.2e-05   -5e-06   -8e-06   9e-06   1.5e-05   9e-06   -9e-06   -2.8e-05   -8e-06   -2e-05   -4e-06   -2.8e-05   0.0   2.5e-05   -5e-06   1.5e-05   1.2e-05   1e-06   0.0   -1e-05   2.4e-05   1e-06   2e-05   3e-06   1e-05   -8e-06   2e-06   1.2e-05   1.1e-05   1.4e-05   1.4e-05   -1e-06   2e-06   3e-06   -2.7e-05   1.2e-05   9e-06   -0.0   0.0   1e-06   -2.2e-05   2e-06   3e-06   2.2e-05   -0.0   -1e-06   -0.0   -1.1e-05   0.0   1.9e-05   -3.9e-05   -1e-06   1e-06   0.0   -1e-06   4e-06   -2e-05   -1e-06   -0.0   3e-06   -1e-06   -0.0   -2.7e-05   -3e-06   -1e-06   2e-06   -2e-06   6e-06   1.0   
PSSCALE_WEIGHT_4 (0.6567265)   0.100213   0.106791   -0.001373   -0.012789   0.107132   0.188558   0.0438   0.012035   -0.095887   -0.127868   -0.007216   -0.020547   -0.031887   0.082987   0.040372   -0.028888   0.013839   -0.020162   0.008431   -0.00713   0.01011   0.02834   0.106874   0.030354   0.002085   0.007149   -0.003957   -0.012131   -0.030522   -0.008047   -0.021563   0.012338   -0.219486   -0.003448   -0.00843   -0.011042   0.006183   0.003191   -0.009019   0.015278   -0.04353   0.005208   0.006846   -0.020054   -0.007796   0.025668   0.021865   0.000411   0.003091   -0.002432   -0.203099   0.017408   0.118891   -0.109378   0.100182   0.006399   0.013099   0.359015   -0.014951   0.004964   -0.012917   -0.009021   -0.002678   -0.007368   0.014833   -0.006668   0.004425   0.034578   0.009086   -1.9e-05   4.1e-05   -6e-06   0.000784   0.00099   0.001877   0.001566   8.3e-05   4.6e-05   0.001642   3.4e-05   -9.8e-05   0.000248   -0.000139   -0.000424   3e-05   0.000134   6.6e-05   5.3e-05   -5e-06   -0.000203   -0.002172   -7.8e-05   -4.1e-05   -1.9e-05   4.3e-05   2e-05   -2.8e-05   -2e-05   1.4e-05   0.0008   -0.000213   -2.9e-05   -0.000154   -0.000109   -0.000139   4.1e-05   -0.000166   1.3e-05   0.000106   0.000563   -0.000193   0.00018   -1.2e-05   -2.7e-05   4e-06   1.4e-05   1.5e-05   0.000113   -7e-06   8.3e-05   -5e-05   7e-06   -1e-06   -2.2e-05   0.000105   9.9e-05   -5e-06   2.6e-05   -2.3e-05   -0.000158   -1e-05   8.2e-05   7e-06   -6.2e-05   -4e-05   -0.000638   0.0001   4.6e-05   6.9e-05   2e-05   -7e-06   2.5e-05   -0.000685   -3e-06   0.000104   -0.000445   8e-06   -0.0   -0.0   7.9e-05   3.1e-05   -6.9e-05   1.5e-05   -5e-06   -1e-05   1.2e-05   -8e-06   -0.000145   1e-05   -7e-06   -3e-06   0.000692   -1.9e-05   -0.016526   1.0   
PSSCALE_WEIGHT_5 (0.7882875)   0.408529   0.450503   -0.008499   -0.01297   0.371313   -0.235935   -0.0953   0.07336   -0.272981   0.021824   -0.000332   0.019368   0.091067   -0.010713   0.078363   0.065061   0.014337   -0.023378   0.044422   -0.095103   0.000526   -0.041379   -0.028592   0.018849   -0.008779   0.110482   0.010184   0.022361   0.026029   0.010726   -0.131951   -0.011752   -0.042039   -0.009775   -0.077167   0.019921   0.005573   0.027064   0.029524   -0.052727   -0.070642   -0.016535   -0.002333   0.157483   -0.004733   0.001513   -0.056521   -0.029025   0.043785   -0.01021   -0.221274   -0.004366   0.625272   0.010762   0.030117   -0.020686   -0.078331   -0.012203   -0.028344   0.029884   -0.003246   -0.005877   0.0087   -0.005318   -0.010565   0.014962   -0.094337   -0.029402   -0.025729   -1.5e-05   -9.4e-05   1.9e-05   0.000161   0.000727   0.005043   3.2e-05   1.9e-05   0.000117   -0.000479   -7.4e-05   -0.000211   -0.001637   0.000754   -0.000705   0.000114   8.6e-05   -0.00012   0.000177   -0.000324   -0.000412   -0.009435   -0.000222   -7.3e-05   -0.000157   0.0002   9.7e-05   -0.000144   7.5e-05   -6.9e-05   0.002077   -0.000465   -7.8e-05   -0.000407   -3.2e-05   -0.000369   3e-05   -0.000219   -8.8e-05   0.00025   0.00198   -0.000289   0.000205   -4.6e-05   -1.8e-05   0.000299   -0.000158   -5.1e-05   0.000116   -5.9e-05   -7.3e-05   -5.1e-05   -2.3e-05   7.1e-05   -8e-05   0.000161   0.000127   -2.6e-05   -0.000113   -1.6e-05   -0.000409   -6.7e-05   0.000322   1.1e-05   -6.9e-05   -3.2e-05   -0.005535   0.000218   5.8e-05   0.000145   3.5e-05   -2.5e-05   -0.000107   -0.002954   -2e-05   9.9e-05   0.00038   2.7e-05   -8e-06   2.3e-05   0.000345   1.8e-05   -0.000361   5.5e-05   -1.8e-05   -0.000101   4.5e-05   1e-05   -0.000387   3.8e-05   -3.9e-05   -3e-06   0.002921   -5.9e-05   -0.011809   0.180387   1.0   
PSSCALE_WEIGHT_ST_4 (0.9620765)   0.016796   0.018675   -0.001746   0.006194   0.032334   0.030506   0.005946   0.003158   -0.028317   -0.031158   -0.00166   -0.000207   0.012626   0.025921   0.007115   0.001288   -0.002461   -0.005375   -0.001596   -0.009741   -0.000198   0.015616   -0.012313   -0.002687   -4.7e-05   0.00386   -0.007593   0.003707   0.002901   -0.006873   -7.5e-05   0.00026   -0.041406   -0.001556   -0.010332   0.000338   0.000907   -0.000441   0.008287   -0.005137   -0.007748   0.001107   0.002599   0.016758   -0.004149   -0.002307   -0.005509   0.001081   0.005832   -0.003109   -0.052958   -0.002616   0.04889   0.011657   -0.003434   0.003309   0.002944   -0.004692   -0.000528   0.003095   0.000998   0.001862   0.00239   0.003039   0.000551   0.004977   0.001954   0.006693   -0.000228   -3e-06   3e-06   3e-06   4.1e-05   0.000118   0.000429   0.000103   9e-06   2.3e-05   4.8e-05   -4.7e-05   6e-06   -4.7e-05   -8e-05   -1.5e-05   -2.7e-05   1.4e-05   -1e-06   7e-06   -6.9e-05   -9.7e-05   -0.001039   -0.0   -7e-06   -6e-05   -5.8e-05   -2.1e-05   -7e-05   -6e-05   -5.7e-05   7.4e-05   -0.000127   4e-06   -0.000123   -9.3e-05   -5.5e-05   -7e-06   -0.000165   -4.7e-05   9e-06   5.8e-05   -9.3e-05   4.2e-05   -1.2e-05   -7e-06   -6.4e-05   2.7e-05   -1e-05   -1.2e-05   -4.5e-05   -9e-06   -3.8e-05   -0.0   -1.3e-05   4e-06   -8e-06   -6e-06   -4e-06   -5e-06   -7e-06   -8.8e-05   1.5e-05   -3.5e-05   2e-06   -4e-06   -0.0   -0.000103   2.8e-05   5e-06   -9e-06   4e-06   1e-06   -5.8e-05   -0.000201   -6e-06   -2.3e-05   -7.8e-05   4e-06   -5e-06   -9e-06   -8e-06   1.3e-05   -8.7e-05   5e-06   1e-06   -4.9e-05   4e-06   1e-06   -9e-05   6e-06   -6e-06   -0.0   0.000101   -0.0   -0.000644   -0.032735   0.031713   1.0   
PSSCALE_WEIGHT_ST_5 (0.855709)   0.030766   0.038795   -0.002015   0.011325   -0.00344   0.026488   0.007766   0.004326   -0.013545   -0.025249   -0.003541   -0.006591   -0.022261   -0.005408   0.021703   -0.001152   0.000395   -0.002892   -0.013355   0.002248   -0.002579   -0.019539   0.058491   -0.001369   0.000809   -0.011185   -0.01294   -0.001222   -0.002497   -0.012999   0.004599   0.000643   -0.06943   0.006562   -0.001992   0.008892   0.007474   -0.005323   -0.000377   0.004022   0.023166   0.008487   -0.00037   -0.013746   0.008328   -0.00667   0.052337   0.001078   -0.008885   0.00164   0.041803   0.000638   0.001943   -0.015839   -0.010204   0.009249   0.006284   0.017226   -0.001643   -0.002983   -0.001474   -0.001589   -0.002912   -0.005073   0.000514   0.001619   0.031233   0.020953   0.002049   -5e-06   -1.6e-05   -8e-06   -0.000275   -0.00015   -0.000963   -0.00091   2.1e-05   1.5e-05   -0.000887   -3.8e-05   2.3e-05   -0.000695   -0.00028   0.000138   1.2e-05   5.9e-05   2.3e-05   2.1e-05   -6.2e-05   -0.000106   0.001124   2.4e-05   3.1e-05   -6.6e-05   -0.000114   2.2e-05   -0.000104   3.3e-05   -2.6e-05   -0.000817   6.1e-05   -3e-06   -0.000106   -9.4e-05   -5.5e-05   -8.6e-05   -0.000426   -4.3e-05   1e-05   -0.000861   -1.1e-05   -5.9e-05   -1.1e-05   -7e-06   -0.00015   3e-06   1.3e-05   7e-06   2e-06   1.9e-05   -2.8e-05   1e-05   -2.1e-05   3e-06   1.9e-05   2.9e-05   3e-06   1e-05   -6e-06   -9.6e-05   1.2e-05   -1.6e-05   -1e-06   7e-06   -9e-06   -0.000413   4.7e-05   3e-05   2.5e-05   1.8e-05   -3e-06   -4e-05   0.000719   4e-06   2.4e-05   -0.000217   -4e-06   5e-06   -6e-06   2e-05   2.1e-05   -9.6e-05   -2e-06   -2e-06   -1.5e-05   -1e-06   -6e-06   -8.7e-05   -5e-06   3e-06   7e-06   -0.000774   4e-06   -0.000227   -0.022981   0.005699   -0.008642   1.0   
PU (0.8643855)   -0.038103   -0.042428   -0.000186   0.012448   -0.008919   0.016483   0.004226   -0.00373   -0.012637   0.02183   -0.137724   -0.053613   -0.084546   0.061867   0.146674   0.154278   0.029567   0.017494   -0.002445   0.001051   -9.9e-05   -0.039518   -0.075246   0.0011   0.002787   -0.051365   -0.024191   -0.01021   0.000403   -0.006372   0.016181   0.009632   -0.100041   0.047955   -0.016365   -0.013329   -0.014239   -0.000913   -0.019075   0.013113   -0.070801   0.013005   -0.010462   -0.041387   -0.012943   0.006422   0.049488   -0.00909   -0.041479   0.006022   0.067265   -0.008097   -0.033079   0.000514   -0.007828   -0.015883   -0.008497   -0.021148   -0.008334   0.023628   -0.022791   -0.019207   -0.001883   -0.017412   0.017395   0.002557   -0.005406   0.013177   0.008843   5e-06   -0.00012   -4e-06   -0.000683   -0.00041   -0.000595   -0.000354   -1.1e-05   6.2e-05   -0.000149   -0.000136   3.2e-05   0.000529   -2.6e-05   -0.000328   -1.9e-05   -8e-06   -0.000108   -1.7e-05   -0.000104   -0.000414   0.000691   -3.7e-05   -6.8e-05   -5.4e-05   -0.000141   3.6e-05   -0.000359   2.1e-05   -3.9e-05   0.000887   -9.6e-05   -7.5e-05   -0.00032   -0.000191   -0.000105   -0.000236   -0.000302   -0.000132   4.6e-05   8.2e-05   -0.000157   0.000143   -0.000144   1.1e-05   -0.000184   -0.00012   -0.000141   -2.4e-05   -2.2e-05   -0.000112   -0.000106   5e-06   -4e-05   -0.000125   9e-06   -1.4e-05   -1e-05   -0.000136   -6e-06   -0.000211   -5.8e-05   1.6e-05   -1e-05   -3e-05   -7.3e-05   -3e-06   -0.00014   -2.1e-05   4.6e-05   -2e-06   -7e-05   -0.000143   -0.001281   -4e-06   4e-06   -1.9e-05   -1.2e-05   6e-06   -5e-06   0.000116   3.4e-05   -0.000143   4.2e-05   -5e-05   -0.000132   4e-05   3e-06   -0.000187   -1.1e-05   -0.0   -1e-06   0.001131   -1.7e-05   0.000345   -0.040082   -0.038339   0.001026   -0.012799   1.0   
TOP_PT (0.8255675)   -0.039129   -0.052523   -0.003103   0.023619   0.065626   -0.013326   -0.009702   0.003292   -0.017121   -0.006995   0.01478   0.008292   0.023899   -0.008712   0.007654   0.062475   0.009381   0.008326   0.008758   -0.030357   0.007289   -0.061709   -0.017619   0.018875   0.004261   0.020337   0.002981   0.025314   0.041839   -0.01042   -0.286473   -0.007595   -0.059637   -0.014984   -0.034689   0.022175   0.007532   0.02495   0.035579   -0.024172   0.007074   -0.00574   -0.000114   -0.006085   0.008202   0.013058   0.015561   0.002844   0.089811   -0.001187   0.043882   -0.005561   0.297936   -0.035195   -0.049479   -0.054681   -0.018772   0.382743   0.01987   0.012552   0.001153   0.001606   0.008546   -0.001612   -0.02925   -0.008558   0.014337   -0.04077   -0.0196   -1e-05   -6e-06   -2e-06   -0.002984   -0.002903   -0.016537   -0.00778   6.3e-05   1.5e-05   -0.007866   -1.5e-05   -0.000107   -0.005155   0.000775   -0.000549   4.7e-05   6.8e-05   3.6e-05   2.6e-05   -4.9e-05   -0.000206   0.007265   -6.1e-05   -9e-05   -9.7e-05   -0.000117   0.000106   -0.000135   -2.6e-05   4.4e-05   -0.001168   -0.000354   -8.9e-05   -0.000219   -0.000115   -0.000209   -7.9e-05   -0.000206   -2.3e-05   6.4e-05   -0.001037   -6.3e-05   2.6e-05   -4e-05   -1.3e-05   -4e-05   -8e-05   -3.5e-05   2.9e-05   -4.9e-05   1e-06   -6.1e-05   -3e-06   -3.4e-05   -5.1e-05   4.7e-05   3.2e-05   -1.5e-05   -7.4e-05   -2.7e-05   -0.000188   -3.4e-05   0.000165   2e-06   -6.1e-05   -5e-05   0.003061   0.000148   4.3e-05   6.3e-05   -3.9e-05   5e-06   -3.7e-05   0.001474   -8e-06   7.3e-05   0.000779   3e-06   -3e-06   2e-05   0.000145   8e-06   -0.000112   4e-06   4e-06   -4.4e-05   4e-06   -2e-06   -0.000189   7e-06   -1.4e-05   -0.0   -0.001224   -5.4e-05   -0.00179   0.041445   0.131686   -0.02455   -0.021815   0.033238   1.0   
TRIG_EE2016 (0.924773)   -0.012243   -0.014742   -0.000172   0.003639   -0.008072   -0.010315   -0.001551   -0.003745   0.008531   -0.004726   0.005496   -0.044278   -0.247037   -0.085411   -0.108728   -0.449724   -0.043964   0.001743   0.001409   0.005225   0.003488   0.001312   0.030632   0.002209   0.002378   -0.030033   -0.001733   0.005737   0.002637   -0.004673   -0.015326   0.004165   0.005021   -0.014818   -0.002179   -0.000354   -0.010645   -0.000951   -0.012054   -0.000201   -0.014503   -0.000576   -0.002752   -0.021154   -0.001231   -0.001559   0.002688   -0.003996   0.004007   0.00058   0.007205   -0.014914   -0.030234   0.003297   0.008538   -0.008546   -0.001874   -0.005681   -0.001489   0.008214   0.032416   0.034816   0.017494   0.050034   0.005794   -0.000101   0.013938   -0.003372   0.004303   5e-06   5e-05   1.9e-05   -7.5e-05   -0.000135   -0.000428   0.000196   -8e-06   9e-06   0.000175   3.2e-05   -3.6e-05   0.000317   -3.7e-05   0.000118   -5e-06   2.3e-05   -2.2e-05   8e-06   5.5e-05   0.000127   0.000917   -1e-06   0.000129   -1.8e-05   5.8e-05   -9e-06   6.2e-05   5.4e-05   4.5e-05   1e-06   5.2e-05   2e-06   0.000128   7.6e-05   6.6e-05   8.7e-05   6.1e-05   3.8e-05   -1e-06   -0.000211   9e-06   -0.000106   5e-05   1.7e-05   -8e-05   2e-06   3.7e-05   -2.4e-05   0.0   3.5e-05   3.2e-05   -2.6e-05   -2.4e-05   -1.2e-05   1.8e-05   -2.5e-05   -1.1e-05   4.4e-05   1.1e-05   7e-05   -1.2e-05   3.4e-05   3e-06   4e-06   7.3e-05   0.000875   -7.3e-05   -0.000111   1.1e-05   -1.2e-05   -9e-06   4.5e-05   -5.9e-05   -1.3e-05   6e-06   -5.5e-05   1.4e-05   -1.6e-05   8e-06   -6.3e-05   -2.2e-05   6.2e-05   2.5e-05   -7e-06   3.1e-05   2e-05   1.7e-05   7.7e-05   2e-05   -1.9e-05   -1.4e-05   -3.9e-05   -9e-06   0.000838   -0.000748   -0.02661   -0.003307   -0.002674   -0.024436   0.021695   1.0   
TRIG_EMU2016 (0.8630255)   0.017197   0.021205   0.000782   -0.005507   0.004609   0.023747   0.003508   0.005589   -0.014175   0.014896   -0.04068   0.087902   0.506508   0.169744   0.21823   0.055511   0.010878   -0.002549   0.004103   -0.00569   -0.004608   -0.011249   -0.044837   -0.002391   -0.000573   0.059996   0.007922   -0.010883   0.002305   0.004869   0.025082   -0.001681   -0.004477   0.036084   0.011165   -0.006896   0.015063   -0.001845   0.020418   -0.001382   0.039067   -0.000316   0.001773   0.032395   0.003267   0.010371   0.011037   0.000228   -0.003256   -0.000585   -0.013052   -0.004135   0.036977   -0.012505   -0.022856   0.012046   -0.016552   0.016329   0.003321   -0.012402   0.005483   0.006859   0.001624   0.00585   -0.011701   1.2e-05   -0.023688   0.013665   -0.00742   -1.2e-05   -8.5e-05   -4.2e-05   9.9e-05   4.1e-05   0.000447   -0.000418   -4e-06   -5.6e-05   -0.00039   -6.7e-05   -0.000103   -0.000673   1.6e-05   -0.000228   -8.7e-05   -3.8e-05   7.1e-05   -7.2e-05   -4.5e-05   -0.000113   -0.001736   -0.000107   -0.000113   -0.000159   -0.000123   2.8e-05   -0.000146   -6.2e-05   -0.000115   0.000113   -9.9e-05   -3e-06   -0.000181   -9.4e-05   -6.2e-05   -0.000156   -0.00014   -8.2e-05   -3.1e-05   0.000431   3e-05   0.000203   -1.4e-05   -3.1e-05   0.000196   -1e-05   -5e-06   -5.7e-05   -2.8e-05   -7.9e-05   -4.3e-05   6.2e-05   1.1e-05   3.1e-05   -6.2e-05   -7e-06   2.6e-05   3.6e-05   -2e-05   -2.7e-05   3.6e-05   -0.000224   -8e-06   -3.1e-05   -0.000134   -0.001606   -8.8e-05   6.4e-05   -3.6e-05   -1e-06   1e-06   -8.6e-05   -3.9e-05   2.8e-05   -4.1e-05   -7e-06   -3.1e-05   3.6e-05   -9e-06   2.5e-05   2.3e-05   -7.2e-05   -4.4e-05   1e-06   -6e-05   -3.3e-05   -3.8e-05   -1.9e-05   -4.5e-05   4.2e-05   3.1e-05   0.000117   -7e-06   -0.001819   -0.00974   0.031821   0.005043   0.006506   0.056664   -0.039898   0.169314   1.0   
TRIG_MUMU2016 (0.9753665)   -0.010521   -0.012133   -8e-06   -0.003259   -0.005123   -0.005812   -0.00064   -0.001906   0.008112   -0.003706   -0.02846   -0.032948   -0.156856   -0.054542   -0.066357   0.189997   0.016593   0.002238   -0.001261   0.001997   0.000844   0.002242   0.020311   0.001699   -0.000322   -0.023647   -0.005023   0.002353   -0.002809   0.002939   0.000259   0.000271   0.000788   -0.013729   -0.00129   0.003103   -0.00252   -0.002375   -0.008339   0.00154   -0.012169   0.000332   -0.000479   -0.009163   -0.001394   -0.006341   -0.010144   0.001754   -0.002631   0.000565   0.0046   0.01229   0.007874   0.000643   0.007581   -0.002164   0.007204   -0.003257   -0.002235   0.003928   -0.020314   -0.022746   -0.01167   -0.031149   0.003237   0.001703   0.006116   -0.0045   0.003141   5e-06   -1e-06   1.8e-05   4.9e-05   -2.5e-05   -9.8e-05   6.9e-05   -8e-06   -3e-06   6e-05   -1e-06   1.7e-05   0.000102   -2.6e-05   2.7e-05   -3e-06   -4e-05   -4e-06   -1.5e-05   2e-05   2.1e-05   0.000534   -4e-06   -2e-05   1.8e-05   3.5e-05   -9e-06   7e-06   -1.5e-05   6e-06   -0.000174   1.4e-05   -4e-06   3.7e-05   0.0   3.2e-05   2.3e-05   4.8e-05   1e-06   -1.8e-05   -0.000251   -3.9e-05   5e-06   3e-06   7e-06   -7.9e-05   -3.4e-05   1e-06   -1.2e-05   8e-06   -1.7e-05   -5e-06   -1.5e-05   -3.8e-05   1e-05   -2.8e-05   -4.1e-05   -1.1e-05   2.1e-05   6e-06   1e-05   -1.4e-05   -1.5e-05   -0.0   1.1e-05   1.2e-05   0.000412   9e-06   3.2e-05   -3e-05   -1e-06   2e-06   1e-06   0.000167   -8e-06   -4e-05   -1.8e-05   1.1e-05   -1.7e-05   1.6e-05   -1.6e-05   -1.5e-05   3e-05   1.5e-05   1e-06   -2e-06   1e-05   1.6e-05   4.1e-05   1.9e-05   -2e-05   -1.2e-05   -0.000207   8e-06   0.000282   -0.003751   -0.014411   0.000902   -0.004646   -0.027017   0.009795   -0.020205   0.085885   1.0   
UETUNE (0.2755295)   0.000703   -0.002513   0.001336   -0.015568   0.0399   0.004698   0.001225   0.005263   -0.019085   -0.014096   0.005344   -0.002565   -0.012312   -0.001437   0.009006   0.007606   -0.002495   0.008388   0.00137   0.023886   0.000259   0.000404   -0.113903   0.004703   -0.002518   -0.005245   0.017999   -0.00175   -0.000281   0.001652   0.016248   0.000361   -0.019242   0.003791   0.017991   -0.000997   -0.004311   0.004146   0.000269   -0.011727   0.016428   -0.005512   0.001467   -0.035738   -0.003256   0.004386   -0.012789   0.003727   0.009368   -0.002178   -0.024856   0.001652   -0.005912   0.018848   0.002256   0.017545   0.001715   -0.015527   -0.001274   0.000333   0.001009   -5.5e-05   -0.002429   -0.001345   -0.001362   0.00043   -0.003703   -0.00537   0.000374   3e-06   2e-06   -5e-06   -0.000416   -0.000406   0.001241   0.000561   -1e-06   1e-05   0.000548   -3e-05   -7e-06   0.001214   0.000217   -0.000115   -0.0   -1.7e-05   -1e-05   -2e-06   -3.9e-05   -6.6e-05   8.6e-05   -1.6e-05   -4e-06   -2.7e-05   1.7e-05   -3.1e-05   -5.5e-05   -2.8e-05   -4e-06   0.000368   -0.000104   -1.9e-05   -7.6e-05   -6.3e-05   -4.6e-05   -0.000105   0.000108   -2.5e-05   -6e-06   0.000292   -6.1e-05   4e-06   -1.1e-05   1e-06   -5.6e-05   -1.4e-05   -1.7e-05   -1.9e-05   -2e-06   -4e-06   -2.5e-05   -4e-06   1.4e-05   2e-06   -0.0   7e-06   5e-06   2e-06   2e-06   -5.5e-05   -0.0   2.5e-05   1e-06   -4e-06   -3e-06   -0.000633   1.3e-05   -3e-06   3e-05   -4e-06   2e-06   -3.4e-05   -0.00026   5e-06   6e-06   0.000226   -4e-06   7e-06   -1e-06   4.5e-05   7e-06   -4.3e-05   -8e-06   1e-06   -2.5e-05   -6e-06   -2e-06   -4.3e-05   -9e-06   7e-06   7e-06   0.000233   -1e-06   -0.000351   -0.011435   -0.003662   -0.001457   0.029872   0.012285   0.035817   0.015209   -0.019049   0.004493   1.0   
UNCLUSTERED2016 (0.6802665)   -0.029699   -0.043734   0.004054   0.001056   -0.043048   -0.010649   -0.00265   -0.000836   0.008364   0.014316   0.451236   0.122793   0.15426   -0.105384   -0.250767   0.093661   0.01035   0.016704   0.047392   -0.072052   -0.033086   -0.068905   -0.059007   0.003907   -0.000494   -0.003774   -0.018488   0.022104   0.023361   0.022127   -0.042421   -0.056626   -0.030283   0.046461   -0.00595   -0.012206   0.014004   0.01147   -0.008672   -0.02688   -0.036194   -0.020988   -0.020606   0.086768   -0.001433   -0.044106   -0.002041   0.003204   -0.024023   0.000743   0.074961   -0.018351   -0.060166   -0.028623   0.003205   -0.013985   0.125657   0.011034   -0.0025   0.006156   -0.007437   0.003463   -0.003153   -0.000765   -0.005048   -0.013113   -0.032059   -0.034006   0.005043   4e-06   2.1e-05   -3e-06   0.000521   0.000581   0.002028   0.002309   1.7e-05   -0.000114   0.001825   -7.4e-05   -4.6e-05   0.001427   -0.000303   0.000439   3.1e-05   -0.000103   1.6e-05   6.5e-05   0.000143   -4.3e-05   -0.001031   -1.1e-05   2e-06   -8.6e-05   3e-06   -0.000105   5e-05   -0.000163   8.1e-05   -0.000107   8.6e-05   -5.3e-05   -7.8e-05   -9.8e-05   1.7e-05   -5.2e-05   0.000214   -2.6e-05   -9e-05   0.000175   0.000223   -9e-06   -2.6e-05   -8.1e-05   -2.9e-05   -2.8e-05   -3.3e-05   6e-06   2e-06   6.4e-05   -7e-06   -4.7e-05   -4.4e-05   3.7e-05   -3.1e-05   -0.000101   -5e-06   -5.3e-05   -4e-06   -3.2e-05   -1e-06   -0.000134   -1.7e-05   1.9e-05   -2e-05   0.000515   0.000222   4.3e-05   -4.1e-05   -4.4e-05   2.5e-05   -7e-05   -0.000258   -7e-06   -8.1e-05   -0.000334   -1e-06   1e-06   5e-06   6.5e-05   -3.3e-05   0.000114   -2.1e-05   1.8e-05   -0.000264   -2e-05   5e-06   6.2e-05   -1.5e-05   -1.9e-05   -6e-06   5.7e-05   -6.4e-05   0.000967   -0.06055   -0.08649   5.4e-05   -0.022456   -0.039452   0.036177   0.046133   -0.088114   0.021986   0.014654   1.0   
lumi2016 (0.9917605)   -0.00072   -0.000189   5e-06   -0.005394   -0.009936   -0.003904   -0.000828   -7.6e-05   0.000363   0.010867   -0.09112   -0.017944   -0.036458   -0.015697   -0.016972   -0.001617   -0.000819   0.000467   -0.000967   -0.002194   -0.000794   -0.001706   0.00054   0.000427   -0.000415   0.000422   0.00161   0.000141   0.000335   0.000201   -0.002108   -4.9e-05   -0.000714   0.001548   0.002154   0.000169   0.000946   -0.000588   -0.00112   -0.001233   0.004708   3.9e-05   4.2e-05   0.004203   0.000244   5e-06   -0.001129   -0.000151   -0.000534   0.000331   0.001035   0.003354   -0.004102   -0.001162   0.002069   -6e-05   0.005013   0.006626   -0.001892   0.000694   -0.003587   -0.003493   -0.001706   -0.005593   -0.000436   -7.6e-05   -0.000931   0.000459   0.000325   1e-06   5.2e-05   2e-06   -4.3e-05   6.9e-05   0.000106   -2e-06   2.9e-05   -2.8e-05   6e-06   4.4e-05   -0.000149   2e-05   -8e-06   -5.1e-05   -6e-06   2.7e-05   -1.1e-05   7.5e-05   -3e-05   2.9e-05   -0.000285   -0.00012   -0.000117   0.000105   -6.3e-05   1.7e-05   1.4e-05   -0.000116   2.9e-05   1.6e-05   1.2e-05   4.1e-05   3.3e-05   3.3e-05   2.2e-05   -3e-05   -0.00017   3.7e-05   3.6e-05   -1.6e-05   6.9e-05   6e-05   2.9e-05   -2.4e-05   1.5e-05   0.000118   5.4e-05   3.2e-05   -1.5e-05   1e-05   -4.9e-05   2.3e-05   7.3e-05   6.5e-05   2.6e-05   4.5e-05   3e-06   0.000105   -1e-06   -1.6e-05   3e-06   1.5e-05   -4e-06   5.3e-05   3.5e-05   -0.000167   -0.000112   4.9e-05   8.9e-05   2.3e-05   0.0   5.3e-05   4.4e-05   -2e-06   5e-05   5.4e-05   -7e-06   -7e-06   -1.3e-05   -2e-05   8e-06   -1.9e-05   3e-06   0.0   3.4e-05   -3e-06   -2e-06   4.2e-05   1e-06   -2e-06   7e-06   -4.5e-05   8e-06   -0.000263   -0.0067   -0.007196   0.001768   -0.004932   -0.006358   -0.001377   -0.004697   0.009573   -0.005138   0.000931   0.003983   1.0   
norm_diboson (1.0007785)   -0.039233   -0.059967   0.005262   -0.0108   -0.227359   0.046882   0.01181   -0.001117   0.051553   0.103064   -0.089167   -0.023501   -0.065113   -0.012656   -0.047578   -0.037149   -0.015502   0.013679   -0.023482   0.00815   -0.007988   0.001288   0.039722   0.004077   0.000851   -0.02127   0.022467   0.014444   -0.007174   -0.021458   -0.065383   0.008547   0.041102   -0.000673   0.028089   0.033322   0.010959   0.013906   -0.012678   -0.031068   0.06046   -0.002886   0.000889   0.026793   0.015121   0.007563   -0.036983   -0.003854   0.02938   0.002538   -0.020674   0.0156   -0.124622   -0.000107   0.022824   0.012671   -0.044449   0.047971   0.009518   -0.007466   -0.004108   -0.007033   0.002086   -0.006655   -0.000799   -0.011072   0.015014   0.019203   0.011883   5e-06   1e-05   1e-06   9.9e-05   -9.7e-05   0.002431   0.000484   -2.1e-05   -2.4e-05   0.000687   -2.5e-05   8.1e-05   0.000886   -2.3e-05   5.2e-05   -9.7e-05   -1.8e-05   -9e-06   -7.9e-05   5.8e-05   9.1e-05   -0.002469   4e-05   4.3e-05   -6e-06   1.1e-05   8.5e-05   5e-06   -4e-05   -6.5e-05   -0.000745   1.8e-05   4.1e-05   8.2e-05   6e-06   1.6e-05   1e-06   -3.8e-05   -3.3e-05   -6.5e-05   -0.000733   -2e-06   -3.1e-05   2e-06   2.8e-05   -3.6e-05   1e-06   3e-06   -7.5e-05   -5e-05   1.8e-05   -4e-06   7e-06   -3.8e-05   -2e-06   -6.9e-05   -7e-05   -2e-06   9e-06   3e-06   9.8e-05   2e-06   -3.8e-05   -1e-06   2.2e-05   1e-06   0.000192   -0.000157   -1.8e-05   -8.2e-05   -1.2e-05   8e-06   -1.7e-05   0.001102   -1e-06   -6.8e-05   2.4e-05   -6e-06   -2e-06   1e-05   -0.000156   -3e-06   6.9e-05   -9e-06   6e-06   1e-06   -7e-06   1e-06   4.2e-05   -3e-06   1e-06   -1e-06   -0.000989   -3.1e-05   -0.000395   -0.034146   -0.167408   0.029895   -0.048732   0.020745   -0.01846   0.013042   -0.025867   0.00417   0.005724   -0.10577   -0.011283   1.0   
norm_singletop (0.353735)   0.033331   0.102227   0.007809   -0.310389   0.047879   -0.074129   -0.002591   -0.02117   0.01919   -0.028703   -0.053695   -0.030451   -0.093784   0.019465   -0.066331   -0.225965   -0.04265   0.007633   -0.022342   -0.00722   0.00256   0.033516   0.062435   -0.014418   0.006467   -0.024469   -0.009272   -0.010755   0.008606   0.061626   0.067668   0.009648   0.135769   0.014568   0.143248   -0.053956   -0.013   -0.05543   -0.058941   0.016197   0.059992   -0.001044   0.00129   0.090697   -0.008214   0.003951   -0.035759   -0.005372   -0.064541   0.00813   0.100945   0.110626   -0.182078   0.017817   0.027377   -0.053157   -0.074468   0.030994   -0.117303   -0.014884   -0.078753   -0.076293   -0.04209   -0.107701   0.006726   0.016916   0.030847   0.03467   0.00778   2.2e-05   7.6e-05   -2e-06   0.000344   0.000334   2.5e-05   0.000394   8e-06   1.7e-05   0.000457   0.000105   0.00012   -5e-06   -0.000218   0.000416   1.3e-05   6.2e-05   3.7e-05   2e-05   2.7e-05   0.000314   0.000252   0.000192   0.000188   0.000109   4.8e-05   -6.7e-05   0.000134   8.5e-05   0.000131   0.001197   0.000141   4.9e-05   0.000281   0.000258   0.000199   6.7e-05   0.000337   0.00011   1.2e-05   0.000569   8e-05   -9e-06   8.6e-05   1.6e-05   -0.000369   9.6e-05   6e-05   3e-05   0.00012   -2.5e-05   7.1e-05   2.5e-05   0.000138   8e-05   4.1e-05   8.9e-05   2.5e-05   7.2e-05   4.1e-05   0.000135   6e-05   7.7e-05   9e-06   6.8e-05   0.000116   0.001292   4e-05   -2.9e-05   5.1e-05   3e-05   -1.3e-05   0.00012   -0.001168   1.8e-05   8.4e-05   -0.000224   -8e-06   2.2e-05   -1.1e-05   3e-05   -2.3e-05   0.000102   -1e-05   -9e-06   0.000149   -4e-06   6e-06   8.6e-05   -2.1e-05   3.3e-05   2e-05   0.001161   0.000119   0.009029   -0.003939   -0.151197   0.019261   0.042347   -0.118583   -0.128057   0.055916   -0.152999   -0.017116   -0.005081   -0.083031   -0.140032   -0.405279   1.0   
norm_tt (0.995181)   0.000725   0.001143   -0.000219   0.001301   0.007469   0.007587   0.001726   0.000806   -0.003989   0.011677   -0.000607   -0.000604   0.000283   0.004744   0.001661   0.003384   0.000303   -0.000784   0.000199   0.000848   -0.000893   -0.006157   -0.008416   0.000954   -0.001045   -0.003264   0.000211   -0.001721   0.000987   -0.000304   0.006272   0.000695   -0.012777   -0.001217   -0.005801   -0.000807   0.001038   -0.000205   0.002367   0.00188   -0.000963   0.001205   -3.4e-05   -0.002748   -0.000356   -0.001068   0.006758   0.000501   -0.001544   0.000111   0.012241   0.001105   0.014319   0.000404   1.7e-05   -0.000169   -9.9e-05   0.004828   -0.001239   -0.000323   -0.000578   -0.001   -0.000715   -0.001782   -0.001102   0.001204   -0.003718   -0.003664   -0.001392   2e-06   8e-06   1e-05   -4.7e-05   -1e-05   -8.6e-05   -3.2e-05   0.0   -1e-06   -7.1e-05   -2e-06   -1e-06   -5.8e-05   -5.1e-05   1.4e-05   -4e-06   -3e-06   9e-06   1e-06   -1.4e-05   -2.3e-05   -0.000353   1.7e-05   2.5e-05   -1.5e-05   -5.5e-05   1.9e-05   -2.7e-05   9e-06   -1.3e-05   -1.4e-05   3.9e-05   5e-06   -3e-05   -2.6e-05   -2.2e-05   2e-06   -4.5e-05   -4e-06   -3e-06   -2.8e-05   4e-06   5e-06   -3e-06   2e-06   -3e-05   -1e-05   6e-06   -3e-06   -1.1e-05   2e-06   -1e-05   -1.1e-05   -2.4e-05   -6e-06   1.6e-05   6e-06   -7e-06   1.2e-05   1e-06   -4.7e-05   -7e-06   4.2e-05   0.0   1.2e-05   1.2e-05   -0.000456   3.3e-05   -5e-06   1.3e-05   -4e-06   -0.0   -6e-06   -1.4e-05   -8e-06   5e-06   -4.2e-05   7e-06   -1e-05   -6e-06   2e-05   2e-06   -3.7e-05   1.1e-05   -0.0   -7e-06   8e-06   8e-06   -2.5e-05   1.1e-05   -1.2e-05   -7e-06   2.2e-05   -3e-06   -0.000561   -0.010532   0.003071   -0.001125   -0.007336   -0.005979   0.007431   0.001738   -0.0022   -0.000428   0.003566   -0.001836   -0.001401   -0.001951   -0.006093   1.0   
norm_ttbarX (0.9967035)   0.003322   0.003549   0.000217   0.001959   0.008664   -0.01394   -0.003936   0.001963   -0.007633   0.000646   -8.8e-05   -0.003223   -0.016336   -0.00365   -0.006801   -0.006485   0.001643   -0.002048   -0.001885   0.003493   0.00248   0.003623   -0.002714   0.002139   -0.001004   -0.006488   0.000954   -0.001804   -0.000982   -0.000115   0.006064   -0.000276   -0.000964   -0.001684   -0.001763   -0.004356   -0.002096   0.00015   -0.0013   0.003293   -0.002042   0.001417   0.001352   -0.01054   -0.000812   -0.000932   -0.001141   -0.001145   -0.004091   0.000977   0.008419   9.4e-05   0.01172   -0.014853   0.012785   0.000461   -0.000943   0.041552   0.000378   -0.003017   8e-06   0.000113   0.000122   0.000171   0.001335   -0.001408   0.013142   0.002021   0.002724   -0.0   -1.7e-05   -3e-06   7e-06   -3.6e-05   -0.000268   -1.2e-05   -2e-06   1e-06   1.9e-05   -1.3e-05   -1.3e-05   -1e-05   -4.1e-05   -1e-06   -1.9e-05   -1.4e-05   -1e-05   -1.8e-05   1.7e-05   4e-06   0.000362   9e-06   2e-06   -8e-06   7e-06   1e-05   1.9e-05   3e-06   -1.6e-05   0.00014   1.7e-05   -1e-06   2e-06   1e-05   1.1e-05   2.6e-05   -1.5e-05   -1.5e-05   -1e-05   0.000161   2.6e-05   8e-06   -1.5e-05   -1e-06   2.5e-05   -1e-05   -1.3e-05   -8e-06   -2.1e-05   -4e-06   8e-06   -2e-06   0.0   -1.3e-05   -7e-06   -3e-06   3e-06   -6e-06   -2e-06   1.9e-05   5e-06   -4.5e-05   -1e-06   2e-06   -2e-05   -3.5e-05   -1.6e-05   -1.4e-05   -1.6e-05   1e-06   -0.0   -1.1e-05   -0.000183   2e-06   1e-06   -7e-05   -2e-06   3e-06   2e-06   -2.9e-05   1e-06   -0.0   -4e-06   -0.0   -1.3e-05   -3e-06   -4e-06   2e-05   -5e-06   2e-06   3e-06   0.000168   -5e-06   -0.00177   -0.027355   0.004748   0.002377   0.000822   0.001858   0.005537   0.002727   -0.005724   0.001777   -0.000882   -0.006616   -0.000252   -0.000627   -0.001877   -0.000292   1.0   
norm_wjets (1.003584)   -0.006363   -0.010055   0.000401   0.00366   -0.044566   -0.003342   -0.002173   -0.002778   0.010477   0.026284   0.001697   8.6e-05   0.002777   0.001838   0.014957   0.012797   -0.002197   0.001227   -0.000879   -0.017731   0.001751   0.003379   0.019088   0.00305   6.4e-05   0.00418   -0.001873   0.006269   0.001019   -0.005507   -0.017204   0.001986   0.004563   0.0297   -0.005147   0.009622   -0.000756   -0.001547   -0.004231   -0.000519   -0.009416   0.005311   0.000875   0.001175   -0.001964   0.001973   0.009064   0.00036   0.005297   8e-05   -0.024082   -0.000333   -0.018377   -0.003275   0.003779   -0.007852   -0.005958   0.009288   0.001938   0.006001   -0.002851   -0.002245   0.000265   -0.003016   0.005166   0.005939   0.007227   0.018379   0.004458   3e-06   -1.3e-05   6e-06   -2.3e-05   -3.8e-05   0.000184   0.000285   -6e-06   1e-06   0.000281   -4e-06   1.5e-05   0.000438   -7.1e-05   -2e-05   2e-06   -0.0   -1e-05   -3e-06   1.2e-05   -2e-06   -0.000746   1.2e-05   6e-06   1.6e-05   -8e-06   3.9e-05   -2.7e-05   1.2e-05   1.7e-05   -0.000188   2.3e-05   -2e-06   6e-06   -3e-06   1.4e-05   -5e-06   -5.1e-05   -1e-06   3e-06   -0.000276   1.6e-05   -1.8e-05   -6e-06   6e-06   -4.4e-05   -2.1e-05   -4e-06   2e-06   -1e-06   -5e-06   -4e-06   -9e-06   -1.2e-05   -3e-06   -7e-06   -1.5e-05   -4e-06   -8e-06   3e-06   2e-06   -1.2e-05   1.6e-05   -1e-06   3e-06   5e-06   -0.00013   1.4e-05   -1e-06   1e-06   -4e-06   -4e-06   -3e-06   0.00016   -4e-06   -1.7e-05   -5.8e-05   3e-06   -6e-06   2e-06   5e-06   -1.1e-05   1.7e-05   8e-06   -3e-06   -2e-06   6e-06   6e-06   1.4e-05   6e-06   -6e-06   -6e-06   -0.000131   -3e-06   -0.000279   0.004085   -0.016044   0.00256   -0.007114   0.025416   -0.021542   -0.004451   0.007189   -0.004275   0.009137   0.007905   -0.002577   -0.058933   -0.037372   -0.001362   0.001237   1.0   
prop_binee_NoRho_OneJet_OneB_bin0 (0.7509305)   0.028667   0.036947   0.002566   0.003352   0.032535   0.008255   0.000958   0.003142   -0.010539   -0.013397   0.032596   0.000308   -0.024099   0.015434   -0.071448   -0.087196   0.009819   0.02455   0.028462   -0.020175   -0.018578   -0.037178   -0.095534   -0.00212   6e-06   0.030721   -0.009158   0.010876   0.010573   0.010637   -0.005713   -0.029755   0.096995   -0.004432   -0.006347   -0.006208   0.026642   0.00806   -0.00578   -0.000778   -0.05388   -0.008888   -0.008398   0.052159   -0.004873   -0.02834   -0.003292   0.004   -0.014505   0.001958   -0.06429   0.009402   0.050056   -0.023153   0.020347   0.000522   -0.113795   0.001575   -0.004362   -0.018254   -0.004001   -0.008255   0.010881   0.002705   -0.00305   0.005182   -0.016282   0.002322   0.003082   -3e-06   3.3e-05   -9e-06   -1.7e-05   7.2e-05   0.001371   0.001266   2e-05   -1.3e-05   0.000823   -8e-06   2e-06   0.001022   -0.000492   0.000561   1.5e-05   7e-06   3.1e-05   3.5e-05   2.5e-05   2.4e-05   -0.002704   1.5e-05   5.1e-05   -3.1e-05   5e-05   1.7e-05   -1.1e-05   1.3e-05   2e-05   -0.000454   -0.000227   -3e-06   -0.0   2.2e-05   -3e-06   0.000111   4.3e-05   7e-06   -1e-05   -0.000254   0.000133   4.8e-05   4e-06   -2.3e-05   7.7e-05   1.6e-05   3e-06   2e-05   -3e-06   3.1e-05   1.4e-05   -2e-06   1.9e-05   2.4e-05   1.5e-05   -5e-06   2e-06   -2.9e-05   -4e-06   1.3e-05   8e-06   -6.8e-05   -4e-06   9e-06   1e-05   -0.001366   3.7e-05   -3e-06   8e-06   -2e-05   -4e-06   -9e-06   0.000301   3e-06   4e-06   -0.000529   -3e-06   9e-06   4e-06   -3e-06   -2e-06   1.1e-05   -4e-06   -3e-06   -7.6e-05   -2e-06   -6e-06   1.1e-05   -1.2e-05   2e-06   7e-06   -0.000136   -3.1e-05   -0.002529   -0.005422   0.057787   0.001718   -0.020128   -0.07874   0.002209   -0.007705   -0.009246   0.002814   0.033673   0.332356   -0.003733   -0.029102   -0.005858   -0.00627   -0.000888   -0.007852   1.0   
prop_binee_NoRho_TwoJ_GreaterOneB_bin0 (0.9115935)   -0.05055   -0.05956   0.000463   0.004841   -0.035016   0.049211   0.008823   -0.006431   0.017483   0.002942   0.02939   -0.008308   -0.049116   -0.001954   0.016205   -0.08331   -0.009713   -0.001613   -0.007594   0.020037   -0.003912   0.004572   0.026122   0.000962   0.001024   -0.044235   0.009526   -0.001965   0.00439   0.014808   -0.006522   0.001505   0.017519   -0.002965   0.006066   -0.002881   0.009223   -0.018051   0.005071   0.004862   -0.00294   0.000241   0.001872   -0.003195   0.002299   0.001529   -0.053099   0.001032   -0.003115   0.002008   0.011536   -0.004191   -0.068532   0.008729   -0.014279   0.003971   0.078574   0.010957   0.012015   0.008941   0.003632   0.006119   0.003086   0.011336   -0.001576   -0.002776   0.011797   -0.008181   0.00125   -4e-06   2.1e-05   -5e-06   -0.000165   -0.000266   -0.000934   -6.7e-05   -4e-06   -1e-06   -0.0002   2.2e-05   2e-05   0.000152   -0.000441   0.000436   -1.2e-05   1e-05   3.1e-05   -2.1e-05   5.1e-05   7.5e-05   -0.00043   1.7e-05   5e-05   -2.1e-05   -5.8e-05   -7e-05   0.000103   -3.8e-05   5e-06   -0.000204   3.9e-05   2.1e-05   7e-05   3.9e-05   5.9e-05   1.8e-05   -5e-06   2.1e-05   -1.9e-05   -0.000158   4.7e-05   6e-06   1.7e-05   5e-06   8.5e-05   3.1e-05   2e-05   -1.3e-05   8e-06   2e-05   2e-05   1.6e-05   -1.4e-05   1.7e-05   -1e-05   -7e-06   4e-06   1.5e-05   -3e-06   6.6e-05   3e-06   -2.8e-05   0.0   -2e-06   2.1e-05   0.000223   -2.3e-05   -2.8e-05   -6e-06   -1e-06   -8e-06   2.5e-05   0.000154   2e-06   -4e-06   -0.000409   -2e-06   1e-06   -5e-06   -3.5e-05   3e-06   4.9e-05   1e-06   -6e-06   3.3e-05   2e-06   -6e-06   5.3e-05   -3e-06   5e-06   1e-06   -0.000205   1e-05   9.4e-05   -0.038993   -0.102822   -0.005141   0.018438   -0.063518   0.006297   -0.034572   0.041994   -0.004417   0.016832   -0.010389   -0.000703   0.017123   0.046903   -0.005246   0.003373   -0.003041   0.078924   1.0   
prop_binee_NoRho_TwoJ_OneB_bin0 (0.7852565)   -0.023888   -0.026174   -0.002228   0.003595   -0.025433   -0.045034   -0.006801   -0.003286   0.008356   0.001048   0.10389   0.040189   0.009521   -0.172636   -0.076425   -0.046197   0.005316   -0.010138   0.021919   -0.046134   0.003602   -0.029976   0.034184   0.007302   -0.001641   0.029029   0.005429   0.01186   0.002315   0.004309   0.017105   -0.020507   -0.186561   0.005043   0.01202   0.00159   -0.027645   -0.007671   -0.023386   0.00307   0.033252   -0.004545   -0.006648   -0.002912   -2.8e-05   -0.004052   -0.010051   -0.002343   0.00291   -8.9e-05   0.104517   -0.004255   -0.034797   -0.0111   -0.01433   -0.00438   -0.04778   -0.010663   0.004507   -0.002246   -0.002046   -0.000181   0.007632   0.007148   0.004397   -0.01481   0.008504   -0.008423   0.005581   -1.5e-05   3e-06   -1.8e-05   0.00044   0.000468   0.000819   0.000821   -1.6e-05   -4.8e-05   0.000634   -6e-06   -6e-06   0.000137   -0.000314   0.000314   2.1e-05   -1.6e-05   -2.1e-05   2.7e-05   0.000121   -5.5e-05   -0.001843   -3e-06   7.3e-05   -5.5e-05   -0.000122   0.000111   -4.9e-05   7.1e-05   1.5e-05   0.00048   -0.000211   1.2e-05   -3.3e-05   -2.1e-05   3.8e-05   0.000138   0.000355   2e-06   -1.5e-05   0.000729   0.000142   6.4e-05   -3e-05   -3.5e-05   0.000395   -2e-05   -1.9e-05   2e-05   -4e-06   5.7e-05   1.5e-05   8e-06   -4.4e-05   -9e-06   -0.0   -1.4e-05   1e-06   -5.3e-05   -2.2e-05   1e-06   -2e-05   -6.5e-05   -6e-06   -5e-06   -2.8e-05   0.000599   6e-06   -1.3e-05   -1.1e-05   -2.7e-05   -1.2e-05   -1.1e-05   -0.000379   1e-06   -4e-06   -0.000301   -6e-06   6e-06   -7e-06   3e-06   6e-06   6.8e-05   -0.0   -8e-06   -9e-05   1e-06   -1.6e-05   4.8e-05   -1.3e-05   0.0   2e-06   0.000434   -3.1e-05   0.002704   0.02164   -0.040455   0.011378   0.012416   0.126952   0.031838   0.005704   -0.028928   0.01172   -0.012428   0.330142   -0.000105   -0.02695   -0.032859   0.001411   -0.001827   -0.00573   0.217474   0.078433   1.0   
prop_binee_Rho03to045_GTwoJ_GreaterOneB_bin0 (0.916206)   0.005757   0.006314   0.001096   -0.00052   0.011393   -0.039442   -0.009109   0.00236   -0.006835   0.003142   0.018063   -0.000694   -0.003424   0.013155   0.020571   -0.023415   -0.017324   -0.00041   0.013674   0.01993   0.002281   0.007655   0.023835   0.00326   -0.00505   -0.010369   -0.03105   0.013689   -0.003767   -0.026137   -0.04137   -0.00367   -0.055548   0.004619   -0.009327   0.014538   -0.020389   0.017746   0.007349   0.009304   -0.026445   -0.000757   0.002196   0.016022   -0.00634   -0.010621   0.099153   0.009181   0.003124   -0.000371   0.04788   -0.001361   0.008349   0.003858   0.022218   -0.006276   0.021836   -0.009503   -0.009715   -0.013993   0.010406   0.009621   -0.003983   0.002412   -0.000285   0.001125   0.005483   0.012518   0.000984   -3e-06   -1.5e-05   1e-06   3.4e-05   9.3e-05   -0.00022   -3.8e-05   1e-06   7e-06   8.4e-05   -1e-05   -3.1e-05   -4.2e-05   -1.3e-05   2e-05   -3e-06   1.9e-05   -1.9e-05   1e-05   -3e-06   -4.4e-05   0.001226   -3e-05   -3e-06   -1.6e-05   6.5e-05   1.3e-05   -3e-05   3e-06   -1e-05   0.000331   0.000648   -3e-06   -4.2e-05   -2e-05   -3e-05   -0.000129   -9.4e-05   -1.3e-05   4e-06   -7.5e-05   -3e-05   3.7e-05   -5e-06   -2e-06   5e-06   -5e-06   -1e-06   3e-06   -6e-06   7e-06   -6e-06   -2e-06   -1.2e-05   -5e-06   4e-06   -1e-06   -2e-06   -4e-06   -4e-06   -3e-05   5e-06   1e-05   0.0   -1.1e-05   -8e-06   -4.4e-05   2.4e-05   1e-06   1.1e-05   4e-06   5e-06   -1.4e-05   0.0001   -1e-06   6e-06   -1.3e-05   2e-06   -1e-06   -4e-06   2e-05   4e-06   -2e-05   -1e-06   4e-06   -1.1e-05   -1e-06   -0.0   -2.7e-05   2e-06   -3e-06   -1e-06   -0.000119   -4e-06   -0.00162   0.014599   0.013892   0.015066   -0.016508   0.011963   0.035343   -0.017978   0.034279   -0.007973   -0.007186   -0.002649   -0.000774   -0.000707   -0.026802   -0.000533   -0.003808   -0.002357   0.042012   0.038075   0.051539   1.0   
prop_binee_Rho03to045_GTwoJ_OneB_bin0 (0.7966095)   0.052215   0.055081   0.00037   -0.011643   0.021756   0.027489   0.004324   0.005241   -0.013779   -0.005017   0.025975   0.020412   0.036058   -0.033797   -0.104147   0.000647   -0.025123   0.028082   -0.135645   -0.014987   0.015034   0.128319   -0.051526   -0.001163   0.002701   0.116729   -0.005097   -0.031013   -0.045676   -0.031973   -0.003909   0.060369   0.043793   -0.009177   -0.011233   -0.034773   0.000534   0.010891   -0.044344   -0.053944   0.012615   0.015576   0.002911   -0.137014   0.035456   0.060387   0.034872   -0.03714   -0.008675   0.001529   -0.011317   0.020377   0.110797   -0.001536   -0.007401   -0.004407   -0.054356   -0.025261   -0.001832   0.001191   0.012681   0.008499   -0.001528   0.001433   -0.000181   -0.001917   -0.046996   -0.019773   -0.007202   1.3e-05   -2.2e-05   1.7e-05   3.6e-05   2.6e-05   0.000835   -0.000834   -1e-05   2.4e-05   7.6e-05   -2.7e-05   -4.1e-05   5.2e-05   2.7e-05   9.2e-05   5.2e-05   -2e-05   -4.3e-05   6.1e-05   -4.9e-05   -5.6e-05   -0.001522   -3.1e-05   -4.9e-05   2e-05   0.000145   -7.9e-05   -7e-05   -2.6e-05   2.3e-05   5.7e-05   -0.000248   -4.1e-05   -6.4e-05   -2.5e-05   -2.4e-05   -5.5e-05   -0.000265   -1.3e-05   1e-05   -0.000122   -0.000132   -4.8e-05   -2e-06   5e-06   -0.000406   -3.5e-05   -1.3e-05   1e-06   2e-06   -4e-05   -2.7e-05   -3.5e-05   2.4e-05   -7e-06   1.3e-05   -1.8e-05   -8e-06   1.1e-05   1.8e-05   -5.7e-05   -1.1e-05   3.7e-05   -1e-06   9e-06   1.4e-05   -0.000462   4.9e-05   1e-06   1e-05   1e-06   -1e-06   -1.7e-05   -8e-05   -7e-06   -9e-06   -5.5e-05   7e-06   -7e-06   1.9e-05   3.2e-05   -1.7e-05   -2.2e-05   1.2e-05   -1e-06   -4.1e-05   9e-06   1.8e-05   -2.8e-05   1e-05   -1.4e-05   -7e-06   4.7e-05   -1e-05   -0.000554   0.002846   0.108493   0.001197   0.005428   -0.00194   0.004321   -0.007081   0.018721   -0.005086   -0.011203   0.114849   0.000543   -0.048005   -0.038897   0.007682   -0.000553   0.001522   0.120215   0.00134   0.094402   0.032016   1.0   
prop_binee_Rho045to07_GTwoJ_GreaterOneB_bin0 (0.920818)   0.018891   0.023405   -0.000566   -0.004146   0.006703   -0.006428   0.001242   -0.000504   0.004779   -0.010011   -0.070153   -0.019555   -0.018669   0.02573   0.053818   -0.042336   0.001034   -0.001482   -0.000131   -0.037383   -0.005853   0.008326   0.01293   -0.002595   0.007797   0.000248   0.013946   -0.006825   0.00729   -0.00045   0.024338   0.004972   0.028839   -0.000323   -0.009133   -0.012807   -0.004003   0.001064   -0.005787   -0.013938   0.013785   8e-06   -0.006835   -0.031961   0.003766   0.004552   -0.009707   -0.013714   0.007918   -0.002767   -0.034023   -0.008211   0.012897   -0.007941   -0.004509   -0.004975   8e-06   -0.011287   -0.003314   -0.003621   0.002314   0.00641   0.002162   0.009329   0.001648   -0.000239   -0.003302   -0.000884   -0.003558   -3e-06   7e-06   -0.0   -7.1e-05   -0.000108   -0.000219   -8.1e-05   -8e-06   2.3e-05   -7.9e-05   1.7e-05   0.0   4.1e-05   -5.7e-05   0.000143   -1e-05   1.4e-05   1e-06   -2e-05   -2.4e-05   2.7e-05   0.000377   -1e-05   1.2e-05   -4e-06   -1.4e-05   6.4e-05   -3.6e-05   7.1e-05   -2.3e-05   -8.9e-05   -0.000159   1.8e-05   3.1e-05   8e-06   9e-06   4.3e-05   5.3e-05   7e-06   1.4e-05   -8.5e-05   -4.1e-05   2.6e-05   9e-06   1.8e-05   6.3e-05   1.2e-05   1.4e-05   -3e-06   -0.0   -1.8e-05   6e-06   1.4e-05   2e-06   -3e-06   6e-06   1.7e-05   1e-06   2e-05   -1e-06   1.8e-05   -7e-06   1.4e-05   3e-06   -5e-06   1.4e-05   -0.000563   -4.7e-05   -1.9e-05   3e-06   8e-06   -1.3e-05   1.5e-05   0.000139   1e-06   8e-06   -5.5e-05   -0.0   -1e-06   -3e-06   -1.3e-05   3e-06   -1.4e-05   9e-06   -9e-06   5e-05   9e-06   -3e-06   4e-06   3e-06   3e-06   1e-06   -2.8e-05   1.3e-05   0.001987   0.020095   0.026503   -0.005485   -0.014438   0.010102   -0.032898   -0.057152   0.06929   -0.014706   0.006801   -0.185048   -7.4e-05   0.009738   0.008666   0.002392   0.000607   0.001879   0.005126   0.06085   -0.010059   0.027873   0.007225   1.0   
prop_binee_Rho045to07_GTwoJ_OneB_bin0 (0.754771)   0.016015   0.014976   0.000633   0.007974   0.03148   -0.035821   -0.010549   0.004673   -0.034536   0.03124   -0.062893   0.001034   0.021715   0.006342   -0.120504   -0.036667   0.002751   -0.034192   0.105317   0.267065   0.05143   -0.108355   -0.028816   0.001032   0.00016   -0.043366   0.02829   0.004799   0.057697   -0.014617   -0.033288   0.055876   0.049783   -0.028152   0.058009   -0.020408   -0.009942   -0.045961   0.02907   0.043943   0.122236   -0.004139   0.01369   0.103904   -0.023895   0.014909   0.021302   0.00384   0.036901   0.003391   -0.095574   -0.017745   -0.010327   0.03581   0.011349   -0.004391   -0.079914   0.050292   -0.00483   0.044888   0.008888   0.007549   0.005082   0.013332   0.008378   0.008826   0.017354   0.05124   -0.002728   3.1e-05   -2.6e-05   1.9e-05   0.000188   0.000294   0.000889   5.9e-05   3.1e-05   2.4e-05   1.2e-05   -2.6e-05   1.6e-05   -0.000379   -0.000319   1.1e-05   -2.2e-05   -1.9e-05   -1.7e-05   5e-06   -0.000131   2.5e-05   0.000935   3.7e-05   2e-05   3.4e-05   0.000223   -5.5e-05   -6.7e-05   7e-06   4e-05   0.00015   -0.00023   -3e-05   -1e-05   2.8e-05   -3.9e-05   7.1e-05   -0.000262   -1.9e-05   1.7e-05   -0.000312   -3.3e-05   -2.9e-05   -1.2e-05   3.5e-05   -0.000637   -3e-05   -2.6e-05   -2.8e-05   -1.4e-05   -7.5e-05   -3.2e-05   -5.3e-05   8.3e-05   -2e-06   4e-06   1.5e-05   1e-06   2.1e-05   4.2e-05   -4.9e-05   -4e-06   8.5e-05   4e-06   2.9e-05   2.1e-05   0.000712   9e-06   -7e-06   1e-05   1e-06   -1.1e-05   -2e-05   -0.000545   2e-06   1.7e-05   -0.000348   1e-06   3e-06   1.7e-05   1.3e-05   -1.7e-05   -8e-05   8e-06   -8e-06   8e-06   8e-06   2.6e-05   -7.2e-05   1e-06   3e-06   3e-06   0.000598   -6e-06   -0.004643   -0.027425   0.072659   -0.017169   0.008858   -0.045119   0.026098   -0.031356   0.018023   -0.000363   -0.00258   -0.082695   0.004534   0.02527   0.032307   0.012881   0.001906   -0.007951   0.06667   0.038665   0.025334   0.028682   0.029483   0.041996   1.0   
prop_binee_Rho07to1_GTwoJ_GreaterOneB_bin0 (0.794225)   -0.002148   -0.001197   -0.002774   -0.002655   -0.04594   0.020145   0.009271   -0.004084   0.017043   0.01443   0.020426   -0.009286   -0.083937   -0.041556   -0.076902   -0.080211   0.026424   -0.008112   0.005977   0.004136   0.016947   0.017561   0.057854   -0.010594   0.008432   -0.012957   -0.040854   -0.021375   -0.027998   0.012707   0.038685   0.019529   0.138946   0.003641   -0.007259   0.030584   0.003664   0.015013   0.030465   0.032463   -0.032253   0.011166   0.007861   -0.014526   -0.018329   0.014008   -0.049241   0.017721   -0.007733   -0.004174   -0.024483   -0.019074   -0.053943   0.013757   -0.004416   -0.008725   -0.027128   0.004696   -0.004797   0.031094   -0.012535   -0.006269   0.003334   0.003121   -0.005524   -0.007807   -0.005369   -0.028112   0.007609   7e-06   3.2e-05   4e-06   0.000101   8.2e-05   -0.000541   -0.000831   -7e-06   -5e-06   -0.00059   9e-06   5.4e-05   -0.001203   0.003542   -0.003697   -1.3e-05   -2.2e-05   3e-06   -1.4e-05   1.1e-05   0.000117   0.006573   5e-05   6.9e-05   1.5e-05   0.0   0.000152   2.3e-05   6.4e-05   1.7e-05   0.000412   -4.8e-05   1.4e-05   0.000103   7.3e-05   6.1e-05   -4.7e-05   0.000164   1.5e-05   -2.5e-05   0.000208   5.3e-05   -0.000136   1.8e-05   8e-06   -4.6e-05   1.6e-05   1.1e-05   -2.3e-05   9e-06   -4e-06   2.8e-05   -4e-06   1e-05   1.4e-05   -1.1e-05   -1.9e-05   1e-06   1.9e-05   1.1e-05   8.3e-05   -6e-06   -9e-06   0.0   2.8e-05   3.9e-05   0.002998   -0.000138   -2.7e-05   -2.2e-05   -6e-06   -8e-06   1.8e-05   -0.000428   -0.0   -1.4e-05   0.003614   1e-06   -0.0   7e-06   -3.2e-05   -1.1e-05   4.6e-05   5e-06   -5e-06   6e-06   5e-06   5e-06   5.8e-05   0.0   0.0   -0.0   0.000456   -1e-06   0.00255   -0.02781   -0.056479   -0.003018   0.01659   -0.052549   -0.083785   0.01808   -0.030627   0.011354   -0.020153   0.062479   0.000153   0.006716   0.047293   0.003432   0.004484   -0.003099   0.087315   0.060009   0.039566   0.006609   0.029013   0.020053   0.014509   1.0   
prop_binee_Rho07to1_GTwoJ_OneB_bin0 (0.727035)   -0.057196   -0.066139   0.003297   -0.001164   -0.014042   -0.007876   0.003998   -0.007842   0.033374   -0.026742   -0.094746   -0.031565   -0.062939   0.042994   -0.034899   -0.109493   0.00911   0.07027   0.006077   -0.295314   -0.030381   -0.033993   0.047985   -0.000287   -0.00456   0.122216   0.071771   0.018812   -0.016374   -0.010662   0.076999   -0.097311   -0.161014   0.017817   -0.057263   0.058688   -0.018119   0.049439   -0.011826   -0.039613   -0.214428   -0.028384   -0.019276   -0.003392   0.001238   0.0079   0.096691   -0.031255   -0.06357   0.007652   0.062042   -0.01776   -0.036028   0.014439   0.00508   0.003333   -0.053356   -0.004786   0.006092   0.026238   0.004417   0.002286   0.006887   0.011646   -0.006228   -0.013091   0.048976   -0.004373   0.008003   1.1e-05   4.3e-05   6e-06   -0.000291   -0.000523   -0.000812   -0.000515   -6e-06   -1.9e-05   -0.000442   7.4e-05   -1e-05   0.000146   8.9e-05   0.000113   -1.8e-05   1.1e-05   2.4e-05   -3.9e-05   6.3e-05   0.000152   0.002839   -1.1e-05   -1.6e-05   0.000114   1e-05   -2e-05   3.4e-05   1.4e-05   5.7e-05   -0.000517   -0.000103   -2e-06   0.000151   8.1e-05   9.4e-05   -2.6e-05   0.000124   6.6e-05   -2.7e-05   -0.000622   -2e-06   -0.000124   4.8e-05   4.1e-05   -0.000202   3.4e-05   4.7e-05   -2.6e-05   2.2e-05   1e-06   1.4e-05   -1.7e-05   1.2e-05   5e-06   -3.1e-05   7e-06   7e-06   0.000104   2.2e-05   0.000114   1e-06   -1e-06   5e-06   0.0   4.8e-05   0.003013   -0.000118   -3.8e-05   -4e-05   5e-06   -9e-06   8.9e-05   0.000544   6e-06   -9e-06   0.000135   0.0   -0.0   8e-06   -0.000154   -2.6e-05   0.0001   3e-06   -6e-06   0.000116   4e-06   8e-06   0.000119   2e-06   1.1e-05   -0.0   -0.000512   3.3e-05   0.00244   0.062229   -0.116149   0.002063   0.039688   -0.139459   -0.043594   0.002171   -0.016179   0.011113   -0.017354   -0.262274   0.001984   0.036191   0.025493   0.00998   0.002923   0.003464   -0.054325   0.027969   -0.033107   0.029052   -0.008331   0.0778   -0.113868   0.011863   1.0   
prop_binee_Rho0to03_GTwoJ_GreaterOneB_bin0 (0.7673405)   0.063172   0.07303   -0.001959   0.006336   0.07575   -0.087916   -0.02481   0.018019   -0.065427   0.032698   -0.023193   -0.034126   -0.126104   -0.004786   0.01753   -0.065679   -0.032525   0.022067   -0.043443   0.046267   -0.011196   -0.062687   -0.067929   0.00713   -0.016119   0.027134   -0.008856   0.006826   0.007116   -0.00138   -0.01042   0.000793   0.014115   -0.013182   -0.016321   0.008774   0.014875   -0.002359   -0.002932   -0.001534   -0.003163   0.005839   0.014083   0.049431   -0.008045   -0.001262   -0.001162   0.008482   0.000348   -0.001131   -0.049615   0.021837   0.137378   -0.014424   0.024492   0.025147   0.04901   0.007128   -0.008776   0.004086   0.018048   0.005995   -0.002105   -0.0063   0.012998   0.0339   0.003141   0.004797   -0.0004   1.1e-05   -2.6e-05   5.5e-05   -0.000143   -1.4e-05   0.000553   -0.000326   5e-06   -1e-06   -0.000374   -3.5e-05   -3.9e-05   -0.000343   7.2e-05   -2.1e-05   1.3e-05   4.4e-05   -4.3e-05   2.2e-05   -6.8e-05   -8.8e-05   -0.002033   -9e-06   -3e-06   -2.2e-05   -0.000196   0.000113   -7.4e-05   0.000144   8e-06   0.000818   -0.000306   -9.6e-05   -5.3e-05   1.4e-05   -7.1e-05   4.6e-05   -3.1e-05   -3.3e-05   6e-05   0.000227   -0.000271   -0.000365   4.6e-05   -1.4e-05   -0.000333   -0.000115   -2.5e-05   1e-06   -1.7e-05   -5.8e-05   -2.7e-05   -6.4e-05   -4.6e-05   -7.7e-05   3.4e-05   -3.7e-05   -3.6e-05   -1.7e-05   1.6e-05   -0.00013   -6.1e-05   0.000184   6e-06   -5e-06   5.3e-05   -7.9e-05   2e-06   -6.1e-05   3.5e-05   7e-06   -2.7e-05   -3.3e-05   -0.001879   -3.7e-05   -1.5e-05   -0.000135   3.6e-05   -4.6e-05   1.8e-05   7.5e-05   -3e-05   -8.1e-05   7.5e-05   -2e-05   -9e-06   5.8e-05   4.5e-05   -9.6e-05   6.1e-05   -5.8e-05   -3.9e-05   0.001052   -1e-05   -0.001558   0.014567   0.165791   -0.012734   -0.031673   0.099917   0.07669   0.041565   -0.037355   0.007816   -0.03877   -0.116487   -0.004027   0.016683   -0.029374   -0.002414   -0.006682   0.00912   0.028309   0.032071   0.005782   0.034176   0.017359   0.04977   0.082812   0.003516   -0.019973   1.0   
prop_binee_Rho0to03_GTwoJ_OneB_bin0 (0.7696545)   0.036754   0.038945   -0.003733   -0.008655   0.033521   0.053088   0.012301   -0.000521   0.015853   -0.050588   -0.079932   -0.022535   -0.046942   0.013652   -0.044228   -0.040467   -0.019901   -0.049667   0.046512   -0.117929   -0.002515   0.047484   -0.092842   -0.009218   -0.011271   -0.115501   0.003523   0.027455   -0.02017   0.091598   -0.038181   -0.08999   0.002809   0.005096   0.027788   0.049779   0.078832   0.006996   0.006774   -0.002597   0.003209   0.002143   0.003662   0.050771   -0.002081   -0.105039   -0.23026   0.073324   0.002583   -0.000104   -0.023303   0.029347   -0.003804   0.006377   -0.004645   0.006315   0.007258   -0.002788   0.001532   -0.020126   0.005317   -0.006605   -0.010669   -0.018878   -0.009134   0.008579   -0.015968   -0.006381   -0.000648   2.2e-05   -1.1e-05   2.3e-05   -0.000102   -6.5e-05   -0.000498   -0.000174   2.3e-05   -6.3e-05   -0.000157   -0.0   -0.00013   -0.000217   -0.000103   1.2e-05   2.5e-05   -0.000116   -7e-05   8e-06   -9.3e-05   -5.2e-05   -5.4e-05   -1.7e-05   -0.000398   0.000272   0.000313   -0.000633   0.000388   -0.000635   6.6e-05   -0.001647   0.000189   -5.5e-05   -3.1e-05   -0.000176   -0.000204   -3.2e-05   -0.000165   9e-06   4.4e-05   0.00089   -6.4e-05   -0.000116   2.1e-05   -1.9e-05   -0.00028   -2.4e-05   -2e-06   -4e-06   5e-06   0.00014   -4.3e-05   -4.4e-05   3.7e-05   -5.4e-05   1.6e-05   1.6e-05   -1.1e-05   3.6e-05   1e-05   -9.4e-05   0.000164   7.5e-05   1e-06   4e-06   -0.000165   -0.001115   0.000211   0.000156   1.4e-05   8e-06   0.000244   1.5e-05   0.001571   -1e-05   1.6e-05   -5.7e-05   6e-06   -1.2e-05   1.4e-05   8e-06   -1.7e-05   -4.2e-05   -0.000147   0.000175   2.1e-05   -0.000147   2.7e-05   -4.4e-05   1.3e-05   -1.4e-05   -1.1e-05   -0.001672   7e-06   0.002108   0.023821   0.08504   -0.003968   0.010943   0.233746   -0.011433   0.031498   -0.000168   -0.008415   -0.004676   -0.086611   -0.002097   -0.029024   0.044284   0.001522   0.000751   0.012779   0.014171   0.028966   0.039832   -0.016929   0.002856   0.043264   0.039039   0.023306   0.029382   0.093173   1.0   
prop_binemu_NoRho_OneJet_OneB_bin0 (0.957921)   -0.00324   -0.009235   -4.1e-05   0.014972   -0.108032   -0.003733   0.001188   -0.002586   0.017309   0.029244   0.006084   0.002386   0.002351   -0.004944   -0.008157   -0.002844   -0.008341   -0.003618   -0.002168   -0.009999   0.0037   0.003279   -0.019634   -0.0028   0.000602   0.012936   -0.002341   0.006252   0.005387   -0.015957   -0.054653   0.003122   -0.020497   -0.003834   -0.002057   0.015131   0.001267   0.005962   0.007481   -0.008757   0.01087   0.0033   0.001669   -0.001025   0.002056   0.005078   0.006265   -0.002092   0.019731   0.001684   0.008343   0.003375   -0.00175   -0.002557   0.005103   -0.009952   -0.005374   0.02402   0.004619   0.004957   -0.001224   -0.001974   0.003115   -0.002458   0.004254   0.002777   -1.2e-05   0.007599   0.002713   2e-06   -1e-06   2e-06   0.000301   0.000272   0.000958   0.000212   -6e-06   -1.4e-05   0.000263   1.4e-05   1.1e-05   -0.000104   -3e-05   -6.5e-05   -1e-06   4e-06   -1.1e-05   -1.1e-05   7e-06   1e-06   -0.002483   1.3e-05   -3e-06   2.9e-05   -3e-06   3e-05   -1.7e-05   2.2e-05   1.3e-05   0.000151   3.2e-05   9e-06   -0.0   6e-06   1.5e-05   5e-06   -9e-06   1.5e-05   2e-06   7.9e-05   -2.7e-05   -8e-06   -3e-06   4e-06   -2.2e-05   -1.7e-05   -0.0   6e-06   -5e-06   -9e-06   -4e-06   -7e-06   1e-06   -4e-06   -3e-06   1e-06   -1e-06   7e-06   3e-06   -3e-06   -1.1e-05   3e-05   0.0   4e-06   -1e-06   -0.000171   2.1e-05   1e-06   -1.3e-05   -6e-06   -1e-06   1.7e-05   -0.000185   -0.0   -6e-06   -2.2e-05   -0.0   -2e-06   2e-06   -9e-06   -1e-05   3e-06   1e-06   -1e-06   2.2e-05   1e-06   2e-06   2e-05   3e-06   -1e-06   -2e-06   0.000196   -5e-06   0.001008   -0.011377   0.001218   0.007672   -0.026438   -0.004419   0.001398   0.002502   -0.007384   0.001963   0.01662   -0.041731   -0.006971   -0.142576   -0.071179   -0.002405   0.000364   0.025124   0.026031   -0.008133   -0.017258   0.002122   -0.006698   0.007145   -0.005886   -0.01017   0.012742   -0.000406   0.005258   1.0   
prop_binemu_NoRho_OneJet_OneB_bin1 (0.9472935)   0.024886   0.036349   -0.003109   0.00377   0.095197   0.00749   0.001597   -0.005167   -0.014292   -0.058964   0.027035   0.012352   0.026139   -0.014951   -0.011002   0.014796   -0.001699   -0.002021   0.004202   -0.006389   -0.001284   -0.003838   0.007632   -0.001868   0.000818   0.00328   -0.017475   0.009011   0.007696   0.011216   -0.015777   -0.001521   0.004832   -0.007867   -0.009086   -0.004958   0.000155   0.001063   0.007172   0.008301   -0.019329   0.003645   -0.001836   0.006821   0.000494   8.5e-05   0.015154   0.001438   0.013818   -0.00231   -0.02387   -0.001158   0.044977   0.002505   -0.009078   -0.023195   0.011471   -0.006424   -0.002269   0.006957   0.000725   0.001702   0.001656   0.00304   0.000242   -0.000378   -0.018428   -0.002984   -0.000864   -2e-06   -1e-05   2e-06   0.000512   0.000545   -0.000365   0.000703   -5e-06   -9e-06   0.000678   -2e-05   -2.5e-05   7.8e-05   5e-05   -2.1e-05   8e-06   -2.2e-05   -1e-05   3e-06   -3.6e-05   -5.3e-05   -0.002084   -4.7e-05   -2.5e-05   -3.3e-05   1e-05   -2.7e-05   -2.6e-05   -1.8e-05   -2.8e-05   0.000128   -1e-06   -9e-06   -4.9e-05   -4.7e-05   -4.7e-05   1e-06   -5.9e-05   -2.1e-05   4e-06   0.000149   -4e-05   -4e-06   -9e-06   -1e-06   6e-06   -1.1e-05   -1e-05   -1.5e-05   -3e-05   -5e-06   -1.8e-05   -6e-06   -1.3e-05   -1.3e-05   -8e-06   -1.1e-05   -4e-06   -4e-06   -2e-06   -2.7e-05   -1.4e-05   2e-05   -1e-06   -1.3e-05   -1e-05   -0.000569   1.3e-05   1.6e-05   -1e-05   2e-06   3e-06   -2.4e-05   -0.00024   -3e-06   -1.3e-05   4.1e-05   3e-06   -3e-06   8e-06   1.5e-05   6e-06   -2.7e-05   2e-06   2e-06   -2.6e-05   1e-06   1e-06   -2.2e-05   4e-06   -6e-06   -3e-06   0.000201   -3.1e-05   0.001624   0.003228   0.092332   -0.008006   0.03052   -0.023878   -0.061308   -0.010821   0.019053   -0.003457   0.005926   0.011224   0.002504   0.166613   -0.244565   0.001416   0.001736   -0.061679   0.023471   -0.00894   -0.011845   0.000179   0.009083   -0.002766   0.005331   -0.001417   -0.013852   0.004775   -0.010783   0.052101   1.0   
prop_binemu_NoRho_OneJet_OneB_bin2 (0.964013)   0.008844   0.013516   0.00116   -0.025944   0.014611   0.024017   0.007285   0.005237   -0.006743   -0.022416   0.005725   0.002562   -0.001639   -0.012495   -0.02006   -0.008358   0.010733   -0.001785   0.003   0.012561   0.001783   -0.010058   0.039497   0.00343   0.000856   -0.026547   0.025868   -0.026299   -0.015897   0.007481   0.080427   0.000783   -0.013348   0.008156   0.009023   -0.011102   0.000464   -0.009073   -0.016168   0.008545   0.004425   -0.003762   0.000943   0.00553   -0.005121   -0.000779   -0.004313   -0.000928   -0.041865   0.002113   0.055695   0.000825   0.047662   -0.000843   0.001483   0.030012   -0.001879   -0.016569   -0.012023   -0.006468   -0.001486   -0.001705   -0.007076   -0.004817   -0.004708   -0.000581   0.001566   -0.00797   -0.003569   -1e-06   -1e-06   1e-06   -0.000672   -0.000688   -0.001066   -0.001542   2e-06   1e-06   -0.001564   -5e-06   -2.2e-05   -0.000904   2.5e-05   -3.5e-05   2e-06   -1.9e-05   6e-06   -1e-06   -3e-06   -2.2e-05   0.005013   -2.1e-05   -2.1e-05   -3e-06   4e-06   -3.5e-05   -2e-06   -2.6e-05   -3e-06   -7.3e-05   -2e-05   -1.9e-05   -1.7e-05   -2.2e-05   -2.9e-05   -1.5e-05   1.6e-05   -6e-06   -1.2e-05   -5.7e-05   -1.2e-05   -2.1e-05   -8e-06   0.0   -1.1e-05   -6e-06   -5e-06   -6e-06   -1.2e-05   1e-06   -4e-06   -8e-06   -1.7e-05   -1e-05   -4e-06   -1e-05   -3e-06   1e-06   -3e-06   -2.2e-05   -7e-06   5.4e-05   -0.0   -7e-06   -6e-06   0.000622   1.6e-05   -1.2e-05   -7e-06   -1e-05   -0.0   -6e-06   5.6e-05   -2e-06   2e-06   1.8e-05   1e-06   -3e-06   3e-06   3.9e-05   1e-06   -1.3e-05   3e-06   -0.0   -8e-06   2e-06   1e-06   -1.2e-05   2e-06   -4e-06   -3e-06   -6.6e-05   -9e-06   -0.001237   -0.016873   -0.013432   0.005724   -0.011006   0.001046   0.113566   0.010456   -0.017141   0.000437   -0.016035   0.004535   -0.000847   -0.003561   -0.050541   -0.000948   -0.00117   0.011362   0.009245   0.004759   0.005502   -0.000163   -0.003345   -0.003128   -0.008975   -0.00353   -0.003631   0.005474   0.001423   0.015384   0.035832   1.0   
prop_binemu_NoRho_TwoJ_GreaterOneB_bin0 (0.982799)   -0.012555   -0.014506   3e-06   -0.010564   0.053961   -0.023147   -0.009141   0.010339   -0.037435   -0.004851   -0.001807   0.000448   0.004866   0.001033   0.005784   0.001241   0.004916   -0.000926   0.005265   -0.00778   0.000548   -0.002647   0.017558   0.002314   -0.000772   0.001793   0.001906   -0.003555   -0.002638   -0.000987   0.007944   -0.000671   -0.005581   -0.002226   -0.015942   -0.000237   -0.00289   0.003955   0.003601   -0.002738   -0.01407   -0.002328   0.000611   0.009604   -0.003276   -0.001489   -0.00502   -0.004373   -0.004511   -0.002759   -0.072636   -0.00076   0.124548   0.010954   -0.002204   0.004477   -0.013362   -0.01594   -0.010447   -0.001173   -0.002756   -0.002346   -0.002143   -0.002614   -0.00209   -0.001936   -0.01114   -0.004391   -0.003427   -3e-06   -1.1e-05   -1e-06   1.4e-05   0.000107   0.000369   1.4e-05   9e-06   2e-05   -6e-05   -2e-06   -2.4e-05   -0.000168   6e-05   -8e-05   1.7e-05   3.3e-05   -4e-06   2.1e-05   -3.2e-05   -4.9e-05   -0.00011   -3e-05   -4.1e-05   -2e-06   -3e-06   -5.8e-05   -2.7e-05   -5.5e-05   -5e-06   0.000218   -4.4e-05   -2.6e-05   -6.2e-05   -2.5e-05   -6.1e-05   2e-05   -8.7e-05   -3e-06   3.5e-05   0.000175   -3.5e-05   2.8e-05   -6e-06   -2e-06   2e-05   7e-06   -7e-06   1.7e-05   -6e-06   8e-06   -1.5e-05   0.0   1.5e-05   -1.3e-05   2.2e-05   2.1e-05   -2e-06   -1.7e-05   -4e-06   -6.2e-05   2e-06   2.8e-05   1e-06   -7e-06   -8e-06   -0.000652   7e-06   -1e-06   2.5e-05   -8e-06   -4e-06   -6e-06   -0.000283   0.0   1.3e-05   2.2e-05   2e-06   2e-06   1e-05   1.9e-05   1.7e-05   -5.2e-05   4e-06   -3e-06   -5e-06   4e-06   -2e-06   -6.1e-05   2e-06   -1e-06   2e-06   0.000295   -1e-05   -0.001582   0.00174   0.113071   -0.00131   0.006038   0.012123   0.013183   0.005089   -0.009815   0.000601   -0.008483   -0.012221   -0.001166   -0.014899   -0.039407   -0.000375   3.8e-05   0.002545   0.005677   -0.000309   -0.005652   -0.004301   0.014642   -0.001299   0.007831   -0.008789   -0.006373   0.020105   0.013924   0.008907   0.015933   -0.016868   1.0   
prop_binemu_NoRho_TwoJ_GreaterOneB_bin1 (0.9742975)   -0.008477   -0.009255   0.000582   -0.000219   -0.008598   0.015995   0.005949   -0.003475   0.015291   -0.012993   -0.001386   0.000432   0.000674   0.000202   -0.012365   -0.010695   0.001577   0.001208   -0.000446   0.001115   -0.000659   0.000505   -0.018372   -0.0009   0.000909   -0.012102   -0.002917   -0.005055   -0.001366   -0.001744   0.018453   0.001241   -0.003903   -0.002629   0.003657   -0.005357   -0.000409   -0.000571   0.002112   0.006212   -0.010102   -0.000545   0.000119   -0.004012   0.00057   0.001936   0.008979   0.00108   -0.006328   0.000731   0.037598   0.000541   0.038066   -0.008681   -0.004637   0.006051   -0.00054   -0.003595   0.002546   -0.005942   -2.4e-05   0.000237   -0.002656   8.1e-05   0.000416   -0.001839   0.002541   -0.000338   0.000326   1e-06   7e-06   0.0   3.1e-05   4.8e-05   6e-06   0.000214   8e-06   7e-06   0.000235   5e-06   1.8e-05   0.000255   1.4e-05   -3e-06   -2e-06   1.4e-05   1.3e-05   -2e-06   -9e-06   -1.3e-05   0.000948   6e-06   2.7e-05   7e-06   8e-06   4.9e-05   -2.5e-05   5.5e-05   7e-06   -0.000341   -7.5e-05   7e-06   -1.2e-05   1.6e-05   -1.1e-05   2.4e-05   1.7e-05   5e-06   0.0   -0.000357   -1.3e-05   -2.9e-05   2e-06   1e-06   -5.5e-05   3e-06   5e-06   -2e-06   3e-06   -1e-06   4e-06   -4e-06   -1e-06   3e-06   -2e-06   -2e-06   0.0   1.3e-05   1e-06   -1.6e-05   1.6e-05   2e-06   -0.0   2e-06   3e-06   -3e-05   1e-06   0.0   6e-06   2e-06   2e-06   6e-06   0.000458   0.0   -6e-06   3.5e-05   0.0   -0.0   2e-06   -6e-06   7e-06   -1e-05   -1e-06   1e-06   3e-06   -1e-06   1e-06   -1.4e-05   -0.0   0.0   0.0   -0.000427   3e-06   0.000108   -0.012613   -0.030941   0.000873   -0.004215   -0.009776   0.008868   0.008144   -0.01577   0.003466   -0.00899   0.008208   0.001231   0.013557   0.031983   0.000531   -0.000578   0.001765   0.001382   0.015228   -0.002768   -0.003062   0.000511   -0.00658   -0.006919   -0.003185   0.011992   -0.005363   -0.00607   0.005511   -0.004287   -0.002793   0.012503   1.0   
prop_binemu_NoRho_TwoJ_GreaterOneB_bin2 (0.975271)   0.034998   0.038821   0.000306   0.002609   -0.000289   0.004129   0.000884   -0.000555   0.001161   -0.004807   -0.010429   0.002379   0.015968   0.002776   -0.007934   0.00676   0.000549   0.002618   0.000266   -0.002242   -0.000842   -0.00202   -0.021271   0.007925   0.000807   0.00843   0.010718   0.001879   0.001746   0.003624   -0.008148   -6.4e-05   -0.003135   -0.002069   0.00387   0.00091   -0.003815   -0.000168   -0.001382   0.002125   0.002129   0.00018   -0.00043   0.010429   0.000415   -0.000584   -0.005253   0.001045   0.001155   0.001186   0.047134   -0.000868   0.02077   -0.009176   0.003162   -0.005465   -0.006172   0.000406   0.000786   0.000624   0.001562   0.001479   0.001601   0.001856   0.000874   0.001413   -0.00303   0.00288   0.0   2e-06   1e-06   1e-06   -1.4e-05   3.5e-05   0.000461   0.00012   5e-06   1.4e-05   0.000136   -4e-06   5e-06   0.000139   5.5e-05   -7.2e-05   1.4e-05   5e-06   3e-06   2.4e-05   -3.7e-05   -3.1e-05   -0.000851   -7e-06   -2e-06   -4e-06   3e-06   -5e-06   -4.7e-05   1.7e-05   4e-06   -1e-06   6.7e-05   -6e-06   -2.2e-05   -2.1e-05   -2.7e-05   1.4e-05   -2e-06   -4e-06   1.1e-05   -9.8e-05   -1.5e-05   -2e-06   -1e-06   -1e-06   -6.6e-05   9e-06   -1e-06   -1e-06   2e-06   -1.2e-05   -1.1e-05   6e-06   7e-06   3e-06   2e-06   4e-06   1e-06   7e-06   4e-06   -3.4e-05   -6e-06   2.8e-05   -0.0   3e-06   2e-06   -0.000336   1.1e-05   9e-06   5e-06   2.1e-05   -2e-06   -5e-06   4.5e-05   0.0   3e-06   4.7e-05   -1e-06   1e-06   5e-06   2.2e-05   7e-06   -3.3e-05   1e-06   -1e-06   -6e-06   1e-06   2e-06   -3.9e-05   -1e-06   1e-06   2e-06   -3.7e-05   5e-06   -0.000282   -0.004895   0.013097   0.005237   -0.004952   0.011423   0.01269   0.001983   -0.004604   0.00215   0.00825   0.002738   0.001308   0.008135   0.051574   -0.000117   -0.000949   -0.000129   -0.001203   0.009349   -0.003006   -0.002306   0.002805   -0.004044   -0.000337   -0.00711   -0.005788   -0.001134   0.006372   -1.1e-05   -0.004868   0.002031   0.003965   0.018794   1.0   
prop_binemu_NoRho_TwoJ_GreaterOneB_bin3 (0.9755505)   0.002978   0.002318   -0.000229   0.006313   -0.009193   -0.01325   -0.00244   0.000182   -0.011642   0.012221   -0.009111   -0.001187   0.000526   0.003447   -0.009061   0.005334   -0.00458   -0.007699   0.000557   0.011247   0.001211   0.00284   0.096732   -0.007364   -0.002251   0.009972   0.001934   0.001699   0.003091   -0.005259   -0.013622   0.000847   -0.006213   -0.006155   -0.001547   -0.002055   -0.000644   0.002914   0.001637   -0.003071   -0.003754   0.000375   0.000592   -0.022856   -0.002621   5e-06   0.00948   0.000908   0.003619   -0.000118   0.019975   -0.003066   -0.057717   0.01093   -0.002048   -0.00659   -0.006759   0.007001   -0.003061   0.000203   0.003521   0.002608   0.00508   0.003857   0.000223   0.003896   -0.003638   0.002096   0.002028   2e-06   3e-06   -4e-06   -0.000142   -0.000125   -7.6e-05   -0.000112   -1e-05   -4e-06   -9.6e-05   3e-06   -2e-06   1e-06   -5.1e-05   4.8e-05   -1e-05   -9e-06   -1e-06   -9e-06   -2.2e-05   -7e-06   -0.00074   -8e-06   -3.1e-05   3.1e-05   1.9e-05   -5.4e-05   7e-06   -4.5e-05   4e-06   0.00065   -4e-05   3e-06   -2.1e-05   1.4e-05   -1e-05   -1.7e-05   2.9e-05   3e-06   0.0   0.000654   -3.3e-05   5.6e-05   6e-06   -3e-06   1.8e-05   1.6e-05   -1e-06   -4e-06   8e-06   0.0   5e-06   -2e-06   1e-05   7e-06   -4e-06   6e-06   4e-06   -3e-06   2e-06   -2.1e-05   3.2e-05   3e-06   0.0   9e-06   1e-06   -0.000104   -3e-06   5e-06   4e-06   -2e-06   2e-06   5e-06   -0.000779   4e-06   3e-06   -7.2e-05   -4e-06   5e-06   -9e-06   -6e-06   8e-06   -1.8e-05   -7e-06   1e-06   9e-06   -5e-06   -2e-06   -2.6e-05   -6e-06   7e-06   4e-06   0.000729   7e-06   -0.000321   0.010834   -0.012526   -0.008642   0.009436   -0.005321   -0.014423   0.008509   -0.01557   0.008014   -0.001961   -0.008339   0.000129   -0.000732   0.043146   -0.00097   -0.001539   -0.000616   -0.016815   0.013812   0.000436   0.001584   -0.005115   -0.000985   -0.003796   0.004475   0.007698   -0.019041   -0.007302   -0.008559   -0.000518   0.008591   -0.002155   0.004555   0.012525   1.0   
prop_binemu_NoRho_TwoJ_GreaterOneB_bin4 (0.985804)   -0.005376   -0.008451   0.000587   -0.003049   -0.000223   -0.000177   -0.001154   0.001394   -0.005035   0.004025   -0.003231   0.000911   0.008797   0.004435   0.004214   -0.003742   -0.001963   0.00558   -0.00072   -0.00543   -0.000506   0.003197   -0.101493   0.006356   0.000847   0.008486   -0.00328   0.005369   0.003578   -0.004213   -0.02078   0.001589   -0.011721   -0.005673   -0.006108   0.00315   -0.002223   0.004225   0.008084   -0.005967   -0.008828   -0.000684   -4.2e-05   0.002891   0.001023   -0.000657   -0.007147   -0.002478   0.012331   -0.001897   -0.025625   0.002323   -0.087445   0.003077   -0.004035   0.000312   -0.0103   -0.004156   0.002644   -0.001223   -0.002811   -0.002475   -0.000253   -0.002224   0.001053   0.000497   0.003989   0.005104   -0.001277   1e-06   -4e-06   1e-06   6.5e-05   9.2e-05   0.000705   0.000374   7e-06   6e-06   0.000333   2e-06   3e-06   0.000319   2.7e-05   -2.4e-05   -3e-06   -5e-06   -3e-06   4e-06   -2.7e-05   -3.8e-05   -0.001454   -1.2e-05   -7e-06   -4.5e-05   -2.1e-05   3.6e-05   -4.8e-05   2.6e-05   6e-06   -0.000245   -5.3e-05   -1.1e-05   -3.6e-05   -2.5e-05   2e-06   3.4e-05   -7.1e-05   4e-06   -1e-06   -0.000375   -4.2e-05   -6.3e-05   -2e-06   2e-06   -9.3e-05   -2e-06   -7e-06   -2e-06   3e-06   -1e-05   -1.4e-05   0.0   5e-06   -6e-06   -2e-06   -4e-06   -0.0   -1.2e-05   3e-06   -2.4e-05   -8e-06   -6e-06   -0.0   -1.1e-05   0.0   -0.000388   -1.4e-05   -9e-06   -2e-06   2e-06   -4e-06   5e-06   0.000357   0.0   -9e-06   3.3e-05   -0.0   -0.0   -1.1e-05   -1.8e-05   1e-06   -1.9e-05   3e-06   -3e-06   5e-06   3e-06   1e-06   -2.2e-05   1e-06   0.0   -1e-06   -0.000294   -1e-06   -0.000607   -0.004481   0.018216   -0.002746   -0.006185   0.00534   -0.051547   0.004151   -0.009014   0.000979   -0.003434   -0.000928   -0.002324   -0.039284   -0.016288   -0.000866   0.001754   -0.007469   0.007199   0.002412   -0.008903   -0.002757   0.004626   -0.00047   0.005419   -0.00368   0.004836   -0.00029   0.015386   -0.011742   0.00941   0.008216   -0.001081   -0.00657   -0.000406   0.009749   1.0   
prop_binemu_NoRho_TwoJ_OneB_bin0 (0.940805)   -0.030868   -0.04265   0.004513   -0.024882   0.00934   -0.005575   -0.009092   -0.000529   -0.003634   0.0128   0.001429   -0.003285   -0.015851   0.000715   -0.012599   -0.009661   -0.001579   0.010893   -0.009342   0.016895   -0.003116   0.015113   -0.00945   0.014986   -0.002849   0.011222   0.011573   0.00748   -0.00155   0.014735   0.012197   0.000293   0.053507   0.017827   0.014389   -0.00563   0.000334   -0.007774   -0.01062   -0.000594   0.01179   -0.003792   -0.001574   0.006454   0.003893   -0.004516   -0.018416   0.001375   -0.002352   -0.002081   -0.101362   0.000188   -0.114871   -0.004298   0.020025   0.012186   -7.4e-05   0.024876   0.008851   -0.006897   9.5e-05   0.000862   1.6e-05   0.001278   -0.000544   -0.002836   0.016543   0.006705   0.004998   2e-06   7e-06   -4e-06   -0.000609   -0.000709   -7.8e-05   0.000739   2e-06   2e-06   0.000742   4e-06   3.4e-05   0.001836   5.1e-05   5.3e-05   -2.6e-05   6e-06   2.7e-05   -2.4e-05   4.2e-05   7.6e-05   0.001707   3.7e-05   -9e-06   1.9e-05   2.1e-05   3.3e-05   1.9e-05   -2.4e-05   4e-06   -0.000441   -1.7e-05   4e-06   7.5e-05   7e-06   6.9e-05   -2.3e-05   4.9e-05   5e-06   -3.2e-05   -0.000403   6.4e-05   -2.1e-05   1.7e-05   6e-06   -1.9e-05   3.2e-05   9e-06   -2e-05   1.7e-05   6e-06   8e-06   8e-06   2e-06   1.5e-05   -2.5e-05   -1.8e-05   7e-06   7e-06   4e-06   7.7e-05   2.1e-05   -5.2e-05   -1e-06   9e-06   3e-06   0.000546   -1.7e-05   7e-06   -2e-05   1e-06   3e-06   1e-05   0.000665   5e-06   -1.8e-05   3.3e-05   -5e-06   5e-06   -3e-06   -3.8e-05   -4e-06   5.3e-05   -1e-05   2e-06   2e-05   -8e-06   -3e-06   5.5e-05   -8e-06   1e-05   3e-06   -0.000586   2.2e-05   -0.004977   -0.008322   -0.150498   -0.000935   0.037952   0.028089   -0.06434   0.006756   -0.009562   0.002962   -0.021825   -0.003325   0.00256   0.003821   0.084045   0.003431   -0.004236   0.01553   -0.004509   0.012248   0.021596   -0.012572   -0.023469   -0.0041   0.011469   0.011503   0.016797   -0.013341   -0.010849   0.033818   -0.000767   -0.000476   -0.021226   0.006153   0.003695   -0.000489   -0.008427   1.0   
prop_binemu_NoRho_TwoJ_OneB_bin1 (0.9513175)   -0.035553   -0.041482   0.000641   0.002562   0.039959   -0.00677   -0.002082   0.009878   -0.015338   0.002676   0.001834   -0.004266   -0.012682   0.011613   0.000696   -0.001766   -0.003546   0.005128   -0.007902   0.010643   -0.000128   0.008753   0.034634   -0.00952   -0.000856   -0.020496   -0.000453   0.00893   -0.007186   -0.008911   -0.028802   -0.000515   -0.001333   -0.004046   0.01009   0.005592   -0.001478   0.001993   -0.004645   -0.013566   0.013632   -0.001353   0.00231   -0.03461   0.001131   0.001914   -0.019992   0.000105   0.009606   -0.001714   0.077425   0.001166   -0.105214   0.017201   -0.012124   0.008203   0.01001   -0.01399   -0.005113   -0.00746   -0.00078   0.000133   -0.001379   0.000944   0.002605   -0.003019   0.013935   0.000659   0.004319   -1e-06   1.1e-05   -3e-06   0.000308   0.000244   0.001207   0.000616   -1.6e-05   -1.6e-05   0.000717   1.4e-05   1.7e-05   0.00047   -8.3e-05   8.4e-05   -1.6e-05   -1.9e-05   5e-06   -2.1e-05   5.5e-05   5.5e-05   -8.3e-05   8e-06   2.7e-05   -4e-06   -6.3e-05   1e-06   1.2e-05   -4e-06   -1e-06   -1.5e-05   1e-06   2.5e-05   5.2e-05   1e-06   6.2e-05   -1.5e-05   1.5e-05   1.4e-05   -2.5e-05   3.8e-05   3.7e-05   5e-06   8e-06   -1e-06   4.3e-05   3.1e-05   1e-05   -8e-06   1.6e-05   1.9e-05   6e-06   1.1e-05   -1.6e-05   1.3e-05   -2.2e-05   -1.8e-05   4e-06   1.2e-05   -1e-06   4.7e-05   1.4e-05   -4.3e-05   -1e-06   1e-05   7e-06   0.000621   -2.6e-05   -9e-06   -1.7e-05   3e-06   1e-06   1.8e-05   0.000106   2e-06   -1e-05   -4.4e-05   -3e-06   1e-06   -3e-06   -3.7e-05   -1e-06   5.4e-05   -4e-06   1e-06   1.2e-05   -4e-06   -3e-06   5.5e-05   -4e-06   4e-06   -1e-06   -7.4e-05   1e-05   0.001854   0.006432   -0.113914   -0.007405   -0.012667   0.02412   -0.055219   0.001627   0.002054   0.000449   -0.015416   0.010419   0.002704   0.006503   0.04465   0.003795   0.001329   0.020139   -0.01946   0.012454   0.024117   -0.002027   -0.016542   -0.005882   -0.008766   0.008053   0.008259   -0.023316   -0.00442   0.005944   0.003803   -0.003363   -0.014939   0.003964   0.002973   0.011112   -0.004788   0.046876   1.0   
prop_binemu_NoRho_TwoJ_OneB_bin2 (0.9644965)   -0.00649   -0.00348   -0.000445   0.012213   -0.043709   -0.092367   -0.022405   -0.004655   0.039796   0.076756   0.004158   -0.002862   -0.002444   0.021401   0.006337   0.003342   0.004276   -0.001918   0.000651   -0.00738   -0.001044   -0.013316   0.004602   -0.005701   -0.001696   -0.007588   -0.006757   -0.006311   0.00029   0.005712   0.030859   -0.002041   0.071281   0.000326   -0.003553   -0.002778   -0.002466   -0.001605   -0.003836   0.01146   0.003688   0.0019   -0.003861   -0.005096   0.003325   -0.001027   0.015482   -0.000231   -0.014342   0.003867   -0.031453   -0.00178   0.047814   -0.027251   0.01363   -0.01101   0.001466   0.024055   0.009119   0.000752   0.002786   0.001683   -0.000989   5.5e-05   -0.003455   -0.003266   -0.006646   -0.009607   -0.00218   2e-06   -1e-05   1e-06   1.8e-05   5.4e-05   -0.001587   -0.000751   -1.9e-05   1.9e-05   -0.000735   -1.9e-05   -1e-05   -0.001026   8.8e-05   -6.5e-05   -8e-06   -8e-06   -2.4e-05   1e-06   -3.5e-05   -3e-06   0.001489   -1.6e-05   1.3e-05   -1.2e-05   3.8e-05   -1e-06   -5e-06   5e-06   -1.5e-05   0.00012   0.000127   1e-06   -3e-05   2.1e-05   -3.4e-05   -1.1e-05   0.000132   -2e-05   9e-06   0.00026   3.4e-05   2.2e-05   1e-06   9e-06   0.000151   -3e-06   5e-06   5e-06   -4e-06   -8e-06   2e-06   -3e-06   1.6e-05   6e-06   6e-06   1e-06   -0.0   2e-06   1e-06   -1.7e-05   5e-06   1.8e-05   1e-06   5e-06   6e-06   0.000456   1.1e-05   9e-06   1e-06   3e-06   -1e-06   -1.9e-05   -0.000275   1e-06   3e-06   4.6e-05   -1e-06   3e-06   1e-06   3.6e-05   5e-06   -3.4e-05   0.0   -1e-06   -1.4e-05   1e-06   1e-06   -3.9e-05   -0.0   0.0   4e-06   0.000193   -5e-06   0.000997   0.099189   0.038699   0.025316   0.017082   -0.004525   0.04282   0.000863   -0.003171   4.7e-05   0.017944   -0.023552   0.000297   0.004222   -0.004717   0.002706   -0.003782   -0.008315   -0.003928   0.001531   -0.001007   -0.008288   0.008169   0.000346   0.013775   0.000716   -0.013821   0.016006   0.003302   -0.003186   0.001011   0.007118   0.012586   -2.3e-05   -0.001597   0.001964   0.012275   -0.004111   0.022078   1.0   
prop_binemu_Rho03to045_GTwoJ_GreaterOneB_bin0 (0.9775485)   -0.022185   -0.024986   -0.000537   0.005197   -0.012292   -0.004643   -0.002206   -0.002655   0.007163   0.002671   -0.006083   -0.00124   0.001262   0.004873   0.003107   -0.001432   -0.003473   -0.00298   -0.002784   -0.004426   -0.000217   0.012373   0.012518   -0.004407   0.00108   0.015769   -0.02464   0.010631   -0.005169   0.006342   0.007263   9.6e-05   0.014144   -0.002787   0.002039   0.003674   0.007972   -0.009529   0.002757   0.001062   -0.015113   0.002131   -0.000791   -0.004111   0.004147   -0.003183   -0.001437   0.00118   0.005097   -0.000973   -0.035677   0.005172   -0.002226   -0.003529   -0.004748   -0.00605   0.001692   -0.025442   0.00135   0.000745   -0.001755   -0.000885   -0.000262   -0.000383   0.005019   0.00816   0.013428   0.033442   0.00346   -1e-06   -2e-06   -3e-06   0.001117   0.001209   0.002472   0.001388   5e-06   6e-06   0.001396   1e-06   1.2e-05   -5.6e-05   -1e-06   -5.9e-05   1e-06   1.2e-05   7e-06   -1.1e-05   2.5e-05   -2e-06   -0.003383   8e-06   5e-06   1e-06   0.0   2e-06   -6e-06   -1.2e-05   1e-05   -0.000153   -1.9e-05   -2e-06   -7e-06   -9e-06   -1e-06   -5.3e-05   -3.2e-05   0.0   -0.0   -9.1e-05   3.6e-05   1.5e-05   3e-06   1e-06   1.8e-05   1.8e-05   1e-06   1.4e-05   7e-06   1.7e-05   -1e-06   5e-06   1.2e-05   5e-06   1e-06   -1e-06   1e-06   -5e-06   4e-06   1.2e-05   9e-06   -1.8e-05   0.0   -5e-06   -6e-06   5e-06   -1e-06   9e-06   2e-06   -3e-06   1e-06   3e-06   0.000154   2e-06   2e-06   -2.1e-05   -2e-06   2e-06   -0.0   -6e-06   3e-06   1.1e-05   -4e-06   1e-06   -1e-06   -2e-06   -3e-06   1e-06   -3e-06   4e-06   2e-06   -0.000159   -5e-06   -0.000819   -0.012661   -0.033118   -0.004602   -0.007326   0.009871   0.058103   0.005703   -0.012741   0.002305   0.01315   -0.014311   0.000347   0.006358   0.002432   -0.000142   0.001654   0.001182   -0.004324   0.002276   -0.007259   0.010646   -0.000547   0.001412   -0.014255   -0.004658   0.012616   -0.001211   -0.002592   -0.003896   -0.01286   0.014296   -0.002858   0.002093   0.000698   0.001832   -0.002545   0.014107   -0.003518   -0.002184   1.0   
prop_binemu_Rho03to045_GTwoJ_GreaterOneB_bin1 (0.9703015)   -0.00364   -0.002415   -0.000593   0.00262   -0.007942   0.006944   0.001102   -0.001692   0.0005   -0.007617   0.004271   0.003092   0.005911   -0.005271   -0.009046   -0.003683   -0.001358   0.006261   0.00501   -0.011972   0.00222   0.002373   0.020276   0.002544   -0.00052   -0.021026   0.005008   0.00265   0.01488   0.00379   -0.001119   -0.004166   0.014606   0.011878   0.004175   0.000533   0.005825   -0.004072   0.017697   -0.004375   0.014675   0.003804   0.00378   -0.012082   -0.009159   -0.004184   -0.012008   0.007094   0.018319   -0.000269   0.013954   0.001908   -0.020836   0.004577   -0.01704   0.002716   0.005682   -0.051208   -0.000322   0.001536   0.001577   0.000681   -0.001532   -0.000828   0.000541   0.00449   -0.021971   0.010446   -0.005772   -2e-06   7e-06   -2e-06   -0.000355   -0.000408   -0.000905   -0.000608   4e-06   -6e-06   -0.00067   9e-06   2e-05   -0.000146   -0.000169   1.8e-05   1e-05   1e-05   1.6e-05   1.1e-05   1.1e-05   1.6e-05   -0.000248   2.6e-05   1.9e-05   2.7e-05   -4.7e-05   -1.8e-05   1.1e-05   1.5e-05   2.3e-05   -2.4e-05   -3.1e-05   -0.0   2.5e-05   8e-06   2e-05   -6.2e-05   -8.7e-05   8e-06   3e-06   4.7e-05   8e-05   -1e-05   6e-06   -7e-06   1e-05   -1.3e-05   1e-05   -2e-06   -2e-06   9e-06   6e-06   6e-06   -8e-06   3e-06   2e-06   -4e-06   1e-06   1e-05   -4e-06   1.4e-05   -1e-05   -1.1e-05   -0.0   7e-06   4e-06   -0.000198   1e-06   -6e-06   2e-06   2e-06   -1e-06   3e-06   -5.5e-05   0.0   -2e-06   -0.000181   -1e-06   -0.0   -2e-06   -1e-05   -1e-06   2.6e-05   -1e-06   -1e-06   3e-06   -0.0   -2e-06   1.6e-05   -1e-06   1e-06   -0.0   3.7e-05   3e-06   0.001739   0.015319   -0.021742   -0.004234   0.007827   -0.014109   -0.026678   0.006503   -0.013167   0.002541   -0.010635   0.015441   -0.000336   0.004899   0.006257   -0.003086   0.002523   -0.005112   0.000354   -0.001688   0.00487   0.014141   0.00175   -0.001869   -0.011665   0.003914   -0.011203   -0.014556   0.00193   6.1e-05   -0.000236   0.00014   -0.002875   0.001046   0.000445   0.003249   -0.002523   -7.4e-05   0.00861   0.001845   0.010157   1.0   
prop_binemu_Rho03to045_GTwoJ_GreaterOneB_bin2 (0.975443)   0.004727   0.004633   -0.000426   -0.000824   0.014967   0.006753   -0.001747   0.003284   -0.01419   -0.008897   -0.011208   -0.000277   0.007312   0.0021   0.00748   -0.004741   0.0026   -0.000965   -0.005375   0.003907   -0.002628   -0.028729   -0.020088   0.000211   -0.000964   0.002606   0.001159   -0.004226   -0.008878   0.008636   -0.003226   7e-05   -0.011612   0.008424   0.010841   0.001775   0.007302   -0.006043   -0.017516   0.002348   0.02224   0.0009   -0.004517   0.020047   0.008834   0.002592   0.020167   0.000778   -0.017021   0.001658   0.008341   -0.000796   -0.005454   -0.002977   -0.02501   0.000189   -0.00364   -0.032614   -0.002342   0.004171   0.000888   -0.00014   -0.000231   -0.000199   -0.006185   -0.005118   0.007104   -0.010522   0.006035   1e-06   -2e-06   1e-06   -0.000312   -0.000365   -0.001007   -0.000374   1e-06   -5e-06   -0.000362   7e-06   9e-06   5e-06   8e-06   -6.8e-05   1.1e-05   1e-06   5e-06   1e-06   -4e-06   2e-05   0.001076   1.7e-05   -9e-06   4.1e-05   -3e-05   -5.3e-05   1.9e-05   -3.7e-05   2e-05   -0.00013   -6.9e-05   -9e-06   1.4e-05   1e-05   3e-06   -3.8e-05   -5e-05   6e-06   -4e-06   -4.7e-05   3.7e-05   -2.7e-05   3e-06   0.0   -2.8e-05   -6e-06   7e-06   3e-06   1e-06   -1e-06   3e-06   1e-06   -1e-06   -5e-06   2e-06   2e-06   1e-06   1.3e-05   1e-06   8e-06   9e-06   3e-06   0.0   8e-06   -1e-06   -7.8e-05   -0.0   6e-06   2e-06   5e-06   3e-06   1e-05   1.4e-05   1e-06   1e-06   8e-06   0.0   -0.0   -0.0   -9e-06   -3e-06   2.4e-05   -2e-06   2e-06   6e-06   -2e-06   1e-06   1.3e-05   0.0   1e-06   -0.0   -6e-06   4e-06   0.001405   0.013507   0.012529   -3.9e-05   -0.028259   -0.012191   -0.040765   -0.000324   0.000155   -0.000518   0.012174   -0.02085   7.8e-05   -0.000212   0.003676   -0.000204   0.0012   -0.002013   -0.006695   -0.007314   -0.006827   0.015949   -0.00017   0.002156   0.009212   -0.009864   0.00026   0.002119   -0.011396   0.001922   0.003643   -0.005503   0.002462   0.000884   0.001052   -0.001576   0.004032   -0.008062   0.00255   -4.2e-05   0.001055   0.013875   1.0   
prop_binemu_Rho03to045_GTwoJ_GreaterOneB_bin3 (0.9846985)   -0.001407   -0.001104   -7.7e-05   0.004824   0.003814   -0.010067   -0.002266   0.000607   -0.000846   -0.004311   0.002849   0.002831   0.008526   -0.003082   -0.000773   0.000703   -0.000835   -0.002999   -0.001446   -0.008685   -0.002019   0.006696   -0.011003   -0.002259   -0.000302   -0.017292   0.010498   0.001943   0.003705   0.004345   0.035185   -0.002168   0.008165   0.001845   -0.005745   0.007208   0.002262   -0.008617   0.00113   0.003635   0.015241   0.00239   0.001263   -0.00908   -0.000241   -0.004349   -0.009845   0.000373   -0.00124   -8.6e-05   -0.010999   -0.004567   0.013874   -0.002112   0.023405   0.001685   0.003222   0.088835   0.003194   0.000539   0.002076   0.00191   0.000301   0.001922   0.00284   0.004697   0.010485   0.00362   -3.1e-05   -3e-06   -8e-06   -4e-06   -0.000162   -0.000184   -6e-05   0.000158   -9e-06   3e-06   0.000116   1e-06   -0.0   0.000426   -3.4e-05   7.8e-05   2e-06   1e-06   -1.1e-05   1.5e-05   3.5e-05   1.1e-05   0.000886   2e-06   3.3e-05   -1.5e-05   -1.2e-05   5.6e-05   -5e-06   2.5e-05   -1.5e-05   -0.000167   3.9e-05   2.5e-05   1.4e-05   1.3e-05   1e-06   -6.2e-05   -5.7e-05   -0.0   -2e-06   -9.8e-05   2.3e-05   1.7e-05   1e-06   -1e-06   5.3e-05   2.8e-05   -3e-06   1.9e-05   1e-06   2.2e-05   7e-06   6e-06   -0.0   1e-06   -2e-06   9e-06   1e-06   -1.1e-05   -6e-06   9e-06   1.1e-05   -1.3e-05   -0.0   -3e-06   6e-06   -0.000406   -2e-06   -9e-06   2e-05   8e-06   -2e-06   -2e-06   5e-05   1e-06   5e-06   1.7e-05   -2e-06   2e-06   1e-06   5e-06   6e-06   0.0   -1e-06   -1e-06   1e-06   -1e-06   -4e-06   -1e-06   -3e-06   2e-06   2e-06   -6.4e-05   -0.0   -0.002073   0.007   -0.008255   -0.005526   -0.00922   -0.000424   0.004636   0.003331   -0.007536   0.003677   9.5e-05   0.008511   0.00026   0.001735   0.003841   -0.00035   -0.00172   -5.1e-05   0.001822   -0.002945   0.001818   0.010282   0.007141   -0.003721   -0.010121   0.003359   -0.005468   -0.002963   0.006253   -0.000122   0.002012   -0.000245   0.000682   0.002114   0.001006   -0.001203   0.002811   0.002968   -0.004567   -0.003123   -0.001111   0.00193   0.004123   1.0   
prop_binemu_Rho03to045_GTwoJ_OneB_bin0 (0.9725565)   0.022787   0.022547   0.000641   -0.012053   -0.008594   0.041728   0.013437   -0.002464   0.012802   0.004008   -0.011749   -0.006636   -0.009041   0.00839   0.040864   0.007219   -0.000128   0.002334   0.017793   0.008639   -0.000231   -0.007311   -0.034215   0.001284   0.002472   0.024216   0.006126   0.001594   0.003052   0.008259   -0.020996   -0.003307   -0.037053   0.00029   0.013839   -0.003823   0.000405   0.003739   -0.009729   -0.008219   0.001949   -0.012732   -0.001012   -0.005707   -0.002904   0.002206   -0.026551   0.001537   0.003395   -0.000793   -0.002623   0.001716   0.026592   0.012187   -0.004494   0.005341   0.002423   -0.018715   0.003338   0.000952   -0.000547   -0.000385   0.001312   0.000444   -0.002267   0.006113   0.004219   -0.016967   0.000368   -4e-06   3.4e-05   -2e-06   4.7e-05   7.2e-05   0.000773   -7.7e-05   1.9e-05   1e-05   -0.000118   2e-06   -8e-06   -0.000328   0.00034   -9.5e-05   3e-06   -6e-06   2.4e-05   7e-06   -1.6e-05   -3e-05   -0.001074   -1.5e-05   2e-06   -1e-06   3.5e-05   1.1e-05   3e-05   1.9e-05   -8e-06   0.000414   -0.000107   4e-06   -2.5e-05   -7e-06   -1.2e-05   -5.5e-05   0.00031   -0.0   1e-05   0.000368   -0.0001   7.3e-05   -2e-06   -2e-06   6.5e-05   -1e-06   1e-06   5e-06   -3e-06   -0.0   1e-06   5e-06   -5e-06   -1e-06   1e-05   1.3e-05   -1e-06   -7e-06   -4e-06   -2.5e-05   -4e-06   1.4e-05   0.0   -2e-06   -5e-06   0.000296   -2e-06   5e-06   6e-06   6e-06   -4e-06   0.0   -0.000149   -1e-06   1e-05   0.000304   -0.0   -1e-06   -4e-06   1.4e-05   5e-06   -2.2e-05   3e-06   -3e-06   5e-06   3e-06   -3e-06   -1.7e-05   1e-06   -1e-06   0.0   0.000138   2e-06   0.000918   -0.032731   0.058773   0.003076   0.029706   0.002941   0.005836   -0.005776   0.007671   -0.002516   -0.01777   -0.024681   0.000535   -0.004383   -0.014918   0.002976   0.00179   0.011119   -0.010272   -0.006769   -0.008197   0.012559   0.025991   -0.003839   0.012856   -0.015418   -0.013514   0.002531   0.015363   0.001356   0.00288   -0.004765   0.006929   -0.00269   -0.000179   -0.005204   0.00177   -0.001793   -0.002994   0.014263   0.00113   0.005752   0.010288   0.008296   1.0   
prop_binemu_Rho045to07_GTwoJ_GreaterOneB_bin0 (0.9774195)   0.003871   0.004754   -0.000561   0.008215   0.011467   0.001561   0.000453   0.003026   -0.004753   -0.006037   0.001588   0.003202   0.016003   0.003213   0.011709   0.007874   0.00161   -0.00017   -0.003095   -0.017561   -0.000796   -0.011995   0.011723   -0.008973   -0.001442   -0.01238   0.000715   -0.001584   0.003091   -0.006428   -0.017226   -0.003117   0.008246   0.006223   -0.003808   0.014347   -0.002468   0.007881   -0.003729   0.003607   0.023   0.003572   0.000226   0.007895   0.003014   0.00848   0.013541   -0.001275   0.003437   0.000515   -0.078051   -0.00331   0.014622   0.001642   0.005291   -0.005602   0.001979   -0.003054   0.000674   0.001194   -2.2e-05   -0.000103   -0.000161   0.000682   -0.000968   -0.01199   -0.017722   -0.020887   0.004101   -1e-06   -2.3e-05   -3e-06   0.000245   0.000184   -2e-05   0.000483   -4e-06   -2e-06   0.000642   -2.4e-05   -2.1e-05   0.000427   3.2e-05   -1.9e-05   7e-06   -6e-06   -2.9e-05   -6e-06   -2.5e-05   -4.2e-05   -4.8e-05   -1.3e-05   -1.7e-05   -2.4e-05   -2.3e-05   -1.6e-05   -1.7e-05   -2e-06   -2.4e-05   0.000145   2.9e-05   -5e-06   -3.2e-05   -9e-06   -1.9e-05   -4e-06   1.1e-05   -2.4e-05   6e-06   0.000233   -7e-06   1.7e-05   -2.3e-05   -1e-06   5.5e-05   -2.2e-05   -2.1e-05   2e-06   -6e-06   -1.5e-05   -3e-06   -6e-06   3e-06   -1.8e-05   5e-06   9e-06   1e-06   -2.3e-05   -4e-06   -1.7e-05   -3e-06   -2.1e-05   0.0   -1e-05   -2e-05   -0.000437   3e-06   5e-06   1.2e-05   0.0   1e-06   -2.5e-05   -0.00022   2e-06   8e-06   3.9e-05   -1e-06   3e-06   -2e-06   9e-06   3e-06   -2.1e-05   -3e-06   1e-06   -1.8e-05   -2e-06   -2e-06   -1.5e-05   -2e-06   2e-06   3e-06   0.000198   -4e-06   0.002948   -0.000408   0.039013   0.005355   0.009121   8.2e-05   0.031457   0.002073   -0.001196   0.001717   -0.003548   -0.000643   0.00017   -0.009636   -0.015069   0.001698   -0.002449   0.000373   0.002814   -0.002192   -0.006207   0.001101   0.00236   0.004286   0.011218   -0.006468   -0.012279   0.002622   -0.00346   -0.005913   -0.000785   0.005977   0.005966   -0.002351   0.000372   0.00406   0.006986   0.009113   -0.013155   -0.009735   0.009011   -0.000177   -0.001017   -0.003626   0.004033   1.0   
prop_binemu_Rho045to07_GTwoJ_GreaterOneB_bin1 (0.9721215)   0.009585   0.011304   -0.000917   0.001466   0.001929   -0.025209   -0.005063   -1.8e-05   0.000325   -0.00232   0.013608   0.004658   0.01722   0.008145   0.010432   0.00014   0.001338   0.000691   0.003014   0.021001   -0.002658   -0.00953   0.021415   -0.000947   0.000172   0.011518   0.008829   0.000188   5.6e-05   0.000229   0.000684   -0.000839   -0.037892   0.005693   0.002423   -0.013794   0.002072   0.010181   0.006271   -0.012889   0.009726   -0.005297   -0.003123   -0.006923   0.000242   0.000559   -0.003016   0.000927   0.001084   -0.001702   -0.05301   -0.001128   0.025155   0.004473   0.004283   -0.001028   0.006323   0.004267   0.001975   -0.000255   -0.000887   -0.000186   0.001968   0.001225   0.000103   0.001998   0.011647   -0.018545   -0.006154   -3e-06   2e-06   -2e-06   -0.000545   -0.000471   0.000318   -9.7e-05   -1.7e-05   -2e-06   -0.000285   -1.9e-05   -3.1e-05   0.000452   7.1e-05   -4.5e-05   5e-06   -1e-06   -2.1e-05   1.3e-05   1.4e-05   -4.2e-05   -0.000261   -3.1e-05   -1.6e-05   -4.9e-05   -1e-05   8e-06   -3e-06   -1.7e-05   -3.4e-05   4.1e-05   2e-06   3e-06   -4.7e-05   -1.3e-05   -2.3e-05   1e-05   6e-06   -1.8e-05   1.8e-05   0.000162   -1e-06   -8e-06   -1.7e-05   -3e-06   9.2e-05   -1.6e-05   -7e-06   1.2e-05   -4e-06   -2.1e-05   -5e-06   3e-06   2e-06   -1e-06   1.5e-05   1.9e-05   -1e-06   -7e-06   -7e-06   -2.4e-05   7e-06   -8e-06   1e-06   -7e-06   -4e-06   -0.000299   -0.0   -1.5e-05   5e-06   4e-06   4e-06   -2.6e-05   -6.6e-05   -0.0   6e-06   0.000118   1e-06   0.0   -1e-06   6e-06   4e-06   -1.1e-05   -2e-06   3e-06   -3.5e-05   -2e-06   -2e-06   -1.1e-05   1e-06   -1e-06   0.0   5.1e-05   -1e-05   0.001037   0.030325   0.038325   0.004   -0.004841   -0.014666   0.008603   0.002814   -0.002373   0.002216   -0.005887   0.002556   0.001134   0.005062   -0.018305   0.001103   0.001554   0.002922   0.000155   -0.005419   0.003199   0.001989   4.3e-05   0.005405   0.015344   -0.009352   -0.009588   0.004354   -0.014548   0.001984   0.00285   -0.001171   0.006961   0.000224   0.000911   0.002564   -0.00038   0.005348   -0.00824   -0.006046   0.003378   0.0001   0.00117   -0.00146   0.002782   0.011538   1.0   
prop_binemu_Rho045to07_GTwoJ_GreaterOneB_bin2 (0.9712295)   0.017696   0.022913   -0.000428   -0.002449   -0.011379   -0.006611   0.001831   -0.003707   0.016384   -0.006494   -0.003699   0.000687   0.00677   0.002287   0.004361   0.002307   -0.000926   0.005717   -0.003219   0.023914   -0.00275   0.01695   -0.038246   0.003373   0.000966   0.011829   -0.018467   0.003116   0.001483   -0.012832   0.015002   0.001643   0.002778   -0.003783   0.003245   -0.01334   -0.008135   0.004199   -0.003965   -0.005732   -0.012611   -0.001177   0.003775   0.023818   -0.000712   -0.000241   -0.015222   0.001989   -0.00106   -0.003   -0.006214   -0.002976   0.006632   0.006962   -0.009291   0.001626   0.003086   0.011488   0.004014   0.003128   0.000503   0.000734   0.000889   0.001147   -0.0012   -0.007818   -0.025869   -0.019824   -0.002785   0.0   2.5e-05   -0.0   -0.000168   -0.000172   0.000116   1.4e-05   1.5e-05   -7e-06   -1.9e-05   -2e-06   1e-05   0.000259   2.5e-05   5.8e-05   1.1e-05   1.3e-05   1.2e-05   2.1e-05   1.1e-05   -8e-06   -1.1e-05   3.1e-05   -1e-05   -1e-05   -7.6e-05   -1.1e-05   2.1e-05   -4.4e-05   -9e-06   -0.000285   5e-06   -3e-06   -2.1e-05   -9e-06   -2e-06   -6e-06   1e-05   -3e-06   6e-06   -0.000324   3e-06   2e-06   -3e-06   1e-06   -3.2e-05   1.2e-05   1.1e-05   8e-06   -5e-06   -4e-06   -3e-06   1e-06   -1.6e-05   0.0   1.3e-05   2.6e-05   0.0   9e-06   -3e-06   -1.2e-05   -2e-06   1.2e-05   -0.0   1.1e-05   -3e-06   -0.000192   2.2e-05   9e-06   6e-06   0.0   -1e-06   -1e-06   0.000392   -0.0   2.2e-05   0.000115   -1e-06   0.0   -1e-06   1.5e-05   1e-06   -7e-06   -0.0   -0.0   -2e-05   -0.0   -0.0   -8e-06   -1e-06   -0.0   0.0   -0.000347   1e-06   0.000716   0.018234   0.006438   -0.007574   -0.004092   0.019023   -0.002712   0.001051   -0.000822   0.001293   -0.003514   -0.004965   0.00085   0.012051   8.7e-05   -6.2e-05   0.001597   0.001938   0.001287   -0.007016   -0.002871   -0.000974   -0.000626   0.008542   0.008145   -0.001891   -0.014445   0.00899   0.001869   0.003311   -0.000433   0.000916   -0.002542   0.002205   0.0039   -0.003744   0.001454   0.006688   -0.002867   0.002538   0.002228   0.002392   0.001735   -0.002723   -0.001819   0.00204   0.00489   1.0   
prop_binemu_Rho045to07_GTwoJ_GreaterOneB_bin3 (0.9698765)   -0.001247   0.000416   -4.1e-05   -0.002904   -0.004803   -0.007326   -0.00056   -0.001909   0.004484   -0.009088   0.009128   0.003048   0.006791   7.3e-05   -0.002668   0.004689   -0.000511   -0.002254   0.005028   -0.028754   0.000232   0.021807   0.004996   -0.005594   2.9e-05   0.017546   0.007309   -0.002945   0.000269   0.00163   -0.005417   0.010448   -0.026487   0.0057   -0.009302   -0.006254   0.001429   0.004342   0.003531   -0.003717   0.01378   -0.003649   0.00023   -0.005376   0.004853   -0.000831   -0.028762   -0.008496   -0.003026   -0.001848   0.005919   -0.003034   -0.006734   0.01203   0.002125   0.001735   0.004471   -0.009367   0.001954   0.000351   0.000122   0.000563   0.000305   0.000733   -0.001489   0.00136   0.029935   0.001862   -0.002973   -1e-06   -1.5e-05   -1e-06   -0.000131   -0.000129   -0.000134   -5.9e-05   4e-06   -5e-06   -9.6e-05   -1.3e-05   -1.1e-05   0.000164   8.6e-05   2.6e-05   1.8e-05   1e-06   -1.1e-05   1.7e-05   -3e-06   -2.2e-05   0.000962   -9e-06   1e-05   -1.1e-05   1.3e-05   2.2e-05   -1.7e-05   2.7e-05   -1.1e-05   4.1e-05   2.7e-05   7e-06   -1.1e-05   5e-06   7e-06   -6e-06   -1.1e-05   -1.3e-05   2e-06   2.2e-05   -2.5e-05   -2.3e-05   -2.7e-05   -2e-06   -2.3e-05   -3.6e-05   -1.6e-05   3e-06   -3e-06   -1.5e-05   -6e-06   -9e-06   -4e-06   -1.6e-05   -8e-06   9e-06   0.0   -1.5e-05   -1e-06   -1.1e-05   -2e-06   -3.1e-05   -0.0   -7e-06   -2.1e-05   -0.000167   -3e-06   0.0   -3e-06   1e-06   -2e-06   -1.6e-05   -6.3e-05   -0.0   -2e-06   0.000107   -1e-06   0.0   -0.0   -3e-06   -1e-06   6e-06   1e-06   -2e-06   -8e-06   1e-06   -1e-06   6e-06   -1e-06   -0.0   -0.0   4.9e-05   -2e-06   0.000581   0.024936   0.001568   -0.00297   -0.000991   0.011679   -0.001565   0.00512   -0.006986   0.003072   0.005751   0.019893   0.000723   0.004706   -0.00911   -0.000246   0.003761   0.004247   0.000698   -0.004833   0.016097   -0.003063   0.002881   0.007835   -0.017321   -0.00038   0.003222   -0.007639   0.007096   0.002632   -0.000292   0.000115   0.000558   -0.000286   0.000758   0.001947   -0.000573   -0.002858   0.002686   0.000385   0.002344   0.004698   0.000155   -0.001353   -0.003297   0.000422   0.004779   0.004409   1.0   
prop_binemu_Rho045to07_GTwoJ_GreaterOneB_bin4 (0.9691065)   0.01785   0.018591   0.000449   -9.5e-05   0.007944   0.01245   0.001569   -0.000231   -0.001018   -0.018051   -0.004734   0.002021   0.011766   -0.00023   0.004967   0.006306   -0.001109   0.002662   -0.004723   0.000792   -0.001312   -0.010969   -0.021297   -0.001535   -0.000411   0.011496   -0.000518   -0.003424   -0.005919   0.000645   -0.001889   0.000278   -0.020642   -0.003151   -0.003411   0.006943   0.001301   -0.001691   -0.004808   -0.002928   0.013037   0.000804   -0.004615   0.032831   -0.00017   -0.001911   0.007249   -0.001866   0.003972   0.000473   0.027633   -0.00102   0.020042   0.018726   0.007673   0.001019   0.000305   -0.000987   -0.000598   0.001795   -0.000197   0.000176   0.0015   0.000614   -0.008991   -0.005438   0.017507   -0.006389   -0.000827   1e-06   -3e-05   -0.0   3.6e-05   9.6e-05   0.000402   -1.9e-05   4e-06   2.4e-05   -3.6e-05   -4e-06   -2e-06   -0.000121   0.000134   2.4e-05   7e-06   3.4e-05   -7e-06   1e-06   -4e-06   -1.2e-05   -0.000599   1.7e-05   -2.8e-05   -5e-06   -3.2e-05   3.2e-05   -6e-06   2.1e-05   0.0   -0.000106   -1e-06   -6e-06   2e-05   3e-06   -1.6e-05   -5e-06   0.0   0.0   8e-06   -0.000161   -4.2e-05   -3.9e-05   2e-06   1e-06   6e-06   3.6e-05   -4e-05   -1e-05   -8e-06   -1.1e-05   -7e-06   -3e-06   3.8e-05   -1e-06   8e-06   6e-06   0.0   -2.3e-05   -2e-06   5e-06   -2.2e-05   3.6e-05   -0.0   -3.9e-05   1.9e-05   -9.8e-05   -1.5e-05   -2.6e-05   6.2e-05   6e-06   0.0   -1.2e-05   0.000146   0.0   2.2e-05   0.000162   -1e-06   1e-06   1e-06   2.1e-05   -1e-06   -2.1e-05   -1e-06   0.0   4e-05   -1e-06   1e-06   -1.6e-05   -1e-06   0.0   1e-06   -0.000111   -5e-06   -0.000391   0.026682   0.023828   -0.000509   0.021527   0.009638   0.011023   -0.000133   0.002579   0.000434   -0.006392   0.001262   0.000352   -0.004153   -0.000177   0.000695   0.001918   0.000577   -0.001279   -0.008859   0.005676   0.001097   -0.004415   0.008412   0.008584   -0.008041   -0.008141   0.005526   -0.000768   0.00247   -0.000421   0.001282   0.001204   0.001516   0.00373   -0.00211   -0.001952   -0.007859   -0.00137   0.00127   -0.001121   0.003588   0.005448   -0.004129   0.00018   0.000899   0.00415   0.008386   0.007967   1.0   
prop_binemu_Rho045to07_GTwoJ_GreaterOneB_bin5 (0.9733285)   -0.030323   -0.036222   0.000796   -0.002017   -0.013307   0.033343   0.009804   -0.002596   0.008319   -0.012483   0.00041   0.00176   0.001252   -0.007267   -0.010941   0.000925   -0.0022   -0.003657   -0.001489   0.003812   0.00118   -0.007081   -0.002545   0.005467   0.001179   -0.01022   0.000178   -0.000806   -0.003202   0.000868   0.012865   -0.003274   0.033154   0.00826   -0.010239   0.013241   0.001837   0.00027   -0.000128   0.011118   -0.006951   -7.8e-05   0.005291   -0.004901   0.001461   0.010459   0.003355   0.003961   0.000537   0.001604   0.015641   -0.000387   -0.02633   0.008025   -0.005686   0.003355   0.005012   -0.005875   0.002532   -0.001742   0.001263   0.001599   0.000431   0.001243   0.010307   0.004194   -0.012173   0.005113   -0.007731   1e-06   1.2e-05   -3e-06   5.8e-05   1e-06   -0.000321   -0.00011   -3e-06   -9e-06   -4.4e-05   5e-06   -3e-06   -5.2e-05   1.9e-05   7.7e-05   6e-06   -2e-05   1.1e-05   -5e-06   1.2e-05   3.7e-05   0.000275   3e-06   2.5e-05   1.2e-05   5.7e-05   1.9e-05   2.2e-05   3e-06   6e-06   -0.000171   3.9e-05   8e-06   3.3e-05   -2e-06   2.2e-05   9e-06   2.8e-05   7e-06   -1.9e-05   -0.000176   4.6e-05   3.3e-05   1.9e-05   0.0   -6.6e-05   3e-06   7e-06   -8e-06   4e-06   -1e-05   8e-06   6e-06   7e-06   1.2e-05   -9e-06   3.2e-05   3e-06   -4e-06   2e-06   3.1e-05   -1e-06   -6e-06   -1e-06   1.6e-05   5e-06   0.0002   -7e-06   -1.4e-05   3e-06   -2e-06   1e-06   6e-06   0.000293   3e-06   1.4e-05   4.5e-05   -3e-06   3e-06   1e-06   -1.9e-05   0.0   1.6e-05   -5e-06   1e-06   1e-06   -4e-06   -2e-06   2.3e-05   -5e-06   5e-06   2e-06   -0.000269   6e-06   0.000492   -0.006891   -0.057475   0.005054   0.00254   0.000388   -0.011984   0.004295   -0.005407   0.003282   -0.001687   0.022565   0.000385   -0.000402   0.001614   0.000722   0.001123   0.001915   0.004884   0.003003   0.003334   -0.004593   -0.008262   0.00488   -0.004917   0.008039   -0.001936   -0.01372   -0.005316   -0.001504   -0.004199   0.000523   -0.002077   0.002867   -0.001777   -0.000813   0.000357   0.000628   0.007497   0.00346   0.001886   0.006962   0.001689   -0.001148   -0.007819   -0.002341   -0.002536   0.003941   0.005252   0.006275   1.0   
prop_binemu_Rho045to07_GTwoJ_GreaterOneB_bin6 (0.9709265)   -0.022646   -0.0262   0.000553   -0.000469   -0.003181   0.018789   0.005563   0.000195   -0.000965   -0.011314   0.000912   0.001615   0.004954   -0.001248   -0.002236   -0.001506   0.002633   0.000498   -0.005043   0.020672   0.000185   -0.005562   0.005615   -0.00601   0.000746   0.015059   0.002611   -0.000215   0.00924   -0.001301   -0.009404   -0.005951   -0.005704   0.004501   0.011809   0.001092   0.002292   -0.00205   -0.003422   0.000551   0.001811   -0.000402   -0.000618   0.001178   -0.000491   -0.006258   0.013159   -0.000237   -0.01031   0.002553   0.011618   -0.000108   -0.035245   -0.003921   0.007505   0.002533   0.0058   0.004727   0.000673   -0.001993   -0.001014   -0.00054   -0.00032   -0.000497   -0.004532   0.003471   -0.003336   0.010057   0.005026   0.0   1.1e-05   -2e-06   0.000173   0.000155   -0.000382   -8.3e-05   0.0   -0.0   -1.8e-05   5e-06   -3e-06   -0.00031   0.000104   -4.6e-05   -1.4e-05   -5e-06   6e-06   -1e-05   1.6e-05   -5e-06   0.0005   1.9e-05   -9e-06   6e-06   4.4e-05   2e-05   5e-06   1.2e-05   2e-06   -9.3e-05   7e-06   5e-06   6e-06   -5e-06   9e-06   1.2e-05   2e-05   1e-06   -9e-06   -4.6e-05   3e-06   1.4e-05   -7e-06   -1e-06   -9e-06   2e-05   1e-05   1.3e-05   6e-06   3.2e-05   8e-06   8e-06   -4e-06   1.2e-05   1.8e-05   7e-06   2e-06   7e-06   6e-06   8e-06   2e-05   -3.7e-05   -1e-06   1e-05   -1.6e-05   0.000383   6e-06   3.5e-05   -3.3e-05   -1e-06   3e-06   2e-06   0.000129   2e-06   1.6e-05   8.1e-05   -2e-06   2e-06   -2e-06   -5e-06   0.0   9e-06   -5e-06   2e-06   -1e-05   -4e-06   -2e-06   1.2e-05   -4e-06   3e-06   1e-06   -0.000122   3e-06   -0.000606   0.009289   -0.032415   -0.003496   -0.00635   0.007732   -0.009036   0.00337   -0.003883   0.000962   0.002113   0.013103   0.000345   0.001096   0.001506   0.00015   -0.001206   0.002285   -0.001107   -0.001954   0.007703   0.000418   -0.009241   0.005757   0.007324   -0.003592   -0.005629   -0.00631   -0.010496   0.001604   -0.001642   -0.003146   -0.001709   0.000356   -0.000919   0.002051   0.001376   -0.00231   0.006729   -0.00054   -0.001365   0.002983   0.004095   -0.000557   -0.004673   -0.002214   0.001133   0.003948   0.005586   0.007664   0.009803   1.0   
prop_binemu_Rho045to07_GTwoJ_GreaterOneB_bin7 (0.9803145)   -0.008258   -0.009167   8.7e-05   0.002652   0.000566   -0.019245   -0.006083   0.000249   0.001893   -0.001017   -0.006392   -0.001216   -0.003108   -0.005875   0.005932   -0.012639   0.004027   0.001943   -0.001566   0.003485   0.002371   -0.0035   0.035502   0.005307   -0.001434   0.010898   -0.012863   -0.005291   -0.009281   0.002234   -0.003594   0.002587   0.00013   0.005503   0.008629   -0.013799   0.001776   0.000926   -0.001677   0.00307   -0.001713   0.000543   -0.000973   -0.006697   0.001553   0.004825   0.0036   0.002413   -0.002402   0.002007   0.017325   0.006998   -0.02943   -0.031826   0.002344   0.001464   0.0026   0.022129   0.003417   -0.001597   -0.001108   -0.001242   -0.001932   -0.002206   -0.002451   -0.007409   -0.00662   0.002319   -0.001715   -0.0   -4e-06   -4e-06   0.000185   0.000188   -0.000608   -0.000257   4e-06   0.0   -0.000215   -1.1e-05   -4e-06   -0.000648   -6e-06   -0.00012   -5e-06   9e-06   6e-06   -5e-06   1e-06   -5e-06   -4.7e-05   1e-05   -2.3e-05   0.0   -3e-06   -4e-05   3.1e-05   -1.8e-05   1e-06   0.00016   -6e-06   -2.5e-05   -1.8e-05   -4e-06   6e-06   2e-06   4.4e-05   -1.2e-05   -1e-06   0.000233   2.6e-05   -7e-06   -1.6e-05   -1e-06   5.5e-05   -1.8e-05   -5e-06   0.0   1e-06   -1.2e-05   -3e-06   -1e-06   1e-06   -9e-06   5e-06   -3e-06   3e-06   -3e-06   -1e-06   1.4e-05   -1e-06   -2.9e-05   -0.0   -0.0   -2.5e-05   0.000331   -1.5e-05   1.3e-05   -1.7e-05   -3e-06   2e-06   -9e-06   -0.000125   3e-06   9e-06   -9.7e-05   -3e-06   3e-06   -4e-06   -8e-06   2e-06   1.1e-05   -5e-06   1e-06   -1.6e-05   -4e-06   -3e-06   4e-06   -4e-06   5e-06   3e-06   0.000117   -4e-06   -0.001531   -0.057521   -0.016369   0.007901   0.009247   0.006361   -0.006196   0.007749   -0.014318   0.001475   0.001143   -0.015655   -9.3e-05   0.002312   0.018181   -0.000682   -0.005908   0.002544   -0.013325   -0.000758   -0.000196   -0.001247   -0.010263   0.015553   0.002376   -0.00161   0.002662   -0.004016   -0.006052   0.002404   0.000986   -0.000215   -0.002446   -0.000518   0.000843   0.006454   0.001023   -0.003071   0.000161   -0.012211   -0.00401   -0.005429   -0.001575   0.010887   -0.000766   -0.00103   0.001022   0.001632   0.00358   0.003384   0.006196   0.009794   1.0   
prop_binemu_Rho045to07_GTwoJ_OneB_bin0 (0.9682155)   0.02986   0.035786   -0.002056   0.006644   0.015776   0.016506   0.000672   0.005639   -0.033465   0.047369   0.023689   -9.4e-05   -0.004325   0.010412   0.025991   0.004076   -0.000676   -0.015074   0.001675   -0.047729   0.002475   0.020585   -0.054301   -0.000111   2.7e-05   0.001326   0.009209   0.001946   0.002898   -0.011922   -0.00496   -0.003388   -0.022578   0.002494   -0.01903   0.006646   0.004382   -9.9e-05   0.023534   0.005369   -0.036576   0.009455   0.006465   0.044751   -0.010122   0.003173   0.031782   0.001204   0.006143   -0.002438   0.018957   -0.00191   0.055325   0.002204   -0.001671   -0.001476   0.010666   -0.010189   -0.011112   0.000111   -0.001741   -0.001104   0.000615   -0.000605   0.006401   0.008945   -0.006581   0.0283   0.00218   -4e-06   -2.3e-05   -1e-06   -6.9e-05   -2.7e-05   0.000404   0.00019   -1e-06   -1.1e-05   7.4e-05   -1e-05   -1.9e-05   0.00024   -0.000317   -5.6e-05   1e-05   1.3e-05   1e-06   1.4e-05   -1e-05   -3e-05   -0.000361   -1.1e-05   -1.3e-05   -1.2e-05   -4.4e-05   -2.3e-05   3e-06   -3.1e-05   -5e-06   0.000236   8e-06   -8e-06   -3.1e-05   2e-06   -3.9e-05   6.5e-05   -0.000286   -1.1e-05   8e-06   0.000252   1.2e-05   8e-06   -1e-06   -1.8e-05   -1.6e-05   -2.1e-05   2e-06   5e-06   -5e-06   -1e-06   2e-06   -4e-06   -4e-06   3e-06   1e-05   8e-06   -2e-06   -1.4e-05   -8e-06   -3.2e-05   -3e-06   2.3e-05   -0.0   -9e-06   -1e-06   -0.000282   2.4e-05   7e-06   2e-05   -1e-06   4e-06   -1.5e-05   -0.000551   -2e-06   3e-06   -0.000302   2e-06   0.0   -3e-06   3.6e-05   -0.0   -1.9e-05   -1e-06   3e-06   -2.1e-05   -1e-06   -2e-06   -2.8e-05   2e-06   -3e-06   1e-06   0.000501   -6e-06   -0.001309   -0.042446   0.054752   -0.01869   -0.027768   -0.023949   0.027246   0.001618   0.00055   0.001948   0.011291   0.042134   -0.002502   -0.005492   -0.016769   -0.004615   0.00108   -0.022482   0.020038   -0.011592   0.001937   -0.001743   0.020866   0.00626   0.005904   -0.013838   0.013938   -0.002841   -0.013168   -0.012627   0.00435   -0.002307   0.001319   -6.4e-05   0.000914   -0.009332   -0.000184   0.01101   0.00586   0.023646   -0.000387   -0.010261   -0.00661   -0.002785   0.026062   0.006154   0.003084   0.002721   0.003616   0.005286   0.002504   0.002843   0.01049   1.0   
prop_binemu_Rho07to1_GTwoJ_GreaterOneB_bin0 (0.974301)   0.02405   0.033887   -0.001647   -0.000487   -0.019931   -0.002671   0.00074   -0.000746   0.010958   0.001771   0.007912   0.004402   0.018601   0.005379   0.013317   0.003417   0.004738   -0.009396   0.002892   -0.00446   0.004045   -0.009103   -0.021068   -0.005477   0.000854   -0.020667   -0.007149   -0.007211   -0.002072   -0.00224   0.006105   -0.003699   0.008287   -0.004071   -0.009694   0.008117   0.002186   -0.002759   -0.003729   0.009805   -0.013411   0.002883   0.001599   -0.015002   -0.002794   -0.002702   0.007722   -0.000295   -0.011716   0.001187   -0.035335   -0.00117   0.008522   -0.00796   -0.006972   0.006478   0.00796   -0.006862   -0.000903   -0.003053   0.00147   0.001705   -0.000298   -3e-05   -0.002994   0.001979   0.008054   0.011545   -0.002838   -2e-06   -8e-06   -1e-06   -3.2e-05   -2.8e-05   -0.002988   -0.002661   -1e-06   5e-06   -0.002584   -1.1e-05   3e-06   -0.003107   -0.000135   0.000103   -1e-05   -1e-06   -1e-06   -2e-06   -4e-06   -1.5e-05   0.003332   -3e-06   -1e-05   -3e-06   7e-06   -1e-06   2e-06   1.7e-05   -1.1e-05   4.1e-05   2.4e-05   -4e-06   -1.1e-05   -0.0   -2e-06   2.6e-05   5.2e-05   -1.1e-05   -3e-06   8.2e-05   8e-06   7e-06   -3e-06   -3e-06   4.6e-05   -6e-06   -5e-06   -4e-06   -1e-06   -4e-06   5e-06   1e-06   -2e-06   -4e-06   -1e-06   -6e-06   -0.0   -6e-06   -1e-06   2e-06   -1e-06   -1.3e-05   -1e-06   -1e-06   -8e-06   0.002629   3e-06   5e-06   -3e-06   2e-06   -1e-06   -1.1e-05   -5.1e-05   0.0   -6e-06   -0.000177   -0.0   1e-06   -2e-06   5e-06   3e-06   -3e-06   0.0   -1e-06   -1.2e-05   0.0   -2e-06   -2e-06   -1e-06   0.0   1e-06   1.6e-05   1e-06   0.001135   0.016561   0.016954   0.00066   -0.006727   0.012674   -0.058987   -0.003911   0.006919   -0.002487   0.015383   0.013822   0.001433   0.004188   -0.005054   0.001634   0.000329   0.004718   0.009859   -0.005421   -0.002303   -0.002024   0.002532   0.00011   -0.007468   0.021326   -0.003316   -0.005434   0.002621   0.001247   0.003831   -0.011213   0.001592   0.003007   0.004503   0.0005   0.00439   0.012502   -0.003946   -0.009421   0.000379   0.000159   0.000998   0.0038   -0.00047   0.00648   0.005984   0.002635   0.001113   -0.001206   -0.002386   -0.003339   -0.003987   0.00227   1.0   
prop_binemu_Rho07to1_GTwoJ_GreaterOneB_bin1 (0.98737)   0.02306   0.022298   0.000729   -0.001673   0.014851   -0.008288   -0.006358   0.00379   -0.019579   0.001172   -0.012332   0.005355   0.031493   -0.001315   0.016761   0.0135   -0.001655   0.002196   0.001129   0.00343   -0.001384   0.011962   0.002138   0.00381   -0.001231   0.004885   -0.000992   0.013189   0.005001   0.001113   -0.027685   -0.002262   0.015998   0.003076   0.005737   -0.000176   -0.001773   -0.001962   -0.005146   -0.007154   -0.003592   -0.000737   0.000149   0.008878   -0.000111   -0.002708   -0.010442   -0.001592   0.008148   -0.001559   0.005589   -0.000321   0.045197   -0.000632   0.010378   -0.001216   -0.0049   -0.006309   0.000314   -0.00017   -0.002209   -0.001633   0.002348   0.000473   0.005715   0.000205   -0.005285   0.003244   0.00587   -1e-06   -7e-06   -3e-06   1.7e-05   4.5e-05   0.001921   0.001345   2e-06   4e-06   0.001266   -6e-06   -1e-06   0.001449   -0.000282   0.000197   4e-06   1e-06   -5e-06   5e-06   -2.8e-05   -2.5e-05   -0.001664   -5e-06   1e-06   -1.7e-05   1.2e-05   -1.2e-05   -1.5e-05   -9e-06   -1.1e-05   0.000151   -4.9e-05   0.0   -3.5e-05   -1e-06   -2.7e-05   1.2e-05   -8e-06   -8e-06   1.4e-05   0.000134   -1e-05   3.1e-05   -6e-06   -2e-06   1.1e-05   -8e-06   -4e-06   1e-06   -5e-06   -9e-06   -4e-06   5e-06   1.1e-05   -3e-06   7e-06   1.3e-05   1e-06   -8e-06   -2e-06   -2.5e-05   -1e-06   1.7e-05   0.0   1e-06   -7e-06   -0.000212   1.9e-05   5e-06   5e-06   -1e-06   -2e-06   -9e-06   -0.000158   2e-06   1.2e-05   -0.000289   -1e-06   3e-06   3e-06   2.7e-05   6e-06   -3e-05   -1e-06   -1e-06   -6e-06   0.0   -2e-06   -2.6e-05   -2e-06   2e-06   4e-06   0.000177   -6e-06   -0.001629   -0.011975   0.073   0.000259   0.00705   -0.006753   0.046619   -0.009004   0.016488   -0.004097   -0.004398   -0.022887   0.000388   -0.010237   -0.017598   0.002584   -0.001142   -0.004556   -0.005159   -0.008561   -0.011929   0.000747   0.00105   0.002226   -0.002075   0.031418   -0.003488   0.008108   0.007142   0.000764   0.003971   0.005396   0.00865   -0.003023   0.000833   -0.000545   0.000501   -0.022501   -0.005794   0.006614   -0.000479   0.000555   0.000963   0.000363   0.002923   -0.00044   -0.000856   0.000766   0.00198   0.005034   -0.000424   0.000391   0.00047   -0.002417   0.010242   1.0   
prop_binemu_Rho07to1_GTwoJ_OneB_bin0 (0.921339)   -0.066687   -0.071493   -0.000745   0.013843   0.009532   0.056583   0.024838   -0.008111   0.023258   -0.018536   -0.01154   -0.008167   -0.014376   0.022044   0.014121   -0.020395   6.8e-05   0.002985   -0.007616   0.024282   -0.000642   -0.045068   -0.021881   0.000452   -0.001821   -0.024307   -0.011491   -0.022837   -0.002756   -0.001766   0.024765   0.009732   -0.027181   -0.020802   0.000699   -0.01682   0.000702   0.008746   0.001232   0.007729   0.035625   0.004745   -0.007336   -0.07045   0.00735   -0.010583   0.006577   0.001675   -0.006552   0.005597   0.053797   0.001896   -0.055564   0.001203   -0.01507   -0.007068   -0.000913   0.003792   0.001574   0.005624   -0.000775   -0.001054   -0.001434   -0.002644   -0.008135   -0.016834   0.042333   -0.020669   -0.004905   -4e-06   6e-06   -4e-06   0.000114   4e-06   -0.001645   -0.000446   -4e-06   -2.6e-05   -0.000221   2.5e-05   3.5e-05   -0.000204   -5.7e-05   0.000278   -1.9e-05   -1.1e-05   2.7e-05   -3.6e-05   7.6e-05   7.3e-05   -0.002141   3.5e-05   8e-06   2.2e-05   -5.4e-05   -2.7e-05   3.7e-05   -1e-05   7e-06   -0.000481   0.000138   2e-05   7.6e-05   4e-06   6.8e-05   6.2e-05   -0.00014   2.3e-05   -3.9e-05   -0.000395   3e-05   -3e-05   1.1e-05   -2e-06   -3.3e-05   1.8e-05   1.4e-05   -2.5e-05   9e-06   2.6e-05   1.9e-05   7e-06   -3.1e-05   5e-06   -3.1e-05   -2.5e-05   3e-06   1.6e-05   -3e-06   8e-05   1.2e-05   -5.3e-05   -0.0   5e-06   -6e-06   -0.003283   -2.5e-05   -1e-05   -2.8e-05   -7e-06   9e-06   2.9e-05   0.000548   2e-06   -1.2e-05   -3e-06   -2e-06   -1e-06   2e-06   -6.6e-05   3e-06   7.4e-05   -9e-06   6e-06   2.8e-05   -8e-06   -5e-06   8.4e-05   -2e-06   4e-06   -2e-06   -0.000559   9e-06   0.002664   -0.02836   -0.156537   -0.000782   -0.042069   -0.020773   0.012215   -0.001246   0.000292   -0.001678   0.009702   -0.015949   -0.003553   0.010806   0.024046   -0.014937   -0.002448   0.004563   -0.017064   0.010049   -0.002381   -0.005267   -0.015397   -0.007036   0.013953   0.036211   0.05702   -0.026333   -0.029191   -0.013196   -0.015622   0.007286   -0.018067   0.007233   -0.002557   -0.003442   -0.005996   0.045793   0.039255   -0.003035   0.003274   -0.004867   0.000872   0.00201   0.0021   -0.003574   -0.00263   -0.005928   -0.004511   -0.005986   0.003905   0.001307   -0.002736   0.014018   0.01466   0.020013   1.0   
prop_binemu_Rho0to03_GTwoJ_GreaterOneB_bin0 (0.974279)   -0.049376   -0.0572   -0.000453   0.00357   -0.033748   0.01517   0.006905   -0.005769   0.015782   -0.004148   0.006217   0.014063   0.063278   0.013988   0.017134   0.007583   -0.002184   -0.003135   0.006515   0.005007   0.005438   0.015771   -0.067803   -0.003725   0.001309   -0.005402   0.00392   -0.006503   -0.010286   -0.003437   0.008508   0.0124   -0.018217   -0.011175   0.005221   -0.003917   -0.005934   -0.00089   -0.013376   -0.00449   -0.003784   9.5e-05   -0.001615   -0.001722   -0.00505   0.007281   0.010177   -0.003663   -0.00559   0.000916   0.028107   0.001278   -0.04922   0.001489   0.002677   -0.008171   -0.007367   0.00634   -0.001691   0.010394   0.003702   0.002126   -0.001017   0.001202   -5.3e-05   0.00665   -0.010086   -0.008353   0.005395   3e-06   1.1e-05   2.4e-05   4e-06   -6.5e-05   -0.000513   -0.000191   -3.8e-05   -1e-05   -9.9e-05   1e-05   -7e-06   -0.00012   3.1e-05   -0.000113   -2.1e-05   -6.7e-05   -3.9e-05   -3.1e-05   3.4e-05   6e-05   0.000907   -1.7e-05   -6e-06   1.8e-05   2.9e-05   -2.7e-05   1.3e-05   -1.4e-05   1.2e-05   0.000579   6.2e-05   1.4e-05   7.5e-05   0.0   5.2e-05   -2.3e-05   6.3e-05   1.4e-05   -4e-05   0.000495   -5.7e-05   3.6e-05   -9e-06   1.1e-05   8.3e-05   -2.4e-05   8e-06   -2.1e-05   6e-06   3e-06   7e-06   -2.8e-05   -6e-05   -1.7e-05   -2.8e-05   -5.9e-05   -1.4e-05   3e-05   5e-06   3e-05   -2.3e-05   -2.4e-05   -0.0   1.1e-05   2.1e-05   0.000403   -4.2e-05   -2.7e-05   -3.7e-05   -1.2e-05   -1e-06   1.6e-05   -0.000602   -1.7e-05   -4.8e-05   5e-06   1.6e-05   -2.6e-05   1e-06   -6.3e-05   -2.8e-05   5.2e-05   2.5e-05   -1e-06   1e-05   1.7e-05   1.8e-05   6.8e-05   2.8e-05   -2.7e-05   -2.4e-05   0.000565   4e-06   0.001186   -0.023674   -0.11293   -0.005331   0.028306   -0.034458   0.00143   -0.017838   0.027781   -0.008655   0.002471   0.021963   0.002401   0.019487   -0.001587   5.4e-05   0.001743   -0.009909   0.002992   0.001964   0.003023   -0.004206   -0.018953   -0.009929   -0.023531   -0.010229   0.020692   0.049717   0.004056   -0.003267   -0.007578   -0.001718   -0.009593   0.009063   0.001013   -0.005685   0.005723   0.018963   0.008495   -0.005774   0.005622   0.002563   0.001038   0.005126   -0.009327   -0.002798   -0.001952   0.005219   0.000976   0.002262   0.010033   0.00571   0.000658   -0.005971   -0.00038   -0.004296   0.019018   1.0   
prop_binemu_Rho0to03_GTwoJ_OneB_bin0 (0.9536585)   0.023285   0.026421   0.001556   -0.012913   0.009525   0.029393   0.005328   -0.001774   0.017155   -0.020606   -0.00345   0.00123   0.013158   0.00516   0.02011   0.016433   0.003304   0.018728   -0.0096   -0.002303   -0.006802   -0.009317   0.258028   0.009303   0.003827   0.000136   -0.015879   0.006014   0.006707   -0.002072   0.013809   0.001353   -0.008756   -0.005993   -0.01532   0.012037   -0.002692   -0.006311   0.002183   0.002201   -0.00755   0.001612   0.000257   0.041916   0.00674   -0.003582   -0.003824   -0.003582   0.002794   -0.001872   -0.052461   0.001036   -0.015051   0.004491   -0.008822   0.00159   -0.020582   -0.007895   0.000516   0.001871   -0.003972   -0.003923   -0.004834   -0.006456   0.000647   -0.000691   0.001513   0.002376   -0.005628   7e-06   -2e-05   7e-06   -3.3e-05   2.4e-05   0.000232   0.000215   3.5e-05   2.8e-05   0.000117   -6e-06   2e-05   0.00035   1.9e-05   0.000135   9e-06   5.1e-05   -1.2e-05   4e-06   -5.3e-05   -3.3e-05   0.000129   3.6e-05   2.3e-05   -2.7e-05   -4e-06   6.6e-05   -5.2e-05   6.8e-05   1.1e-05   -0.001739   -4.5e-05   -1.7e-05   -1.8e-05   2e-06   -8e-06   3.3e-05   -0.000168   -0.0   1.5e-05   -0.002023   1.6e-05   -0.000174   -6e-06   1.9e-05   -0.000358   -1.8e-05   -1.6e-05   -0.0   -1e-06   -3.8e-05   -9e-06   -3e-06   1.5e-05   -1e-05   1.6e-05   1.6e-05   -3e-06   -1e-06   1e-05   -2.6e-05   -3.2e-05   2.4e-05   1e-06   -4e-06   1.5e-05   -0.000676   2.4e-05   -1e-05   2.5e-05   2e-06   -1.2e-05   -8e-06   0.002002   -2e-06   2e-06   0.00013   3e-06   -2e-06   1e-06   1.4e-05   -9e-06   -2.4e-05   1.2e-05   -9e-06   -6e-06   1.1e-05   8e-06   -3e-05   3e-06   -4e-06   -1e-06   -0.001848   3e-06   -0.000702   0.032142   0.085655   0.00424   -0.04158   0.004917   -0.047709   -0.006792   0.012833   -0.009104   0.0142   0.0118   -0.001794   -0.033305   0.029077   -0.001756   0.006511   -0.019618   -0.010194   -0.006937   0.01965   -0.002942   0.002799   -0.003249   -0.01462   0.012236   -0.026728   0.021096   0.040065   0.00415   0.007994   -0.001409   0.007383   -0.015703   -0.004184   0.029921   -0.01663   -0.019979   0.000945   0.008526   -0.005486   -0.000248   -0.003209   -0.005004   0.020207   0.009498   0.006751   -0.014034   0.002106   -0.005659   -0.008463   -0.001902   0.008504   0.010568   0.00311   0.005357   -0.01755   0.026128   1.0   
prop_binmumu_NoRho_OneJet_OneB_bin0 (0.927911)   -0.013473   -0.016443   -0.000776   -0.004654   0.013964   -0.016755   -0.004594   -0.000461   -0.00014   0.006915   -0.168977   -0.065528   -0.05055   0.189439   0.193315   0.040108   -0.001224   -0.00781   -0.010204   0.007152   0.004667   0.013602   0.038082   0.001951   -0.000383   -0.007579   0.004654   -0.003495   -0.003899   0.000432   0.00996   0.008874   -0.026688   0.00454   0.003633   -0.001674   -0.010047   -0.003939   0.000212   -0.000164   0.023954   0.001762   0.002355   -0.020005   0.001815   0.00866   -0.003146   -0.000593   0.00236   -0.00136   0.012358   -0.003652   -0.031477   0.00883   -0.008805   0.002755   0.057901   -0.005994   0.002182   0.00663   -0.000569   0.001283   -0.006467   -0.003841   -0.00044   -0.003807   0.004528   -0.003398   -0.002267   2e-06   -1.2e-05   0.0   -8.4e-05   -7.6e-05   -0.000707   -0.000451   -4e-06   2.2e-05   -0.000278   -1e-06   -2.7e-05   -0.000257   0.000206   -0.000208   2e-06   1.6e-05   1e-05   -1.3e-05   -3e-05   -2.9e-05   0.001399   -3e-05   -4.1e-05   2e-06   -2.4e-05   -2.6e-05   0.0   -3.4e-05   -6e-06   0.000127   7.8e-05   -1.5e-05   -1.8e-05   -2.8e-05   -2e-05   -4.8e-05   -8.7e-05   -4e-06   1e-05   6.2e-05   -4.6e-05   7e-06   5e-06   3e-06   -5.2e-05   1.2e-05   4e-06   9e-06   6e-06   -1.2e-05   -1.2e-05   1e-05   2e-06   5e-06   8e-06   1.7e-05   2e-06   2.1e-05   2e-06   -2.4e-05   2e-06   -4.1e-05   1e-06   -1.3e-05   -1e-06   0.000448   -7.5e-05   6e-06   2.9e-05   1.6e-05   3e-06   -2e-06   -1.3e-05   0.0   1.6e-05   0.000207   -1e-06   0.0   -6e-06   -3.6e-05   1.1e-05   -2.3e-05   -3e-06   2e-06   2.2e-05   -3e-06   1e-06   -3.1e-05   -0.0   3e-06   2e-06   -7.4e-05   1.9e-05   0.000432   0.004567   -0.029495   -0.00376   0.015165   0.02655   -0.010633   -0.007919   0.026466   -0.00882   -0.01884   -0.097402   0.000382   0.047534   0.061127   0.003248   -0.00048   0.006093   0.30708   -0.029998   -0.072581   -0.01808   -0.041954   -0.007315   -0.022976   -0.032587   0.012833   -0.01945   -0.010832   0.00901   -0.019159   -0.00482   -0.005   -0.001745   0.001297   0.0088   -0.000518   -0.011816   0.004814   0.001091   0.002522   0.000473   0.002315   -0.000243   0.002715   0.001209   8.4e-05   -0.001734   -0.000641   -0.000305   -0.000618   0.000843   0.004191   -0.003864   -0.002105   0.001587   0.01135   0.004185   0.001595   1.0   
prop_binmumu_NoRho_TwoJ_GreaterOneB_bin0 (0.8990015)   -0.014576   -0.015882   -0.002033   -0.002363   -0.011885   0.066079   0.020448   -0.006016   0.018441   -0.005726   0.025493   -0.02985   -0.161147   -0.054369   0.011192   0.044994   -0.000426   0.003532   -0.002565   -0.015637   0.005952   0.017726   -0.047853   -0.004104   -0.001744   0.052614   -0.048336   0.014516   -0.006147   -0.001621   0.014261   -0.00107   -0.009773   0.04893   0.023915   0.014412   0.018538   -0.008688   -0.027518   -0.019616   0.075328   0.005539   -0.000909   0.052919   0.001469   -0.007596   0.024276   0.003926   0.013911   0.001164   0.042926   0.009731   -0.045621   0.003647   0.027755   -0.001515   0.018028   0.016652   -0.004404   0.02639   -0.005112   -0.00699   -0.004213   -0.014294   0.005879   0.007689   0.0237   0.012372   0.002041   -2e-06   1e-05   2.9e-05   -5.7e-05   -7.4e-05   -0.000227   -0.0002   -6e-06   1.1e-05   -0.000174   1.2e-05   8e-06   -0.000195   -1.2e-05   2.3e-05   1.1e-05   -2.5e-05   -2.1e-05   1e-05   1.9e-05   2.5e-05   0.001581   1.2e-05   7e-06   3.1e-05   -5e-06   7e-06   3.7e-05   9e-06   1e-05   -0.000496   4e-06   1.1e-05   5.8e-05   9e-06   1e-05   -0.000225   3.3e-05   1e-05   -9e-06   -0.000286   -9e-05   -2.8e-05   7e-06   3e-06   -9e-06   -3.8e-05   1.7e-05   -2e-06   9e-06   1.8e-05   1e-05   -2.3e-05   -7e-05   -1.1e-05   -1e-06   -3.5e-05   -2e-05   3e-06   -4e-06   -8e-06   -8e-06   6.1e-05   2e-06   1.2e-05   2.1e-05   0.001878   4.4e-05   -1e-06   -3e-06   1e-06   1.6e-05   9e-06   0.000484   -2.3e-05   -2.8e-05   8e-06   2.2e-05   -3.3e-05   -4e-06   2.7e-05   -2.1e-05   1.5e-05   2.4e-05   1.2e-05   7e-06   1.4e-05   2e-05   1.4e-05   3.8e-05   -3.7e-05   -2.8e-05   -0.000557   1.2e-05   0.001145   -0.034836   -0.030204   -0.016938   -0.034044   -0.003733   0.00705   0.002478   0.011148   -0.013144   0.009802   0.01028   -0.003614   0.004339   0.042858   0.000253   0.008199   -0.016884   -0.070211   0.064706   -0.011952   -0.002656   -0.046939   -0.009305   -0.056062   0.006469   -0.048916   0.022251   -0.05378   0.001394   -0.002431   -0.000134   0.002973   0.015837   0.018576   0.012138   0.011609   0.007519   0.005054   0.006194   -0.006578   -0.015774   -0.003111   -0.006569   0.002219   -0.002745   -0.00723   -0.005075   -0.007139   -0.004258   -0.007944   -0.003518   -0.004356   0.001946   -0.010101   -0.011775   -0.00996   -0.020768   -0.010728   0.021022   1.0   
prop_binmumu_NoRho_TwoJ_OneB_bin0 (0.918121)   0.04623   0.054633   0.000157   0.003339   0.017878   0.011861   0.002758   0.003543   -0.014598   -0.018105   -0.095399   0.023681   0.053822   -0.226866   0.064935   0.030819   0.000433   -0.000403   -0.004599   0.017849   -0.001096   0.004755   -0.01285   -0.004457   0.002995   -0.020128   0.00805   -0.013318   0.001723   -0.008062   -0.015258   0.011317   0.055903   -0.02159   -0.019111   -0.003785   0.007948   0.011614   0.024477   0.005109   -0.046109   0.001835   0.00431   -0.006863   -0.00271   0.006504   0.015149   -0.000882   -0.003246   1.6e-05   -0.046262   0.000643   0.09401   0.005047   -0.004476   -0.001822   -0.000248   -0.010269   -0.006551   -0.004122   0.000634   -0.000483   -0.002847   -0.003029   -0.003618   0.007901   -0.020307   0.00237   -0.005652   8e-06   -1.3e-05   2e-06   7e-06   -2.1e-05   -0.000186   -0.000609   1.6e-05   2e-06   -0.000509   -6e-06   2.9e-05   -0.000577   0.000248   -0.000269   3e-06   1.9e-05   -4e-06   -2e-06   -4.8e-05   2.1e-05   -0.000121   4.9e-05   -9e-06   1.9e-05   9.4e-05   -2.1e-05   4.5e-05   1.2e-05   -1.2e-05   9.1e-05   9.9e-05   2e-06   9e-06   3.8e-05   -1.8e-05   2.5e-05   -0.000163   -1e-05   2.9e-05   -0.000145   -4.1e-05   -2.8e-05   1e-06   1.2e-05   -0.000215   -1.1e-05   -5e-06   4e-06   -1.2e-05   -3.3e-05   3e-06   -3e-06   4.5e-05   -4e-06   1.6e-05   3.2e-05   2e-06   1.8e-05   1.1e-05   1.2e-05   0.0   3e-05   3e-06   1.5e-05   -2e-06   -0.001276   -8e-06   1.1e-05   1.1e-05   2e-06   1e-06   -7e-06   -0.000164   4e-06   2.2e-05   0.00026   -1e-06   5e-06   1.6e-05   1.1e-05   -5e-06   -2.5e-05   -3e-06   1e-06   3.1e-05   -2e-06   3e-06   -5e-06   -1e-06   6e-06   6e-06   0.000196   1e-06   -0.000628   -0.005554   0.115665   -0.000914   -0.013325   -0.058396   0.007491   -0.003848   0.014919   -0.004807   0.008012   -0.170273   -0.000463   0.00719   -0.047026   -0.002002   -0.000544   0.005052   -0.096996   -0.027413   0.262953   -0.025693   -0.025084   2.7e-05   -0.007094   -0.041507   0.022826   -0.009706   -0.00427   -0.002823   0.00582   -0.004245   0.010317   -0.008673   -0.008327   -0.008594   0.002159   0.010734   -0.015555   0.006842   0.001953   0.000252   0.007891   0.002057   0.003756   0.005749   0.002829   0.002534   -0.004582   0.002986   -0.002792   -0.003074   0.004724   -0.008664   0.003487   0.018821   -0.019977   -0.002274   4.2e-05   0.046154   0.081515   1.0   
prop_binmumu_Rho03to045_GTwoJ_GreaterOneB_bin0 (0.904349)   -0.021781   -0.021063   0.00049   0.005678   -0.002023   -0.018488   -0.001422   0.000192   -0.00474   0.009088   0.006674   0.001066   -0.00389   0.003798   -0.033785   0.039595   0.02375   -0.010271   -0.000118   -0.00024   0.003572   -0.0007   0.0399   5.4e-05   0.003386   0.007228   0.010762   -0.01593   0.001514   -0.019376   -0.024002   0.005876   0.060719   -0.040092   -0.052519   -0.027385   -0.016829   0.02265   -0.002707   0.01691   -0.058593   0.000897   0.002399   0.052862   -0.008741   0.003409   -0.048525   -0.015849   -0.030508   -0.001096   -0.012137   -0.005884   -0.043011   -0.00613   0.009065   -0.001661   -0.042599   -0.010952   -1.8e-05   -0.010782   -0.017898   -0.014776   0.003425   -0.006598   0.003827   -0.025607   -0.033631   -0.052536   -0.006351   8e-06   -4e-06   6e-06   0.000274   0.000308   -0.000502   6.6e-05   -1.6e-05   -1.1e-05   8e-06   4e-06   1.7e-05   -0.000185   -0.000251   9.9e-05   -6e-06   -3e-05   -1.1e-05   -7e-06   1.7e-05   6e-05   0.00061   1.8e-05   -6e-06   2.6e-05   0.000102   -1.2e-05   2e-06   -2.1e-05   1.6e-05   -8.5e-05   -0.000172   1e-06   4.8e-05   1e-05   3.7e-05   0.000698   -0.000109   1e-05   -1.6e-05   -8.4e-05   2.9e-05   -2.2e-05   7e-06   6e-06   -0.000178   1.4e-05   -1e-06   -1.2e-05   1e-05   -8e-06   -6e-06   -7e-06   7e-06   8e-06   -2.1e-05   -2.3e-05   0.0   1.6e-05   1e-05   3.7e-05   1.1e-05   -1.8e-05   -1e-06   1.5e-05   5e-06   0.000688   -5e-06   1.2e-05   -2.7e-05   0.0   4e-06   1.2e-05   -0.000102   -1e-06   -2.5e-05   -0.00025   -1e-06   -2e-06   9e-06   -2.3e-05   -1.8e-05   3.2e-05   -2e-06   3e-06   7e-06   -3e-06   7e-06   4.1e-05   1e-06   -1e-06   -4e-06   0.000183   6e-06   0.000259   -0.026386   -0.055563   -0.002494   0.028325   0.025063   0.00906   -0.020014   0.054088   -0.0145   0.022611   0.025113   -0.000335   0.006377   0.002403   -0.001796   -0.006896   0.001831   -0.024644   0.001118   -0.04023   0.03484   0.002133   -0.006575   -0.031724   0.019856   0.003412   -0.020744   -0.013669   -0.004213   -0.00512   0.003763   -0.011076   -0.00521   -0.004532   0.001177   -0.010405   0.01512   0.00939   -0.000746   0.015682   0.025181   0.014175   0.018992   0.013229   -0.003473   -0.00784   0.004198   -0.001317   -0.00394   0.003888   -0.001649   -0.001617   -0.018026   -0.007662   -0.005195   -0.007235   0.002607   -0.003608   0.011578   0.066119   -0.006388   1.0   
prop_binmumu_Rho03to045_GTwoJ_OneB_bin0 (0.722917)   -0.034404   -0.03893   -0.001418   -0.007977   -0.034628   0.014247   0.008392   -0.005565   0.013373   0.002907   0.065738   0.027858   0.052306   0.009102   -0.176716   -0.001419   0.00991   0.001444   0.017439   0.034339   -0.012538   -0.036264   0.053193   0.007179   -0.00281   -0.019341   0.038071   -0.052104   -0.053912   -0.034512   0.052331   0.008419   0.036451   -0.011837   0.102861   0.045608   -0.016362   0.031762   0.012594   -0.072762   -0.058732   0.022149   -0.033931   -0.118161   0.023881   0.037561   -0.052697   -0.023874   0.079224   0.003477   0.025437   0.002956   -0.024308   -0.013781   0.006021   -0.008915   0.205006   -0.029615   -0.007717   0.1135   -0.006251   0.001103   0.010697   0.004362   -0.014701   -0.025971   0.063684   0.281149   -0.002378   5.3e-05   3.5e-05   4.7e-05   -0.000366   -0.000201   5.1e-05   1.7e-05   -2.3e-05   2.8e-05   0.000308   -5.6e-05   -1.8e-05   0.000608   0.00016   6.1e-05   2.4e-05   -6.7e-05   -5e-06   4.4e-05   -8.2e-05   -1.8e-05   0.001193   -2.4e-05   -4.9e-05   4.6e-05   -6e-06   0.000118   -0.000162   -4.5e-05   0.000105   0.000767   -0.000168   -9.8e-05   -5.1e-05   -3.2e-05   1.8e-05   -7.6e-05   0.000583   -2.9e-05   -1.3e-05   -0.000382   -0.00023   -0.000107   -1e-06   5.9e-05   -0.000166   -2.6e-05   -3.2e-05   -4.6e-05   1.1e-05   -0.000114   -7.3e-05   -9.4e-05   7e-05   6e-06   -2.1e-05   -5.6e-05   -1.1e-05   6.3e-05   6.8e-05   -9.1e-05   -1.3e-05   4e-05   -0.0   3.4e-05   9.1e-05   0.000452   -1e-05   -2e-05   -2.3e-05   1.4e-05   -2.9e-05   -3e-05   -0.000759   -1.4e-05   -5.2e-05   0.000112   1.2e-05   -1.8e-05   3.6e-05   -3.7e-05   -5.4e-05   -1e-06   3.8e-05   -2.1e-05   -3e-05   3.2e-05   5.7e-05   -3e-05   1.8e-05   -2.1e-05   -1.6e-05   0.001239   1e-06   0.003764   -0.01735   -0.0814   0.005202   0.014352   -0.009994   -0.024409   0.025637   -0.05081   0.01809   -0.014344   0.051146   0.00175   -0.010755   0.00643   0.0038   0.008675   -0.033488   -0.053895   -0.014877   -0.029363   -0.000658   0.130999   -0.021191   0.115045   0.011081   0.079464   -0.022276   0.093406   0.002418   -0.002334   0.004885   -0.002136   0.00856   0.0039   0.010295   -0.004353   -0.008121   0.005982   -0.001948   0.018237   0.017076   -0.007527   0.014708   0.003969   -0.013732   -0.009744   -0.021592   -0.001341   -0.015136   0.002105   -0.005048   -0.004602   -0.003392   0.003033   -0.012056   0.012526   -0.028758   -0.004962   0.026061   -0.03932   0.030242   0.012128   1.0   
prop_binmumu_Rho045to07_GTwoJ_GreaterOneB_bin0 (0.904622)   0.012724   0.009077   0.001586   -0.007996   0.001466   -0.017121   -0.006863   0.000727   0.007275   -0.011003   0.059025   0.013336   0.015318   -0.003157   -0.028309   0.069157   -0.005682   0.015744   0.009102   0.000477   -0.0025   -0.018884   0.022834   0.008172   -0.006633   -0.077207   0.027309   0.015138   -0.011926   0.020819   -0.005591   -0.010778   0.040256   -0.045231   0.017587   0.027282   -0.003685   -0.015032   -0.009934   -0.002692   -0.033001   -0.009444   -0.001671   -0.114553   0.000125   -0.016168   -0.00196   0.00782   0.002473   0.001348   -0.038179   0.013182   0.06929   0.005625   -0.014356   -0.005704   -0.03173   -0.004821   -0.001697   0.005495   -0.001612   -0.008924   -0.007114   -0.014265   -0.004106   0.014177   0.060142   -0.001395   0.022527   -5e-06   3e-06   1.5e-05   -0.000128   -0.000166   0.000977   0.000584   -9e-06   -8e-06   0.000565   -1.1e-05   -1.9e-05   0.00087   5.6e-05   8.5e-05   0.0   -2.6e-05   -1.9e-05   -8e-06   1.5e-05   -2.6e-05   -0.001564   -2.9e-05   -2e-05   -3.3e-05   -4.1e-05   -1.7e-05   -3e-06   -1e-06   -2e-05   -0.000161   7e-05   -3e-06   -1.2e-05   -2.5e-05   -0.0   -0.000177   3.7e-05   -1e-05   -9e-06   -8e-05   -4e-06   -1.1e-05   -1e-05   -6e-06   0.000105   -3.4e-05   -6e-06   -1e-06   -7e-06   4e-06   -2e-06   -2e-05   -6.1e-05   -1.9e-05   -9e-06   -4.3e-05   -1.4e-05   -6e-06   -9e-06   -2.2e-05   -3.1e-05   -1e-05   -0.0   -8e-06   -3e-06   -0.000817   3.8e-05   3e-06   -1.4e-05   -9e-06   5e-06   -1.4e-05   0.000259   -1.4e-05   -3.6e-05   5.2e-05   1.4e-05   -1.9e-05   9e-06   -2e-06   -1e-05   7e-06   1.8e-05   3e-06   -3.3e-05   1.1e-05   9e-06   1.9e-05   2.2e-05   -2.4e-05   -1.7e-05   -0.000395   -1.3e-05   -0.000189   0.029613   0.027509   0.014408   0.003885   -0.019542   -0.002296   -0.025455   0.065013   -0.03032   -0.018849   0.094866   -0.001648   -0.042421   -0.061901   0.000967   0.001095   -0.006702   -0.004055   -0.00902   -0.033439   -0.011256   0.014998   0.024173   -0.007318   0.016888   -0.060609   -0.020351   -0.017177   -0.00318   0.010081   0.001341   0.004542   -0.005615   -0.010269   -0.006291   -0.005073   -0.012831   -0.005861   -0.000687   -0.001318   0.001423   -0.01133   -0.000323   -0.011458   0.008415   0.013441   0.002818   0.016083   0.010502   0.015391   0.009182   0.008513   0.022844   0.011802   -0.001419   -0.008493   -0.010986   -0.003345   0.003754   0.074648   0.00142   0.048251   0.071235   1.0   
prop_binmumu_Rho045to07_GTwoJ_OneB_bin0 (0.8198095)   -0.031273   -0.036587   -3.3e-05   0.009474   -0.023867   -0.024207   -0.012313   0.001809   -0.011955   0.014179   -0.013334   0.018227   0.06586   0.038609   -0.197883   0.017839   -0.001546   0.005904   -0.017989   0.014109   -0.002972   0.014421   0.014561   -0.000203   0.002658   -0.080333   -0.141473   0.033192   0.041272   0.041392   -0.003198   -0.002793   -0.208653   0.045525   -0.037061   -0.00576   -0.007155   -0.024959   -0.038102   0.043805   0.006814   0.031468   -0.000957   0.062893   -0.019429   -0.072596   -0.134039   0.028752   -0.041778   -0.002571   0.072405   -0.010408   -0.007388   -0.006248   0.015237   -0.001469   -0.078338   0.006689   0.002374   -0.03369   0.004258   0.001391   0.002073   3e-05   0.039212   0.029991   -0.112017   -0.05507   0.008098   2e-05   -0.0   1.6e-05   7.8e-05   -7.1e-05   -7.7e-05   -0.000356   -7e-06   -1.7e-05   -0.000156   5.1e-05   -8e-06   -0.000282   2.2e-05   -0.000208   -2e-06   -9e-06   -3e-05   -9e-06   4.8e-05   7.3e-05   0.002049   -1.5e-05   -1.2e-05   7.2e-05   6.1e-05   8e-06   -7.6e-05   4.4e-05   8.4e-05   0.000497   6e-06   -3.2e-05   7.3e-05   5e-05   8.4e-05   -0.000183   -1e-06   5.6e-05   -1e-05   -0.000289   -1.4e-05   -0.000119   -5e-06   2.4e-05   -0.000355   -2.5e-05   -1.9e-05   -1.7e-05   3e-06   -4.3e-05   -1.8e-05   1e-06   3.6e-05   -7e-06   -2.7e-05   -1.6e-05   1e-06   5.6e-05   3.5e-05   1.8e-05   -4e-05   3.2e-05   3e-06   -7e-06   4.1e-05   0.002169   -0.000111   -3.9e-05   -4.5e-05   -7e-06   -4.2e-05   6.7e-05   -0.000817   -2e-06   -2.4e-05   -1.4e-05   3e-06   -7e-06   2.1e-05   -0.000105   -2.9e-05   7.2e-05   3.1e-05   -3e-05   5.8e-05   2.9e-05   2e-05   7.6e-05   9e-06   -5e-06   -1e-05   0.000635   1e-06   -0.001761   0.047436   -0.034377   0.003399   -0.007881   -0.11274   0.02704   0.003243   -0.010313   -0.002485   0.021336   -0.001128   0.001582   0.020553   0.007595   -0.004305   0.001263   -0.001602   -0.043666   -0.028771   -0.000711   -0.011171   0.034609   -0.011133   0.15671   -0.024937   0.165764   -0.04006   0.141995   0.001147   -0.000381   0.006202   0.002002   0.009872   0.003218   0.004477   0.001391   -0.005598   0.00258   -0.016922   -0.004639   -0.006086   -0.005596   -0.009777   -0.003926   -0.000981   0.006217   0.009112   0.000304   -0.001348   -0.001208   0.002331   0.004504   0.018678   -0.01446   -0.01586   0.031666   -0.002797   -0.010161   0.019633   -0.03227   0.022087   0.038955   0.175296   0.028561   1.0   
prop_binmumu_Rho07to1_GTwoJ_GreaterOneB_bin0 (0.8077115)   -0.049014   -0.056736   0.000325   -0.007018   -0.043103   -0.033847   -0.006201   -0.00663   0.038045   -0.004678   0.063798   -0.012149   -0.097287   0.003076   -0.069404   0.03203   -0.019102   0.000689   -0.006227   -0.005824   -0.004707   -0.001079   0.041222   -0.004093   0.008338   0.071538   0.041218   -0.022623   -0.006181   0.000584   0.044414   0.005291   -0.143417   0.035139   0.024662   -0.037789   0.007624   -0.005824   0.016503   -0.012491   0.020765   -0.009256   -0.001295   0.182478   0.006571   0.030009   0.038038   0.002145   0.003429   0.001608   -0.068227   0.023929   -0.120919   -0.015209   -0.022246   0.003068   0.014476   0.049853   0.001843   -0.017568   0.018937   0.010489   -0.015049   -0.004698   -0.00568   0.022889   -0.090671   0.023213   -0.028851   5e-06   2e-06   1.4e-05   4.4e-05   3.8e-05   -0.000877   -0.000634   -0.0   -0.0   -0.000464   -0.0   -1.5e-05   -0.000399   -0.000359   0.000387   2.3e-05   -2.8e-05   -2.4e-05   2.4e-05   2e-05   -2e-05   -0.002233   -1.1e-05   -7e-06   3.9e-05   4e-05   -4.1e-05   1.5e-05   -2.8e-05   3.2e-05   -1.4e-05   -1e-05   -1.3e-05   8e-06   -2.1e-05   7e-06   -0.000214   0.000151   5e-06   -3e-06   5.3e-05   -3.5e-05   -2e-06   -5e-06   5e-06   2.9e-05   -2.5e-05   -7e-06   3e-06   4e-06   2.9e-05   -1e-05   -3.2e-05   -1.5e-05   -1.3e-05   -7e-06   -1.8e-05   -9e-06   -8e-06   6e-06   -2.5e-05   -1e-05   2.5e-05   0.0   3e-06   3e-06   -0.004868   3.3e-05   -1e-06   -9e-06   -4e-06   8e-06   -2e-06   -7.9e-05   -9e-06   -2.1e-05   -0.000399   9e-06   -1.3e-05   -4e-06   6e-06   -1e-05   1.6e-05   7e-06   6e-06   -2.2e-05   4e-06   1.4e-05   6e-06   1.4e-05   -1.7e-05   -1.4e-05   3.3e-05   -4e-06   -3.2e-05   0.030167   -0.046436   0.00412   0.028582   0.042258   -0.038585   0.026044   -0.041491   0.008973   -0.008154   0.096127   -0.001147   0.01129   -0.003967   -0.000193   0.001464   0.004947   -0.012311   -0.000396   0.027241   0.011683   -0.024014   -0.023842   0.009848   0.067879   0.048866   0.0178   -0.027515   0.008523   -0.005912   -0.013027   -0.004513   -0.00996   -0.011902   -0.000356   0.003891   0.02257   0.000456   -0.014794   -0.007787   -0.00688   -0.000614   -0.007666   -0.009824   0.000322   0.006126   0.007123   0.001189   0.000444   -0.003402   0.004911   -0.00247   -0.008713   0.015219   0.034077   0.043749   -0.009727   0.006449   0.000881   0.116086   -0.053688   0.052566   -0.023053   -0.001235   0.06556   1.0   
prop_binmumu_Rho07to1_GTwoJ_OneB_bin0 (0.652783)   -0.092528   -0.098762   0.001621   0.005767   -0.044368   0.060304   0.018232   -0.011955   0.033191   -0.016357   -0.070707   -0.006137   -0.01933   -0.01439   -0.161578   0.020895   -0.008705   0.00152   0.024644   -0.004837   -0.012845   0.003541   0.067893   0.005487   -0.001412   0.113075   0.108584   0.005626   0.065821   0.005704   0.098711   0.021773   0.073296   -0.023502   -0.050561   0.09727   0.007588   -0.032804   0.018287   0.030265   0.173491   -0.033388   0.028792   -0.271518   0.02794   0.072343   0.293682   -0.012095   0.033653   -0.00603   0.084322   -0.005232   -0.080551   -0.002003   -0.004706   -0.000124   0.017094   0.021985   0.005773   0.008041   0.01442   -0.002237   -0.0209   -0.012309   -0.048513   0.049346   -0.076877   -0.124789   0.013351   4.8e-05   1e-06   4.1e-05   -9.6e-05   -5.6e-05   -0.000784   0.002873   2.9e-05   1.1e-05   0.000349   -6.9e-05   2.1e-05   0.000757   -0.000139   0.000104   -7.2e-05   -8.7e-05   -6.1e-05   -6.1e-05   -8.8e-05   1.5e-05   0.000759   3.8e-05   -6.1e-05   8.4e-05   0.000161   -0.0002   -5e-05   -0.000108   6.9e-05   -0.000243   5e-06   -7.8e-05   -8e-06   -4.9e-05   4e-06   -5.2e-05   0.00011   -5e-05   -5.8e-05   -0.001009   -0.00012   -0.000151   -1.8e-05   5.6e-05   -0.000953   -5.5e-05   -3.8e-05   -7.7e-05   6e-06   -0.000111   -6.4e-05   -8.1e-05   1.5e-05   -3.6e-05   -3.9e-05   -7.4e-05   -1.1e-05   6.3e-05   5.9e-05   -1.1e-05   -2.1e-05   5.2e-05   -1e-06   4.4e-05   3.7e-05   -0.000518   -1.6e-05   -3.3e-05   -2.5e-05   -3e-06   0.0   -4.3e-05   8e-05   -9e-06   -4.6e-05   -0.000106   8e-06   -1.4e-05   3.1e-05   -3.4e-05   -4.5e-05   1e-06   1.6e-05   -0.0   -3.1e-05   1.1e-05   5e-05   -2.4e-05   1.3e-05   -1.3e-05   -1.5e-05   -0.000277   5e-06   0.001982   -0.019317   -0.223541   -0.004165   0.011133   0.205764   0.001834   0.026624   -0.038343   0.003766   0.010362   -0.046498   -0.004735   0.05634   -0.020733   -0.019423   0.007038   -0.005898   -0.073478   -0.047107   0.017439   9.2e-05   0.132544   -0.001385   0.106756   0.018402   0.116662   -0.008198   -0.003192   -0.006726   -0.012194   0.006256   -0.018846   0.009088   0.006359   0.019611   -0.008696   0.032684   0.02841   -0.012042   -0.002908   -0.002405   -0.002856   0.001932   -0.031487   0.000888   -0.009015   -0.01051   -0.005111   -0.006693   0.011629   0.008352   -0.002538   -0.038127   0.003733   -0.006022   0.079431   -0.004999   -0.038883   0.033263   -0.02795   -0.005675   -0.003094   0.22818   0.009891   0.115867   0.070636   1.0   
prop_binmumu_Rho0to03_GTwoJ_GreaterOneB_bin0 (0.8380255)   0.092969   0.108695   0.000648   0.008688   0.065576   -0.070133   -0.025213   0.015082   -0.064445   0.025853   0.023805   -0.022971   -0.124949   -0.026816   -0.021805   0.003385   0.02506   -0.013463   0.008073   -0.010697   -0.000143   -0.010275   -0.096435   -0.000835   0.001279   0.023746   0.01298   -0.001128   0.03128   0.003467   -0.02878   -0.014477   -0.048179   0.041011   0.007789   -0.004905   0.003683   0.009075   0.026718   0.013061   0.029048   0.002828   -0.003579   -0.109374   0.012153   0.002676   0.004728   -0.000973   0.009593   0.000236   0.042577   -0.021519   0.151414   -0.002241   -0.016111   0.014826   0.00119   -0.039365   0.012401   -0.01827   -0.015712   -0.004526   0.013924   0.010751   -0.006723   -0.031217   -0.031161   0.041028   -0.009673   1e-06   -1.7e-05   -0.000116   0.000241   0.000204   0.00145   0.000556   6.8e-05   -2.7e-05   0.000444   -1.8e-05   3.7e-05   7.1e-05   -7.7e-05   1.8e-05   -2.2e-05   8.3e-05   0.000163   -1.5e-05   -4.4e-05   -6.6e-05   -0.001996   2.3e-05   -0.0   -2.4e-05   5.2e-05   -1.8e-05   -2.7e-05   -7.8e-05   -1.3e-05   0.000742   -0.000107   -5e-06   -0.000175   -2e-06   -5.3e-05   2.5e-05   3.1e-05   -1.8e-05   1.9e-05   0.000843   0.000304   0.000251   -8e-06   -3.2e-05   -1.9e-05   0.000102   -9e-06   1e-06   -1.7e-05   -2.9e-05   -2e-06   0.000116   0.000243   0.000119   1.2e-05   0.000166   8e-05   -4e-06   4e-06   5.5e-05   0.000101   -0.000141   -9e-06   -1e-06   -9.8e-05   -0.000255   3.4e-05   0.000101   1.3e-05   -4e-06   -1e-05   -1.8e-05   -0.000502   8.3e-05   0.000149   -6.9e-05   -8.5e-05   0.000122   1.2e-05   3.5e-05   9.1e-05   -4.8e-05   -0.000127   -8e-06   -2.4e-05   -8.8e-05   -8.4e-05   -4.3e-05   -0.000149   0.000138   0.00011   0.000965   -1.8e-05   -0.00329   0.026272   0.159509   0.017697   -0.013597   -0.014126   0.034513   0.021942   -0.056407   0.029095   -0.010794   -0.011767   -0.003898   -0.018631   -0.066999   0.003431   -0.01249   0.017012   -0.016332   -0.020709   -0.030883   0.006422   0.03216   0.003424   0.004793   -0.009406   -0.025792   0.154951   0.035595   0.002468   0.016859   0.005555   0.008879   -0.002899   6.3e-05   -0.016896   0.000717   -0.027351   -0.016682   0.001023   -0.009581   -0.004316   0.001113   -0.005467   0.004491   -0.00197   0.004201   -4.6e-05   -0.001855   4.4e-05   -0.014542   -0.010056   -0.011523   0.007758   0.001244   0.001918   -0.016534   0.073727   0.022038   -0.002224   0.08348   0.005866   0.004854   0.035104   0.060897   0.006861   0.023984   0.017367   1.0   
prop_binmumu_Rho0to03_GTwoJ_OneB_bin0 (0.734345)   0.009496   0.014263   -5.9e-05   -0.001945   -0.009269   0.050636   0.015564   -0.005772   0.03642   -0.0255   -0.000768   0.0241   0.036592   -0.044784   -0.241296   -0.001323   0.014467   -0.007409   -0.00088   -0.035925   -0.009793   0.002521   -0.03217   -0.009775   -0.000265   0.028753   0.028284   0.016267   -0.051262   -0.039834   -0.061946   -0.019887   0.294071   0.03192   0.00123   -0.073224   0.006175   0.004814   0.022312   -0.004053   -0.021441   -0.047227   0.010706   0.220355   -0.017599   0.028017   0.127167   -0.011442   -0.009279   -0.001817   -0.067375   0.002225   -0.114417   -0.005122   0.001411   0.009472   0.124836   0.026745   0.005607   -0.059653   -0.023976   -0.002528   0.004489   0.007906   -0.006302   -0.047592   0.228787   -0.09567   -0.00274   -0.000169   2.1e-05   -9.4e-05   -8.8e-05   -3.1e-05   -0.00065   5.9e-05   -6.9e-05   1e-05   -8.8e-05   5.5e-05   0.000123   -1e-06   -0.000248   0.000367   -5.8e-05   0.000115   3.3e-05   -1.5e-05   0.000225   -6.6e-05   -0.002154   -5.5e-05   0.000408   -0.000438   -0.000761   0.00043   0.000102   0.000383   -0.000383   -0.000845   0.000433   0.000313   3e-05   6.5e-05   4e-06   8.2e-05   -6e-06   -3.1e-05   -3.3e-05   0.00133   0.000312   0.000447   5e-06   -0.000135   0.00263   0.000116   0.000103   9.2e-05   1.2e-05   0.000263   0.000202   0.0002   -0.000316   1.3e-05   -6e-06   -2.6e-05   -2e-06   -0.000266   -0.000216   0.000142   -1.3e-05   -0.000182   -0.0   -8.8e-05   -7.8e-05   0.00046   2.1e-05   -2.5e-05   -4e-06   2e-06   -3.2e-05   -3.7e-05   0.001654   -2e-06   -3.5e-05   -0.000143   4e-06   -2e-06   -0.000153   0.00022   0.000146   -3.9e-05   2.7e-05   -2.3e-05   -3.7e-05   2.5e-05   -0.00014   -5.6e-05   2e-06   -5e-06   -2e-06   -0.001774   2e-05   0.001172   -0.082389   -0.02692   -0.012319   -0.023361   0.016251   -0.033718   0.022662   -0.055253   0.022792   0.013846   0.043718   0.002953   0.011414   0.092067   -0.002289   -0.002184   0.013305   -0.001252   -0.023913   -0.065956   -0.011875   0.072152   -0.01698   0.14762   0.028881   0.042159   0.05711   0.105249   0.00981   -0.003068   -0.005711   -0.011028   0.002226   0.012197   0.004979   0.006342   0.003369   -0.009652   0.012317   -0.00582   -0.009023   0.006537   -0.012672   -0.015626   -0.003623   -0.014285   0.002022   -0.003294   0.007864   0.003967   0.000992   -0.002001   -0.016494   -0.006193   -0.001694   -0.023751   0.010902   0.036012   0.003107   -0.0089   0.036588   0.036909   0.245786   -0.021662   0.094348   0.026564   0.21702   0.012836   1.0   
rateTT0Jet (0.027)   0.02059   -0.016187   -0.003471   0.141241   0.157588   0.071334   0.001776   0.029743   -0.083688   -0.076343   0.068813   -0.01608   -0.165808   -0.105547   -0.077255   -0.461245   -0.031146   -0.015945   0.013581   -0.035292   -0.001006   -0.016974   0.000573   -0.003144   -0.010339   0.088194   0.024561   0.037859   0.036355   -0.005547   -0.081545   -0.005727   0.257079   0.003569   -0.041076   0.024352   -0.015715   0.027089   -0.019189   -0.034107   -0.003358   0.006653   -0.009353   0.033563   -0.001765   -0.018493   -0.031455   -0.010347   0.040395   -0.009874   -0.311317   0.200227   0.096058   0.017203   0.000692   -0.00133   -0.029839   0.011912   0.020867   0.018468   -0.219314   -0.238572   -0.108516   -0.330644   0.006651   0.012104   -0.033181   -0.004941   -0.006108   2e-05   -9e-06   1.8e-05   -0.001166   -0.000935   -0.003142   -0.001859   2e-05   5.1e-05   -0.002189   -1.4e-05   -1.3e-05   -0.001333   -0.000594   0.000211   6.8e-05   5.9e-05   -0.00012   7.4e-05   -0.000108   -0.000168   0.002116   3.4e-05   7.4e-05   -5.8e-05   0.000228   4.5e-05   -0.00012   0.000179   6.3e-05   0.001055   -0.00015   -8.5e-05   -0.000116   -1.6e-05   -0.000145   -2.9e-05   7.6e-05   8e-06   9.6e-05   0.000429   -9e-05   -0.000144   -2.2e-05   6.5e-05   -0.000245   -0.000102   -6.4e-05   8e-05   -3.1e-05   -0.0   -2.5e-05   -6.1e-05   0.000103   -0.000111   0.000136   8.8e-05   -1.6e-05   -0.000139   2.2e-05   -0.000148   -5.5e-05   0.000188   9e-06   -5.5e-05   4.9e-05   -0.001655   5.9e-05   -0.000176   6.6e-05   -3.7e-05   -3.1e-05   -0.0   -0.001266   -3e-06   9.2e-05   -0.000765   1.5e-05   4e-06   2e-05   4.7e-05   -1.6e-05   -0.000146   3.2e-05   -2.2e-05   1.4e-05   3.6e-05   2.7e-05   -0.000152   7e-06   -8e-06   -2e-06   0.001363   -6.5e-05   -0.007262   0.056248   0.268684   0.011335   -0.034702   0.056421   0.11607   0.094721   -0.317053   -0.095909   0.03671   -0.039685   -0.422894   0.021292   -0.011523   -0.018889   0.003093   -0.003508   0.08537   -0.03564   -0.003407   -0.014569   0.042246   0.012049   0.034078   0.043337   -0.078896   0.123185   0.104568   0.029996   0.047845   0.013269   0.05193   -0.036288   -0.040264   -0.028274   0.01935   -0.062317   -0.05758   0.017402   0.012636   0.010087   0.007072   -0.00849   -0.001779   0.019912   0.000565   -0.000764   0.004464   0.006111   0.006016   0.005431   0.000903   -0.020373   -0.017197   0.033434   -0.064804   -0.057364   0.021927   -0.057398   -0.043235   0.051128   -0.015579   -0.009936   -0.013165   -0.118901   0.0005   -0.001599   0.032356   0.111934   1.0   
CMS_13TeV_2016_dil_abs_rho_0p0_0p3   (5.645788076079371)   0.025029   0.006592   -0.012047   0.103578   0.13106   -0.145191   -0.047051   0.022007   -0.084929   -0.008181   0.157995   -0.015108   -0.141931   0.005073   0.02116   -0.321741   -0.056734   0.006104   0.021475   0.005769   0.011008   -0.024937   0.036191   0.00748   -0.020608   -0.014671   -0.021898   -0.04412   -0.026128   -0.024232   -0.029859   0.009065   -0.324456   -0.040095   -0.057901   0.010547   0.001   0.006612   0.053452   -0.011308   -0.199085   -0.008987   0.008646   0.082539   -0.004374   0.008879   0.036537   -0.003273   -0.032863   -0.000219   -0.05023   0.286627   0.364486   0.008647   0.103616   0.134319   0.057933   0.14716   0.1551   0.004085   -0.162903   -0.152577   -0.043091   -0.186937   -0.020243   -0.051835   0.02091   -0.028178   -0.006708   -3.1e-05   -8.6e-05   -3.1e-05   -4.3e-05   0.000449   0.001602   0.000134   0.001343   -0.000599   -0.000206   -2.3e-05   0.000712   0.001422   -0.000442   0.001344   0.000187   0.001154   0.001154   0.000155   -5.3e-05   -0.000467   0.007246   0.001058   -0.0001   -8.4e-05   -0.000765   -1.3e-05   -0.000182   4e-05   5.3e-05   0.007168   -0.000487   -0.000143   -0.000381   -0.000141   -0.000303   0.000601   -0.00033   -3.3e-05   0.000185   -0.002267   -0.000237   0.000435   -6.5e-05   -0.000622   -0.009728   -0.000159   -8.5e-05   0.000119   -5.6e-05   6.4e-05   -5e-05   -1.9e-05   4.9e-05   -0.000112   0.000149   0.000159   -3e-06   -0.000224   -4.5e-05   -0.000304   -3.5e-05   0.000236   9e-06   -0.000163   -8.6e-05   -0.000483   0.00012   -6.8e-05   0.000168   -1.4e-05   -0.0   -4.7e-05   -0.008536   1.1e-05   0.000166   4.4e-05   1e-06   2.6e-05   -3e-06   0.00018   7.2e-05   -0.000179   -9e-06   -0.0   -4.1e-05   1e-06   -2.5e-05   -0.000304   -1.4e-05   1e-05   1.9e-05   0.008055   -7.8e-05   0.0014   0.163006   0.285966   -0.041954   0.072494   0.064185   0.379778   0.093094   -0.273103   -0.033135   -0.008493   0.008817   -0.238144   -0.029862   -0.113329   -0.002833   -0.044877   -0.037969   0.030181   -0.017953   0.072151   0.054673   0.023644   -0.029238   -0.009583   -0.046646   0.094443   0.048019   0.004881   0.027871   0.023819   0.058182   0.065604   0.00408   -0.015117   -0.024278   -0.00312   -0.061362   -0.069725   0.009739   0.018644   -0.023559   -0.014363   0.027084   0.018533   0.014541   0.023398   -0.000711   0.00072   0.004868   -0.027638   -0.01197   0.006593   0.027026   -0.018094   0.01567   -0.030503   -0.143961   -0.100163   -0.04039   -0.016423   0.005443   -0.003109   0.011259   -0.016767   0.081313   0.067389   -0.073633   -0.037802   -0.12193   0.512217   1.0   
CMS_13TeV_2016_dil_abs_rho_0p3_0p45   (21.876178665388522)   -0.006068   -0.035396   -0.008917   0.115956   0.096261   -0.104686   -0.052169   0.017596   -0.03712   -0.024141   0.173166   -0.01428   -0.140965   0.004726   0.057488   -0.405788   -0.05454   0.0041   0.015062   0.047197   0.008708   -0.017605   0.063494   0.036889   0.004951   -0.044847   -0.053586   -0.046863   -0.03018   -0.030718   -0.092082   0.011276   -0.330722   -0.057698   -0.07642   -0.033329   -0.018377   0.020293   0.099254   0.029011   -0.165716   -0.011872   0.01054   -0.084318   -0.013195   0.020945   0.069964   -0.006385   0.001213   0.006328   -0.035563   0.271046   0.246663   -0.060556   0.016175   0.012174   0.030073   0.012034   0.073691   0.00809   -0.208718   -0.211385   -0.072667   -0.262909   -0.001172   -0.010486   0.025291   -0.060296   -0.0108   -2.6e-05   -6.1e-05   1.1e-05   0.000588   0.000949   -0.000494   0.000436   -0.000137   0.000109   0.000169   -1.3e-05   -0.000331   -0.000851   0.000239   -0.000363   0.000123   -3e-05   -0.000184   8.2e-05   3e-06   -0.000452   -0.003632   -0.000346   -7.8e-05   -0.000133   -0.0001   4.2e-05   -0.000157   0.000139   2.1e-05   -0.001695   -2.9e-05   -0.000121   -0.000297   -0.000155   -0.000238   0.000139   0.000134   -1.3e-05   0.00012   -0.001233   -0.001613   -0.000269   -8.5e-05   0.0001   0.000289   -0.00023   -9.9e-05   0.000101   -6.5e-05   7.1e-05   -2.6e-05   -7.8e-05   -6.1e-05   -0.000184   0.000125   5.7e-05   -3.2e-05   -0.000218   -3.8e-05   -0.000291   -0.000124   0.00021   1.1e-05   -0.000172   -5.1e-05   0.001089   4.3e-05   -0.000165   0.00011   -6e-05   -7e-06   -3.1e-05   0.000207   -1.9e-05   8.7e-05   9.1e-05   3.1e-05   -1.9e-05   -7e-06   6.5e-05   2.6e-05   -0.000143   4.1e-05   -5e-06   -2e-05   3.7e-05   7e-06   -0.0002   3.7e-05   -3.8e-05   -2.2e-05   -0.000292   -9e-05   -0.006075   0.106883   0.211345   -0.039959   0.025441   0.080974   0.300197   0.08657   -0.290939   -0.065299   0.040445   0.014555   -0.343284   -0.029105   -0.104743   -0.004449   -0.047146   -0.001236   0.030816   -0.013102   0.086537   -0.00391   -0.005411   -0.0085   -0.005228   -0.045087   0.05612   0.118787   0.028018   0.025509   0.026685   0.043556   0.055763   -0.001043   -0.020109   -0.009673   0.012976   -0.064911   -0.057924   -0.015924   0.005879   -0.050308   -0.042936   -0.038744   -0.026904   0.026994   0.032943   -0.002773   0.007428   0.00131   -0.017569   -0.002862   0.016175   0.037403   -0.009042   0.000775   -0.008809   -0.012878   0.009077   -0.036819   -0.036167   0.007108   -0.109447   -0.047091   0.027728   0.07705   0.027193   -0.028383   0.088194   -0.103142   0.595572   0.752937   1.0   
CMS_13TeV_2016_dil_abs_rho_0p45_0p7   (22.37636941060815)   -0.039944   -0.082752   0.005058   0.09461   0.033073   -0.101414   -0.015642   0.008457   0.014202   -0.026926   0.15931   -0.023416   -0.156361   0.025438   0.084974   -0.45999   -0.017239   -0.026311   0.014108   0.054662   0.002625   0.016957   -0.004077   0.039888   -0.011324   -0.07351   -0.004657   0.001464   -0.014246   -0.043828   -0.067299   0.011005   -0.408728   -0.069626   -0.076417   -0.000792   -0.00035   -0.009374   0.040364   0.026541   -0.070269   0.003708   0.011583   -0.181649   -0.013011   0.004337   0.034553   0.006253   0.03649   0.00711   -0.059732   0.208345   0.040457   -0.025165   -0.034048   -0.018651   0.035292   -0.079392   0.001234   0.007491   -0.208557   -0.219029   -0.09309   -0.285859   -0.000142   -0.017942   0.016347   -0.033345   0.000351   -3.7e-05   -8.5e-05   2e-06   -0.000937   -0.000875   0.000239   0.002284   1.5e-05   1.4e-05   0.002126   2.8e-05   -9.1e-05   0.003769   0.001765   -0.000106   8.1e-05   0.0001   -0.000101   6.1e-05   7.4e-05   -0.000371   0.001933   -9e-05   -4e-05   -5.6e-05   -2.5e-05   -3.5e-05   -0.000124   0.000193   2e-06   -0.000537   -0.000283   -8e-05   -0.000189   -0.000138   -0.000111   0.000108   -0.000216   2.5e-05   5.4e-05   0.000278   3.5e-05   -0.000243   -5.6e-05   -4e-06   0.000612   -0.000175   -7.2e-05   8.5e-05   -3.7e-05   0.000124   3.5e-05   -5.9e-05   -9.5e-05   -0.000175   9.5e-05   2.3e-05   -2.7e-05   -0.00021   -4.2e-05   -0.00018   -0.000114   7.9e-05   1e-05   -0.000165   -4.8e-05   -0.000649   -4.2e-05   -0.000186   3.6e-05   -4.8e-05   -1.2e-05   2.6e-05   0.00022   -1.6e-05   5.8e-05   0.001614   2.7e-05   -2.2e-05   -3.4e-05   -4.9e-05   3.4e-05   -5.8e-05   3.9e-05   -8e-06   3.6e-05   3.6e-05   -6e-06   -6.5e-05   3.4e-05   -3.2e-05   -2.7e-05   -0.000421   -6e-05   -0.007267   0.114449   0.128262   -0.023922   0.030529   0.066768   0.029397   0.089639   -0.290788   -0.074552   0.061222   -0.03456   -0.370957   -0.032075   -0.081314   -0.014597   -0.038255   -0.01332   0.002737   -0.006122   0.082807   0.043454   0.028631   -0.04389   -0.034768   -0.013053   0.084236   0.05937   0.044361   0.025261   0.031876   -0.001926   0.048867   -0.011023   -0.030604   -0.000426   0.059637   -0.05076   -0.038183   -0.026691   0.00785   -0.006225   0.003539   0.003675   0.022012   0.019051   0.021604   -0.025404   -0.01042   -0.030458   -0.038453   -0.023796   -0.019772   -0.025689   0.02071   0.003761   0.028281   -0.023887   0.002424   -0.020199   -0.035368   0.00045   -0.049109   0.014343   -0.046544   0.049293   0.06921   0.022714   0.065969   -0.164633   0.564651   0.658753   0.788918   1.0   
CMS_13TeV_2016_dil_abs_rho_0p7_1p0   (8.042629420780246)   -0.151106   -0.15355   0.008153   0.04974   -0.200917   0.011701   0.016602   -0.038982   0.164981   -0.017861   0.064231   -0.053647   -0.245131   0.026968   -0.005067   -0.369095   0.026111   -0.005351   -0.024688   0.065725   0.017464   0.115866   0.007022   0.039229   -0.006279   -0.102945   0.081886   0.00752   -0.0169   -0.03961   -0.061876   0.020246   -0.333828   -0.046542   -0.035984   0.005408   -0.001386   0.005322   0.000508   0.02603   -0.021593   0.004642   0.010108   -0.138388   -0.010499   0.007068   0.090056   0.008429   0.059614   0.009923   0.07099   0.089468   -0.453238   -0.002732   -0.082032   0.023784   0.044182   0.006702   0.006559   -0.013805   -0.094321   -0.105213   -0.07651   -0.167401   0.030056   0.005186   0.067056   0.05799   0.008457   -1.3e-05   2e-05   6e-06   0.000394   0.000197   -0.009749   -0.006049   -4.2e-05   -1.7e-05   -0.005493   7.6e-05   -1.3e-05   -0.006926   0.000157   -0.000467   -1.7e-05   7e-06   -4.3e-05   -4.8e-05   0.000177   6e-06   0.012931   -1e-05   3e-06   8.9e-05   -6.4e-05   -0.000155   5.2e-05   1.8e-05   3.8e-05   -0.001412   0.000139   -4e-06   0.000145   -4.4e-05   0.000133   0.0001   6.8e-05   7.7e-05   -9.9e-05   -0.000778   -9.5e-05   -0.000328   5e-06   2.9e-05   0.000242   -1.2e-05   2e-06   1.8e-05   1.9e-05   0.000105   4.9e-05   -4.2e-05   -0.000104   -5.7e-05   -1.2e-05   -4.5e-05   -8e-06   -4.2e-05   -9e-06   8.1e-05   -5.1e-05   -8.8e-05   4e-06   -6.7e-05   2.3e-05   0.013171   -0.000196   -0.000153   -5.2e-05   -3.4e-05   4e-06   9.5e-05   0.001245   -9e-06   -3e-05   0.000223   1.1e-05   -2.2e-05   -6.7e-05   -0.000236   -1.5e-05   0.000145   1.2e-05   3e-06   0.000113   9e-06   1e-06   0.000145   1.8e-05   -1.3e-05   -2.7e-05   -0.001491   1.9e-05   0.005881   0.114011   -0.41669   -0.001446   0.024962   0.029664   -0.273058   0.103867   -0.266778   -0.025752   0.001727   -0.063303   -0.203375   0.122796   0.117645   -0.038289   -0.017152   0.029735   -0.061655   0.042209   0.058138   0.020803   -0.053004   0.019421   -0.020742   -0.090961   0.143789   -0.042677   -0.012241   0.045196   -0.023255   -0.057844   -0.04986   0.010181   -0.009344   0.024676   0.035141   0.090137   0.045904   -0.068759   0.002836   0.008817   -0.001011   -0.005299   -0.018271   -0.003613   0.014855   0.001199   0.009727   -0.015225   0.006745   0.015621   0.023173   -0.002246   -0.013701   -0.153686   -0.022179   0.032482   -0.031325   0.008053   0.007278   -0.065832   -0.026958   0.047912   -0.006842   0.094431   -0.039425   0.067438   -0.012491   -0.078326   0.109861   0.162485   0.351913   0.459368   1.0   

[end correlation matrix]

[systematics]

[end systematics]
