[pre-combine systematics correlations]
NP_btag0                            1.0000000 0.0000000 0.0000000 0.0000000 0.0000000 0.0000000 0.0000000 0.0000000 0.0000000 0.0000000 0.0000000 0.0000000 0.0000000 0.0000000 0.0000000 0.0000000 0.0000000 0.0000000 0.0000000 0.0000000 0.0000000 0.0000000 0.0000000 0.0000000 0.0000000 0.0000000 0.0000000 0.0000000 0.0000000 0.0000000 0.0000000 0.0000000 0.0000000 0.0000000 0.0000000 0.0000000 0.0000000 0.0000000 0.0000000 0.0000000 0.0000000 0.0000000 0.0000000 0.0000000 0.0000000 0.0000000 0.0000000 0.0000000 0.0000000 0.0000000 0.0000000 0.0000000 0.0000000 0.0000000 0.0000000 0.0000000 0.0000000 0.0000000 0.0000000 0.0000000 0.0000000 0.0000000 0.0000000 0.0000000 0.0000000 0.0000000 0.0000000 0.0000000 0.0000000 0.0000000 0.0000000 0.0000000 0.0000000 0.0000000 0.0000000 0.0000000 0.0000000 0.0000000 0.0000000 0.0000000 0.0000000 0.0000000 0.0000000 0.0000000 0.0000000 0.0000000 0.0000000 0.0000000 0.0000000 0.0000000 0.0000000 0.0000000 0.0000000 0.0000000 0.0000000 0.0000000 0.0000000 0.0000000 0.0000000 0.0000000 0.0000000 0.0000000 0.0000000 0.0000000 0.0000000 0.0000000 0.0000000 0.0000000 0.0000000 0.0000000 0.0000000 0.0000000 0.0000000 0.0000000 0.0000000 0.0000000 0.0000000 0.0000000 0.0000000 0.0000000
NP_btag1                           0.0000000  1.0000000 0.0000000 0.0000000 0.0000000 0.0000000 0.0000000 0.0000000 0.0000000 0.0000000 0.0000000 0.0000000 0.0000000 0.0000000 0.0000000 0.0000000 0.0000000 0.0000000 0.0000000 0.0000000 0.0000000 0.0000000 0.0000000 0.0000000 0.0000000 0.0000000 0.0000000 0.0000000 0.0000000 0.0000000 0.0000000 0.0000000 0.0000000 0.0000000 0.0000000 0.0000000 0.0000000 0.0000000 0.0000000 0.0000000 0.0000000 0.0000000 0.0000000 0.0000000 0.0000000 0.0000000 0.0000000 0.0000000 0.0000000 0.0000000 0.0000000 0.0000000 0.0000000 0.0000000 0.0000000 0.0000000 0.0000000 0.0000000 0.0000000 0.0000000 0.0000000 0.0000000 0.0000000 0.0000000 0.0000000 0.0000000 0.0000000 0.0000000 0.0000000 0.0000000 0.0000000 0.0000000 0.0000000 0.0000000 0.0000000 0.0000000 0.0000000 0.0000000 0.0000000 0.0000000 0.0000000 0.0000000 0.0000000 0.0000000 0.0000000 0.0000000 0.0000000 0.0000000 0.0000000 0.0000000 0.0000000 0.0000000 0.0000000 0.0000000 0.0000000 0.0000000 0.0000000 0.0000000 0.0000000 0.0000000 0.0000000 0.0000000 0.0000000 0.0000000 0.0000000 0.0000000 0.0000000 0.0000000 0.0000000 0.0000000 0.0000000 0.0000000 0.0000000 0.0000000 0.0000000 0.0000000 0.0000000 0.0000000 0.0000000 0.0000000
NP_btag2                           0.0000000 0.0000000  1.0000000 0.0000000 0.0000000 0.0000000 0.0000000 0.0000000 0.0000000 0.0000000 0.0000000 0.0000000 0.0000000 0.0000000 0.0000000 0.0000000 0.0000000 0.0000000 0.0000000 0.0000000 0.0000000 0.0000000 0.0000000 0.0000000 0.0000000 0.0000000 0.0000000 0.0000000 0.0000000 0.0000000 0.0000000 0.0000000 0.0000000 0.0000000 0.0000000 0.0000000 0.0000000 0.0000000 0.0000000 0.0000000 0.0000000 0.0000000 0.0000000 0.0000000 0.0000000 0.0000000 0.0000000 0.0000000 0.0000000 0.0000000 0.0000000 0.0000000 0.0000000 0.0000000 0.0000000 0.0000000 0.0000000 0.0000000 0.0000000 0.0000000 0.0000000 0.0000000 0.0000000 0.0000000 0.0000000 0.0000000 0.0000000 0.0000000 0.0000000 0.0000000 0.0000000 0.0000000 0.0000000 0.0000000 0.0000000 0.0000000 0.0000000 0.0000000 0.0000000 0.0000000 0.0000000 0.0000000 0.0000000 0.0000000 0.0000000 0.0000000 0.0000000 0.0000000 0.0000000 0.0000000 0.0000000 0.0000000 0.0000000 0.0000000 0.0000000 0.0000000 0.0000000 0.0000000 0.0000000 0.0000000 0.0000000 0.0000000 0.0000000 0.0000000 0.0000000 0.0000000 0.0000000 0.0000000 0.0000000 0.0000000 0.0000000 0.0000000 0.0000000 0.0000000 0.0000000 0.0000000 0.0000000 0.0000000 0.0000000 0.0000000
NP_btag3                           0.0000000 0.0000000 0.0000000  1.0000000 0.0000000 0.0000000 0.0000000 0.0000000 0.0000000 0.0000000 0.0000000 0.0000000 0.0000000 0.0000000 0.0000000 0.0000000 0.0000000 0.0000000 0.0000000 0.0000000 0.0000000 0.0000000 0.0000000 0.0000000 0.0000000 0.0000000 0.0000000 0.0000000 0.0000000 0.0000000 0.0000000 0.0000000 0.0000000 0.0000000 0.0000000 0.0000000 0.0000000 0.0000000 0.0000000 0.0000000 0.0000000 0.0000000 0.0000000 0.0000000 0.0000000 0.0000000 0.0000000 0.0000000 0.0000000 0.0000000 0.0000000 0.0000000 0.0000000 0.0000000 0.0000000 0.0000000 0.0000000 0.0000000 0.0000000 0.0000000 0.0000000 0.0000000 0.0000000 0.0000000 0.0000000 0.0000000 0.0000000 0.0000000 0.0000000 0.0000000 0.0000000 0.0000000 0.0000000 0.0000000 0.0000000 0.0000000 0.0000000 0.0000000 0.0000000 0.0000000 0.0000000 0.0000000 0.0000000 0.0000000 0.0000000 0.0000000 0.0000000 0.0000000 0.0000000 0.0000000 0.0000000 0.0000000 0.0000000 0.0000000 0.0000000 0.0000000 0.0000000 0.0000000 0.0000000 0.0000000 0.0000000 0.0000000 0.0000000 0.0000000 0.0000000 0.0000000 0.0000000 0.0000000 0.0000000 0.0000000 0.0000000 0.0000000 0.0000000 0.0000000 0.0000000 0.0000000 0.0000000 0.0000000 0.0000000 0.0000000
NP_btag4                           0.0000000 0.0000000 0.0000000 0.0000000  1.0000000 0.0000000 0.0000000 0.0000000 0.0000000 0.0000000 0.0000000 0.0000000 0.0000000 0.0000000 0.0000000 0.0000000 0.0000000 0.0000000 0.0000000 0.0000000 0.0000000 0.0000000 0.0000000 0.0000000 0.0000000 0.0000000 0.0000000 0.0000000 0.0000000 0.0000000 0.0000000 0.0000000 0.0000000 0.0000000 0.0000000 0.0000000 0.0000000 0.0000000 0.0000000 0.0000000 0.0000000 0.0000000 0.0000000 0.0000000 0.0000000 0.0000000 0.0000000 0.0000000 0.0000000 0.0000000 0.0000000 0.0000000 0.0000000 0.0000000 0.0000000 0.0000000 0.0000000 0.0000000 0.0000000 0.0000000 0.0000000 0.0000000 0.0000000 0.0000000 0.0000000 0.0000000 0.0000000 0.0000000 0.0000000 0.0000000 0.0000000 0.0000000 0.0000000 0.0000000 0.0000000 0.0000000 0.0000000 0.0000000 0.0000000 0.0000000 0.0000000 0.0000000 0.0000000 0.0000000 0.0000000 0.0000000 0.0000000 0.0000000 0.0000000 0.0000000 0.0000000 0.0000000 0.0000000 0.0000000 0.0000000 0.0000000 0.0000000 0.0000000 0.0000000 0.0000000 0.0000000 0.0000000 0.0000000 0.0000000 0.0000000 0.0000000 0.0000000 0.0000000 0.0000000 0.0000000 0.0000000 0.0000000 0.0000000 0.0000000 0.0000000 0.0000000 0.0000000 0.0000000 0.0000000 0.0000000
NP_btag5                           0.0000000 0.0000000 0.0000000 0.0000000 0.0000000  1.0000000 0.0000000 0.0000000 0.0000000 0.0000000 0.0000000 0.0000000 0.0000000 0.0000000 0.0000000 0.0000000 0.0000000 0.0000000 0.0000000 0.0000000 0.0000000 0.0000000 0.0000000 0.0000000 0.0000000 0.0000000 0.0000000 0.0000000 0.0000000 0.0000000 0.0000000 0.0000000 0.0000000 0.0000000 0.0000000 0.0000000 0.0000000 0.0000000 0.0000000 0.0000000 0.0000000 0.0000000 0.0000000 0.0000000 0.0000000 0.0000000 0.0000000 0.0000000 0.0000000 0.0000000 0.0000000 0.0000000 0.0000000 0.0000000 0.0000000 0.0000000 0.0000000 0.0000000 0.0000000 0.0000000 0.0000000 0.0000000 0.0000000 0.0000000 0.0000000 0.0000000 0.0000000 0.0000000 0.0000000 0.0000000 0.0000000 0.0000000 0.0000000 0.0000000 0.0000000 0.0000000 0.0000000 0.0000000 0.0000000 0.0000000 0.0000000 0.0000000 0.0000000 0.0000000 0.0000000 0.0000000 0.0000000 0.0000000 0.0000000 0.0000000 0.0000000 0.0000000 0.0000000 0.0000000 0.0000000 0.0000000 0.0000000 0.0000000 0.0000000 0.0000000 0.0000000 0.0000000 0.0000000 0.0000000 0.0000000 0.0000000 0.0000000 0.0000000 0.0000000 0.0000000 0.0000000 0.0000000 0.0000000 0.0000000 0.0000000 0.0000000 0.0000000 0.0000000 0.0000000 0.0000000
NP_btag6                           0.0000000 0.0000000 0.0000000 0.0000000 0.0000000 0.0000000  1.0000000 0.0000000 0.0000000 0.0000000 0.0000000 0.0000000 0.0000000 0.0000000 0.0000000 0.0000000 0.0000000 0.0000000 0.0000000 0.0000000 0.0000000 0.0000000 0.0000000 0.0000000 0.0000000 0.0000000 0.0000000 0.0000000 0.0000000 0.0000000 0.0000000 0.0000000 0.0000000 0.0000000 0.0000000 0.0000000 0.0000000 0.0000000 0.0000000 0.0000000 0.0000000 0.0000000 0.0000000 0.0000000 0.0000000 0.0000000 0.0000000 0.0000000 0.0000000 0.0000000 0.0000000 0.0000000 0.0000000 0.0000000 0.0000000 0.0000000 0.0000000 0.0000000 0.0000000 0.0000000 0.0000000 0.0000000 0.0000000 0.0000000 0.0000000 0.0000000 0.0000000 0.0000000 0.0000000 0.0000000 0.0000000 0.0000000 0.0000000 0.0000000 0.0000000 0.0000000 0.0000000 0.0000000 0.0000000 0.0000000 0.0000000 0.0000000 0.0000000 0.0000000 0.0000000 0.0000000 0.0000000 0.0000000 0.0000000 0.0000000 0.0000000 0.0000000 0.0000000 0.0000000 0.0000000 0.0000000 0.0000000 0.0000000 0.0000000 0.0000000 0.0000000 0.0000000 0.0000000 0.0000000 0.0000000 0.0000000 0.0000000 0.0000000 0.0000000 0.0000000 0.0000000 0.0000000 0.0000000 0.0000000 0.0000000 0.0000000 0.0000000 0.0000000 0.0000000 0.0000000
NP_btag7                           0.0000000 0.0000000 0.0000000 0.0000000 0.0000000 0.0000000 0.0000000  1.0000000 0.0000000 0.0000000 0.0000000 0.0000000 0.0000000 0.0000000 0.0000000 0.0000000 0.0000000 0.0000000 0.0000000 0.0000000 0.0000000 0.0000000 0.0000000 0.0000000 0.0000000 0.0000000 0.0000000 0.0000000 0.0000000 0.0000000 0.0000000 0.0000000 0.0000000 0.0000000 0.0000000 0.0000000 0.0000000 0.0000000 0.0000000 0.0000000 0.0000000 0.0000000 0.0000000 0.0000000 0.0000000 0.0000000 0.0000000 0.0000000 0.0000000 0.0000000 0.0000000 0.0000000 0.0000000 0.0000000 0.0000000 0.0000000 0.0000000 0.0000000 0.0000000 0.0000000 0.0000000 0.0000000 0.0000000 0.0000000 0.0000000 0.0000000 0.0000000 0.0000000 0.0000000 0.0000000 0.0000000 0.0000000 0.0000000 0.0000000 0.0000000 0.0000000 0.0000000 0.0000000 0.0000000 0.0000000 0.0000000 0.0000000 0.0000000 0.0000000 0.0000000 0.0000000 0.0000000 0.0000000 0.0000000 0.0000000 0.0000000 0.0000000 0.0000000 0.0000000 0.0000000 0.0000000 0.0000000 0.0000000 0.0000000 0.0000000 0.0000000 0.0000000 0.0000000 0.0000000 0.0000000 0.0000000 0.0000000 0.0000000 0.0000000 0.0000000 0.0000000 0.0000000 0.0000000 0.0000000 0.0000000 0.0000000 0.0000000 0.0000000 0.0000000 0.0000000
NP_btag8                           0.0000000 0.0000000 0.0000000 0.0000000 0.0000000 0.0000000 0.0000000 0.0000000  1.0000000 0.0000000 0.0000000 0.0000000 0.0000000 0.0000000 0.0000000 0.0000000 0.0000000 0.0000000 0.0000000 0.0000000 0.0000000 0.0000000 0.0000000 0.0000000 0.0000000 0.0000000 0.0000000 0.0000000 0.0000000 0.0000000 0.0000000 0.0000000 0.0000000 0.0000000 0.0000000 0.0000000 0.0000000 0.0000000 0.0000000 0.0000000 0.0000000 0.0000000 0.0000000 0.0000000 0.0000000 0.0000000 0.0000000 0.0000000 0.0000000 0.0000000 0.0000000 0.0000000 0.0000000 0.0000000 0.0000000 0.0000000 0.0000000 0.0000000 0.0000000 0.0000000 0.0000000 0.0000000 0.0000000 0.0000000 0.0000000 0.0000000 0.0000000 0.0000000 0.0000000 0.0000000 0.0000000 0.0000000 0.0000000 0.0000000 0.0000000 0.0000000 0.0000000 0.0000000 0.0000000 0.0000000 0.0000000 0.0000000 0.0000000 0.0000000 0.0000000 0.0000000 0.0000000 0.0000000 0.0000000 0.0000000 0.0000000 0.0000000 0.0000000 0.0000000 0.0000000 0.0000000 0.0000000 0.0000000 0.0000000 0.0000000 0.0000000 0.0000000 0.0000000 0.0000000 0.0000000 0.0000000 0.0000000 0.0000000 0.0000000 0.0000000 0.0000000 0.0000000 0.0000000 0.0000000 0.0000000 0.0000000 0.0000000 0.0000000 0.0000000 0.0000000
NP_btaghighpte                     0.0000000 0.0000000 0.0000000 0.0000000 0.0000000 0.0000000 0.0000000 0.0000000 0.0000000  1.0000000 0.0000000 0.0000000 0.0000000 0.0000000 0.0000000 0.0000000 0.0000000 0.0000000 0.0000000 0.0000000 0.0000000 0.0000000 0.0000000 0.0000000 0.0000000 0.0000000 0.0000000 0.0000000 0.0000000 0.0000000 0.0000000 0.0000000 0.0000000 0.0000000 0.0000000 0.0000000 0.0000000 0.0000000 0.0000000 0.0000000 0.0000000 0.0000000 0.0000000 0.0000000 0.0000000 0.0000000 0.0000000 0.0000000 0.0000000 0.0000000 0.0000000 0.0000000 0.0000000 0.0000000 0.0000000 0.0000000 0.0000000 0.0000000 0.0000000 0.0000000 0.0000000 0.0000000 0.0000000 0.0000000 0.0000000 0.0000000 0.0000000 0.0000000 0.0000000 0.0000000 0.0000000 0.0000000 0.0000000 0.0000000 0.0000000 0.0000000 0.0000000 0.0000000 0.0000000 0.0000000 0.0000000 0.0000000 0.0000000 0.0000000 0.0000000 0.0000000 0.0000000 0.0000000 0.0000000 0.0000000 0.0000000 0.0000000 0.0000000 0.0000000 0.0000000 0.0000000 0.0000000 0.0000000 0.0000000 0.0000000 0.0000000 0.0000000 0.0000000 0.0000000 0.0000000 0.0000000 0.0000000 0.0000000 0.0000000 0.0000000 0.0000000 0.0000000 0.0000000 0.0000000 0.0000000 0.0000000 0.0000000 0.0000000 0.0000000 0.0000000
NP_CT10n0                          0.0000000 0.0000000 0.0000000 0.0000000 0.0000000 0.0000000 0.0000000 0.0000000 0.0000000 0.0000000  1.0000000 0.0000000 0.0000000 0.0000000 0.0000000 0.0000000 0.0000000 0.0000000 0.0000000 0.0000000 0.0000000 0.0000000 0.0000000 0.0000000 0.0000000 0.0000000 0.0000000 0.0000000 0.0000000 0.0000000 0.0000000 0.0000000 0.0000000 0.0000000 0.0000000 0.0000000 0.0000000 0.0000000 0.0000000 0.0000000 0.0000000 0.0000000 0.0000000 0.0000000 0.0000000 0.0000000 0.0000000 0.0000000 0.0000000 0.0000000 0.0000000 0.0000000 0.0000000 0.0000000 0.0000000 0.0000000 0.0000000 0.0000000 0.0000000 0.0000000 0.0000000 0.0000000 0.0000000 0.0000000 0.0000000 0.0000000 0.0000000 0.0000000 0.0000000 0.0000000 0.0000000 0.0000000 0.0000000 0.0000000 0.0000000 0.0000000 0.0000000 0.0000000 0.0000000 0.0000000 0.0000000 0.0000000 0.0000000 0.0000000 0.0000000 0.0000000 0.0000000 0.0000000 0.0000000 0.0000000 0.0000000 0.0000000 0.0000000 0.0000000 0.0000000 0.0000000 0.0000000 0.0000000 0.0000000 0.0000000 0.0000000 0.0000000 0.0000000 0.0000000 0.0000000 0.0000000 0.0000000 0.0000000 0.0000000 0.0000000 0.0000000 0.0000000 0.0000000 0.0000000 0.0000000 0.0000000 0.0000000 0.0000000 0.0000000 0.0000000
NP_CT10n1                          0.0000000 0.0000000 0.0000000 0.0000000 0.0000000 0.0000000 0.0000000 0.0000000 0.0000000 0.0000000 0.0000000  1.0000000 0.0000000 0.0000000 0.0000000 0.0000000 0.0000000 0.0000000 0.0000000 0.0000000 0.0000000 0.0000000 0.0000000 0.0000000 0.0000000 0.0000000 0.0000000 0.0000000 0.0000000 0.0000000 0.0000000 0.0000000 0.0000000 0.0000000 0.0000000 0.0000000 0.0000000 0.0000000 0.0000000 0.0000000 0.0000000 0.0000000 0.0000000 0.0000000 0.0000000 0.0000000 0.0000000 0.0000000 0.0000000 0.0000000 0.0000000 0.0000000 0.0000000 0.0000000 0.0000000 0.0000000 0.0000000 0.0000000 0.0000000 0.0000000 0.0000000 0.0000000 0.0000000 0.0000000 0.0000000 0.0000000 0.0000000 0.0000000 0.0000000 0.0000000 0.0000000 0.0000000 0.0000000 0.0000000 0.0000000 0.0000000 0.0000000 0.0000000 0.0000000 0.0000000 0.0000000 0.0000000 0.0000000 0.0000000 0.0000000 0.0000000 0.0000000 0.0000000 0.0000000 0.0000000 0.0000000 0.0000000 0.0000000 0.0000000 0.0000000 0.0000000 0.0000000 0.0000000 0.0000000 0.0000000 0.0000000 0.0000000 0.0000000 0.0000000 0.0000000 0.0000000 0.0000000 0.0000000 0.0000000 0.0000000 0.0000000 0.0000000 0.0000000 0.0000000 0.0000000 0.0000000 0.0000000 0.0000000 0.0000000 0.0000000
NP_CT10n10                         0.0000000 0.0000000 0.0000000 0.0000000 0.0000000 0.0000000 0.0000000 0.0000000 0.0000000 0.0000000 0.0000000 0.0000000  1.0000000 0.0000000 0.0000000 0.0000000 0.0000000 0.0000000 0.0000000 0.0000000 0.0000000 0.0000000 0.0000000 0.0000000 0.0000000 0.0000000 0.0000000 0.0000000 0.0000000 0.0000000 0.0000000 0.0000000 0.0000000 0.0000000 0.0000000 0.0000000 0.0000000 0.0000000 0.0000000 0.0000000 0.0000000 0.0000000 0.0000000 0.0000000 0.0000000 0.0000000 0.0000000 0.0000000 0.0000000 0.0000000 0.0000000 0.0000000 0.0000000 0.0000000 0.0000000 0.0000000 0.0000000 0.0000000 0.0000000 0.0000000 0.0000000 0.0000000 0.0000000 0.0000000 0.0000000 0.0000000 0.0000000 0.0000000 0.0000000 0.0000000 0.0000000 0.0000000 0.0000000 0.0000000 0.0000000 0.0000000 0.0000000 0.0000000 0.0000000 0.0000000 0.0000000 0.0000000 0.0000000 0.0000000 0.0000000 0.0000000 0.0000000 0.0000000 0.0000000 0.0000000 0.0000000 0.0000000 0.0000000 0.0000000 0.0000000 0.0000000 0.0000000 0.0000000 0.0000000 0.0000000 0.0000000 0.0000000 0.0000000 0.0000000 0.0000000 0.0000000 0.0000000 0.0000000 0.0000000 0.0000000 0.0000000 0.0000000 0.0000000 0.0000000 0.0000000 0.0000000 0.0000000 0.0000000 0.0000000 0.0000000
NP_CT10n11                         0.0000000 0.0000000 0.0000000 0.0000000 0.0000000 0.0000000 0.0000000 0.0000000 0.0000000 0.0000000 0.0000000 0.0000000 0.0000000  1.0000000 0.0000000 0.0000000 0.0000000 0.0000000 0.0000000 0.0000000 0.0000000 0.0000000 0.0000000 0.0000000 0.0000000 0.0000000 0.0000000 0.0000000 0.0000000 0.0000000 0.0000000 0.0000000 0.0000000 0.0000000 0.0000000 0.0000000 0.0000000 0.0000000 0.0000000 0.0000000 0.0000000 0.0000000 0.0000000 0.0000000 0.0000000 0.0000000 0.0000000 0.0000000 0.0000000 0.0000000 0.0000000 0.0000000 0.0000000 0.0000000 0.0000000 0.0000000 0.0000000 0.0000000 0.0000000 0.0000000 0.0000000 0.0000000 0.0000000 0.0000000 0.0000000 0.0000000 0.0000000 0.0000000 0.0000000 0.0000000 0.0000000 0.0000000 0.0000000 0.0000000 0.0000000 0.0000000 0.0000000 0.0000000 0.0000000 0.0000000 0.0000000 0.0000000 0.0000000 0.0000000 0.0000000 0.0000000 0.0000000 0.0000000 0.0000000 0.0000000 0.0000000 0.0000000 0.0000000 0.0000000 0.0000000 0.0000000 0.0000000 0.0000000 0.0000000 0.0000000 0.0000000 0.0000000 0.0000000 0.0000000 0.0000000 0.0000000 0.0000000 0.0000000 0.0000000 0.0000000 0.0000000 0.0000000 0.0000000 0.0000000 0.0000000 0.0000000 0.0000000 0.0000000 0.0000000 0.0000000
NP_CT10n12                         0.0000000 0.0000000 0.0000000 0.0000000 0.0000000 0.0000000 0.0000000 0.0000000 0.0000000 0.0000000 0.0000000 0.0000000 0.0000000 0.0000000  1.0000000 0.0000000 0.0000000 0.0000000 0.0000000 0.0000000 0.0000000 0.0000000 0.0000000 0.0000000 0.0000000 0.0000000 0.0000000 0.0000000 0.0000000 0.0000000 0.0000000 0.0000000 0.0000000 0.0000000 0.0000000 0.0000000 0.0000000 0.0000000 0.0000000 0.0000000 0.0000000 0.0000000 0.0000000 0.0000000 0.0000000 0.0000000 0.0000000 0.0000000 0.0000000 0.0000000 0.0000000 0.0000000 0.0000000 0.0000000 0.0000000 0.0000000 0.0000000 0.0000000 0.0000000 0.0000000 0.0000000 0.0000000 0.0000000 0.0000000 0.0000000 0.0000000 0.0000000 0.0000000 0.0000000 0.0000000 0.0000000 0.0000000 0.0000000 0.0000000 0.0000000 0.0000000 0.0000000 0.0000000 0.0000000 0.0000000 0.0000000 0.0000000 0.0000000 0.0000000 0.0000000 0.0000000 0.0000000 0.0000000 0.0000000 0.0000000 0.0000000 0.0000000 0.0000000 0.0000000 0.0000000 0.0000000 0.0000000 0.0000000 0.0000000 0.0000000 0.0000000 0.0000000 0.0000000 0.0000000 0.0000000 0.0000000 0.0000000 0.0000000 0.0000000 0.0000000 0.0000000 0.0000000 0.0000000 0.0000000 0.0000000 0.0000000 0.0000000 0.0000000 0.0000000 0.0000000
NP_CT10n13                         0.0000000 0.0000000 0.0000000 0.0000000 0.0000000 0.0000000 0.0000000 0.0000000 0.0000000 0.0000000 0.0000000 0.0000000 0.0000000 0.0000000 0.0000000  1.0000000 0.0000000 0.0000000 0.0000000 0.0000000 0.0000000 0.0000000 0.0000000 0.0000000 0.0000000 0.0000000 0.0000000 0.0000000 0.0000000 0.0000000 0.0000000 0.0000000 0.0000000 0.0000000 0.0000000 0.0000000 0.0000000 0.0000000 0.0000000 0.0000000 0.0000000 0.0000000 0.0000000 0.0000000 0.0000000 0.0000000 0.0000000 0.0000000 0.0000000 0.0000000 0.0000000 0.0000000 0.0000000 0.0000000 0.0000000 0.0000000 0.0000000 0.0000000 0.0000000 0.0000000 0.0000000 0.0000000 0.0000000 0.0000000 0.0000000 0.0000000 0.0000000 0.0000000 0.0000000 0.0000000 0.0000000 0.0000000 0.0000000 0.0000000 0.0000000 0.0000000 0.0000000 0.0000000 0.0000000 0.0000000 0.0000000 0.0000000 0.0000000 0.0000000 0.0000000 0.0000000 0.0000000 0.0000000 0.0000000 0.0000000 0.0000000 0.0000000 0.0000000 0.0000000 0.0000000 0.0000000 0.0000000 0.0000000 0.0000000 0.0000000 0.0000000 0.0000000 0.0000000 0.0000000 0.0000000 0.0000000 0.0000000 0.0000000 0.0000000 0.0000000 0.0000000 0.0000000 0.0000000 0.0000000 0.0000000 0.0000000 0.0000000 0.0000000 0.0000000 0.0000000
NP_CT10n14                         0.0000000 0.0000000 0.0000000 0.0000000 0.0000000 0.0000000 0.0000000 0.0000000 0.0000000 0.0000000 0.0000000 0.0000000 0.0000000 0.0000000 0.0000000 0.0000000  1.0000000 0.0000000 0.0000000 0.0000000 0.0000000 0.0000000 0.0000000 0.0000000 0.0000000 0.0000000 0.0000000 0.0000000 0.0000000 0.0000000 0.0000000 0.0000000 0.0000000 0.0000000 0.0000000 0.0000000 0.0000000 0.0000000 0.0000000 0.0000000 0.0000000 0.0000000 0.0000000 0.0000000 0.0000000 0.0000000 0.0000000 0.0000000 0.0000000 0.0000000 0.0000000 0.0000000 0.0000000 0.0000000 0.0000000 0.0000000 0.0000000 0.0000000 0.0000000 0.0000000 0.0000000 0.0000000 0.0000000 0.0000000 0.0000000 0.0000000 0.0000000 0.0000000 0.0000000 0.0000000 0.0000000 0.0000000 0.0000000 0.0000000 0.0000000 0.0000000 0.0000000 0.0000000 0.0000000 0.0000000 0.0000000 0.0000000 0.0000000 0.0000000 0.0000000 0.0000000 0.0000000 0.0000000 0.0000000 0.0000000 0.0000000 0.0000000 0.0000000 0.0000000 0.0000000 0.0000000 0.0000000 0.0000000 0.0000000 0.0000000 0.0000000 0.0000000 0.0000000 0.0000000 0.0000000 0.0000000 0.0000000 0.0000000 0.0000000 0.0000000 0.0000000 0.0000000 0.0000000 0.0000000 0.0000000 0.0000000 0.0000000 0.0000000 0.0000000 0.0000000
NP_CT10n15                         0.0000000 0.0000000 0.0000000 0.0000000 0.0000000 0.0000000 0.0000000 0.0000000 0.0000000 0.0000000 0.0000000 0.0000000 0.0000000 0.0000000 0.0000000 0.0000000 0.0000000  1.0000000 0.0000000 0.0000000 0.0000000 0.0000000 0.0000000 0.0000000 0.0000000 0.0000000 0.0000000 0.0000000 0.0000000 0.0000000 0.0000000 0.0000000 0.0000000 0.0000000 0.0000000 0.0000000 0.0000000 0.0000000 0.0000000 0.0000000 0.0000000 0.0000000 0.0000000 0.0000000 0.0000000 0.0000000 0.0000000 0.0000000 0.0000000 0.0000000 0.0000000 0.0000000 0.0000000 0.0000000 0.0000000 0.0000000 0.0000000 0.0000000 0.0000000 0.0000000 0.0000000 0.0000000 0.0000000 0.0000000 0.0000000 0.0000000 0.0000000 0.0000000 0.0000000 0.0000000 0.0000000 0.0000000 0.0000000 0.0000000 0.0000000 0.0000000 0.0000000 0.0000000 0.0000000 0.0000000 0.0000000 0.0000000 0.0000000 0.0000000 0.0000000 0.0000000 0.0000000 0.0000000 0.0000000 0.0000000 0.0000000 0.0000000 0.0000000 0.0000000 0.0000000 0.0000000 0.0000000 0.0000000 0.0000000 0.0000000 0.0000000 0.0000000 0.0000000 0.0000000 0.0000000 0.0000000 0.0000000 0.0000000 0.0000000 0.0000000 0.0000000 0.0000000 0.0000000 0.0000000 0.0000000 0.0000000 0.0000000 0.0000000 0.0000000 0.0000000
NP_CT10n16                         0.0000000 0.0000000 0.0000000 0.0000000 0.0000000 0.0000000 0.0000000 0.0000000 0.0000000 0.0000000 0.0000000 0.0000000 0.0000000 0.0000000 0.0000000 0.0000000 0.0000000 0.0000000  1.0000000 0.0000000 0.0000000 0.0000000 0.0000000 0.0000000 0.0000000 0.0000000 0.0000000 0.0000000 0.0000000 0.0000000 0.0000000 0.0000000 0.0000000 0.0000000 0.0000000 0.0000000 0.0000000 0.0000000 0.0000000 0.0000000 0.0000000 0.0000000 0.0000000 0.0000000 0.0000000 0.0000000 0.0000000 0.0000000 0.0000000 0.0000000 0.0000000 0.0000000 0.0000000 0.0000000 0.0000000 0.0000000 0.0000000 0.0000000 0.0000000 0.0000000 0.0000000 0.0000000 0.0000000 0.0000000 0.0000000 0.0000000 0.0000000 0.0000000 0.0000000 0.0000000 0.0000000 0.0000000 0.0000000 0.0000000 0.0000000 0.0000000 0.0000000 0.0000000 0.0000000 0.0000000 0.0000000 0.0000000 0.0000000 0.0000000 0.0000000 0.0000000 0.0000000 0.0000000 0.0000000 0.0000000 0.0000000 0.0000000 0.0000000 0.0000000 0.0000000 0.0000000 0.0000000 0.0000000 0.0000000 0.0000000 0.0000000 0.0000000 0.0000000 0.0000000 0.0000000 0.0000000 0.0000000 0.0000000 0.0000000 0.0000000 0.0000000 0.0000000 0.0000000 0.0000000 0.0000000 0.0000000 0.0000000 0.0000000 0.0000000 0.0000000
NP_CT10n17                         0.0000000 0.0000000 0.0000000 0.0000000 0.0000000 0.0000000 0.0000000 0.0000000 0.0000000 0.0000000 0.0000000 0.0000000 0.0000000 0.0000000 0.0000000 0.0000000 0.0000000 0.0000000 0.0000000  1.0000000 0.0000000 0.0000000 0.0000000 0.0000000 0.0000000 0.0000000 0.0000000 0.0000000 0.0000000 0.0000000 0.0000000 0.0000000 0.0000000 0.0000000 0.0000000 0.0000000 0.0000000 0.0000000 0.0000000 0.0000000 0.0000000 0.0000000 0.0000000 0.0000000 0.0000000 0.0000000 0.0000000 0.0000000 0.0000000 0.0000000 0.0000000 0.0000000 0.0000000 0.0000000 0.0000000 0.0000000 0.0000000 0.0000000 0.0000000 0.0000000 0.0000000 0.0000000 0.0000000 0.0000000 0.0000000 0.0000000 0.0000000 0.0000000 0.0000000 0.0000000 0.0000000 0.0000000 0.0000000 0.0000000 0.0000000 0.0000000 0.0000000 0.0000000 0.0000000 0.0000000 0.0000000 0.0000000 0.0000000 0.0000000 0.0000000 0.0000000 0.0000000 0.0000000 0.0000000 0.0000000 0.0000000 0.0000000 0.0000000 0.0000000 0.0000000 0.0000000 0.0000000 0.0000000 0.0000000 0.0000000 0.0000000 0.0000000 0.0000000 0.0000000 0.0000000 0.0000000 0.0000000 0.0000000 0.0000000 0.0000000 0.0000000 0.0000000 0.0000000 0.0000000 0.0000000 0.0000000 0.0000000 0.0000000 0.0000000 0.0000000
NP_CT10n18                         0.0000000 0.0000000 0.0000000 0.0000000 0.0000000 0.0000000 0.0000000 0.0000000 0.0000000 0.0000000 0.0000000 0.0000000 0.0000000 0.0000000 0.0000000 0.0000000 0.0000000 0.0000000 0.0000000 0.0000000  1.0000000 0.0000000 0.0000000 0.0000000 0.0000000 0.0000000 0.0000000 0.0000000 0.0000000 0.0000000 0.0000000 0.0000000 0.0000000 0.0000000 0.0000000 0.0000000 0.0000000 0.0000000 0.0000000 0.0000000 0.0000000 0.0000000 0.0000000 0.0000000 0.0000000 0.0000000 0.0000000 0.0000000 0.0000000 0.0000000 0.0000000 0.0000000 0.0000000 0.0000000 0.0000000 0.0000000 0.0000000 0.0000000 0.0000000 0.0000000 0.0000000 0.0000000 0.0000000 0.0000000 0.0000000 0.0000000 0.0000000 0.0000000 0.0000000 0.0000000 0.0000000 0.0000000 0.0000000 0.0000000 0.0000000 0.0000000 0.0000000 0.0000000 0.0000000 0.0000000 0.0000000 0.0000000 0.0000000 0.0000000 0.0000000 0.0000000 0.0000000 0.0000000 0.0000000 0.0000000 0.0000000 0.0000000 0.0000000 0.0000000 0.0000000 0.0000000 0.0000000 0.0000000 0.0000000 0.0000000 0.0000000 0.0000000 0.0000000 0.0000000 0.0000000 0.0000000 0.0000000 0.0000000 0.0000000 0.0000000 0.0000000 0.0000000 0.0000000 0.0000000 0.0000000 0.0000000 0.0000000 0.0000000 0.0000000 0.0000000
NP_CT10n19                         0.0000000 0.0000000 0.0000000 0.0000000 0.0000000 0.0000000 0.0000000 0.0000000 0.0000000 0.0000000 0.0000000 0.0000000 0.0000000 0.0000000 0.0000000 0.0000000 0.0000000 0.0000000 0.0000000 0.0000000 0.0000000  1.0000000 0.0000000 0.0000000 0.0000000 0.0000000 0.0000000 0.0000000 0.0000000 0.0000000 0.0000000 0.0000000 0.0000000 0.0000000 0.0000000 0.0000000 0.0000000 0.0000000 0.0000000 0.0000000 0.0000000 0.0000000 0.0000000 0.0000000 0.0000000 0.0000000 0.0000000 0.0000000 0.0000000 0.0000000 0.0000000 0.0000000 0.0000000 0.0000000 0.0000000 0.0000000 0.0000000 0.0000000 0.0000000 0.0000000 0.0000000 0.0000000 0.0000000 0.0000000 0.0000000 0.0000000 0.0000000 0.0000000 0.0000000 0.0000000 0.0000000 0.0000000 0.0000000 0.0000000 0.0000000 0.0000000 0.0000000 0.0000000 0.0000000 0.0000000 0.0000000 0.0000000 0.0000000 0.0000000 0.0000000 0.0000000 0.0000000 0.0000000 0.0000000 0.0000000 0.0000000 0.0000000 0.0000000 0.0000000 0.0000000 0.0000000 0.0000000 0.0000000 0.0000000 0.0000000 0.0000000 0.0000000 0.0000000 0.0000000 0.0000000 0.0000000 0.0000000 0.0000000 0.0000000 0.0000000 0.0000000 0.0000000 0.0000000 0.0000000 0.0000000 0.0000000 0.0000000 0.0000000 0.0000000 0.0000000
NP_CT10n2                          0.0000000 0.0000000 0.0000000 0.0000000 0.0000000 0.0000000 0.0000000 0.0000000 0.0000000 0.0000000 0.0000000 0.0000000 0.0000000 0.0000000 0.0000000 0.0000000 0.0000000 0.0000000 0.0000000 0.0000000 0.0000000 0.0000000  1.0000000 0.0000000 0.0000000 0.0000000 0.0000000 0.0000000 0.0000000 0.0000000 0.0000000 0.0000000 0.0000000 0.0000000 0.0000000 0.0000000 0.0000000 0.0000000 0.0000000 0.0000000 0.0000000 0.0000000 0.0000000 0.0000000 0.0000000 0.0000000 0.0000000 0.0000000 0.0000000 0.0000000 0.0000000 0.0000000 0.0000000 0.0000000 0.0000000 0.0000000 0.0000000 0.0000000 0.0000000 0.0000000 0.0000000 0.0000000 0.0000000 0.0000000 0.0000000 0.0000000 0.0000000 0.0000000 0.0000000 0.0000000 0.0000000 0.0000000 0.0000000 0.0000000 0.0000000 0.0000000 0.0000000 0.0000000 0.0000000 0.0000000 0.0000000 0.0000000 0.0000000 0.0000000 0.0000000 0.0000000 0.0000000 0.0000000 0.0000000 0.0000000 0.0000000 0.0000000 0.0000000 0.0000000 0.0000000 0.0000000 0.0000000 0.0000000 0.0000000 0.0000000 0.0000000 0.0000000 0.0000000 0.0000000 0.0000000 0.0000000 0.0000000 0.0000000 0.0000000 0.0000000 0.0000000 0.0000000 0.0000000 0.0000000 0.0000000 0.0000000 0.0000000 0.0000000 0.0000000 0.0000000
NP_CT10n20                         0.0000000 0.0000000 0.0000000 0.0000000 0.0000000 0.0000000 0.0000000 0.0000000 0.0000000 0.0000000 0.0000000 0.0000000 0.0000000 0.0000000 0.0000000 0.0000000 0.0000000 0.0000000 0.0000000 0.0000000 0.0000000 0.0000000 0.0000000  1.0000000 0.0000000 0.0000000 0.0000000 0.0000000 0.0000000 0.0000000 0.0000000 0.0000000 0.0000000 0.0000000 0.0000000 0.0000000 0.0000000 0.0000000 0.0000000 0.0000000 0.0000000 0.0000000 0.0000000 0.0000000 0.0000000 0.0000000 0.0000000 0.0000000 0.0000000 0.0000000 0.0000000 0.0000000 0.0000000 0.0000000 0.0000000 0.0000000 0.0000000 0.0000000 0.0000000 0.0000000 0.0000000 0.0000000 0.0000000 0.0000000 0.0000000 0.0000000 0.0000000 0.0000000 0.0000000 0.0000000 0.0000000 0.0000000 0.0000000 0.0000000 0.0000000 0.0000000 0.0000000 0.0000000 0.0000000 0.0000000 0.0000000 0.0000000 0.0000000 0.0000000 0.0000000 0.0000000 0.0000000 0.0000000 0.0000000 0.0000000 0.0000000 0.0000000 0.0000000 0.0000000 0.0000000 0.0000000 0.0000000 0.0000000 0.0000000 0.0000000 0.0000000 0.0000000 0.0000000 0.0000000 0.0000000 0.0000000 0.0000000 0.0000000 0.0000000 0.0000000 0.0000000 0.0000000 0.0000000 0.0000000 0.0000000 0.0000000 0.0000000 0.0000000 0.0000000 0.0000000
NP_CT10n21                         0.0000000 0.0000000 0.0000000 0.0000000 0.0000000 0.0000000 0.0000000 0.0000000 0.0000000 0.0000000 0.0000000 0.0000000 0.0000000 0.0000000 0.0000000 0.0000000 0.0000000 0.0000000 0.0000000 0.0000000 0.0000000 0.0000000 0.0000000 0.0000000  1.0000000 0.0000000 0.0000000 0.0000000 0.0000000 0.0000000 0.0000000 0.0000000 0.0000000 0.0000000 0.0000000 0.0000000 0.0000000 0.0000000 0.0000000 0.0000000 0.0000000 0.0000000 0.0000000 0.0000000 0.0000000 0.0000000 0.0000000 0.0000000 0.0000000 0.0000000 0.0000000 0.0000000 0.0000000 0.0000000 0.0000000 0.0000000 0.0000000 0.0000000 0.0000000 0.0000000 0.0000000 0.0000000 0.0000000 0.0000000 0.0000000 0.0000000 0.0000000 0.0000000 0.0000000 0.0000000 0.0000000 0.0000000 0.0000000 0.0000000 0.0000000 0.0000000 0.0000000 0.0000000 0.0000000 0.0000000 0.0000000 0.0000000 0.0000000 0.0000000 0.0000000 0.0000000 0.0000000 0.0000000 0.0000000 0.0000000 0.0000000 0.0000000 0.0000000 0.0000000 0.0000000 0.0000000 0.0000000 0.0000000 0.0000000 0.0000000 0.0000000 0.0000000 0.0000000 0.0000000 0.0000000 0.0000000 0.0000000 0.0000000 0.0000000 0.0000000 0.0000000 0.0000000 0.0000000 0.0000000 0.0000000 0.0000000 0.0000000 0.0000000 0.0000000 0.0000000
NP_CT10n22                         0.0000000 0.0000000 0.0000000 0.0000000 0.0000000 0.0000000 0.0000000 0.0000000 0.0000000 0.0000000 0.0000000 0.0000000 0.0000000 0.0000000 0.0000000 0.0000000 0.0000000 0.0000000 0.0000000 0.0000000 0.0000000 0.0000000 0.0000000 0.0000000 0.0000000  1.0000000 0.0000000 0.0000000 0.0000000 0.0000000 0.0000000 0.0000000 0.0000000 0.0000000 0.0000000 0.0000000 0.0000000 0.0000000 0.0000000 0.0000000 0.0000000 0.0000000 0.0000000 0.0000000 0.0000000 0.0000000 0.0000000 0.0000000 0.0000000 0.0000000 0.0000000 0.0000000 0.0000000 0.0000000 0.0000000 0.0000000 0.0000000 0.0000000 0.0000000 0.0000000 0.0000000 0.0000000 0.0000000 0.0000000 0.0000000 0.0000000 0.0000000 0.0000000 0.0000000 0.0000000 0.0000000 0.0000000 0.0000000 0.0000000 0.0000000 0.0000000 0.0000000 0.0000000 0.0000000 0.0000000 0.0000000 0.0000000 0.0000000 0.0000000 0.0000000 0.0000000 0.0000000 0.0000000 0.0000000 0.0000000 0.0000000 0.0000000 0.0000000 0.0000000 0.0000000 0.0000000 0.0000000 0.0000000 0.0000000 0.0000000 0.0000000 0.0000000 0.0000000 0.0000000 0.0000000 0.0000000 0.0000000 0.0000000 0.0000000 0.0000000 0.0000000 0.0000000 0.0000000 0.0000000 0.0000000 0.0000000 0.0000000 0.0000000 0.0000000 0.0000000
NP_CT10n23                         0.0000000 0.0000000 0.0000000 0.0000000 0.0000000 0.0000000 0.0000000 0.0000000 0.0000000 0.0000000 0.0000000 0.0000000 0.0000000 0.0000000 0.0000000 0.0000000 0.0000000 0.0000000 0.0000000 0.0000000 0.0000000 0.0000000 0.0000000 0.0000000 0.0000000 0.0000000  1.0000000 0.0000000 0.0000000 0.0000000 0.0000000 0.0000000 0.0000000 0.0000000 0.0000000 0.0000000 0.0000000 0.0000000 0.0000000 0.0000000 0.0000000 0.0000000 0.0000000 0.0000000 0.0000000 0.0000000 0.0000000 0.0000000 0.0000000 0.0000000 0.0000000 0.0000000 0.0000000 0.0000000 0.0000000 0.0000000 0.0000000 0.0000000 0.0000000 0.0000000 0.0000000 0.0000000 0.0000000 0.0000000 0.0000000 0.0000000 0.0000000 0.0000000 0.0000000 0.0000000 0.0000000 0.0000000 0.0000000 0.0000000 0.0000000 0.0000000 0.0000000 0.0000000 0.0000000 0.0000000 0.0000000 0.0000000 0.0000000 0.0000000 0.0000000 0.0000000 0.0000000 0.0000000 0.0000000 0.0000000 0.0000000 0.0000000 0.0000000 0.0000000 0.0000000 0.0000000 0.0000000 0.0000000 0.0000000 0.0000000 0.0000000 0.0000000 0.0000000 0.0000000 0.0000000 0.0000000 0.0000000 0.0000000 0.0000000 0.0000000 0.0000000 0.0000000 0.0000000 0.0000000 0.0000000 0.0000000 0.0000000 0.0000000 0.0000000 0.0000000
NP_CT10n24                         0.0000000 0.0000000 0.0000000 0.0000000 0.0000000 0.0000000 0.0000000 0.0000000 0.0000000 0.0000000 0.0000000 0.0000000 0.0000000 0.0000000 0.0000000 0.0000000 0.0000000 0.0000000 0.0000000 0.0000000 0.0000000 0.0000000 0.0000000 0.0000000 0.0000000 0.0000000 0.0000000  1.0000000 0.0000000 0.0000000 0.0000000 0.0000000 0.0000000 0.0000000 0.0000000 0.0000000 0.0000000 0.0000000 0.0000000 0.0000000 0.0000000 0.0000000 0.0000000 0.0000000 0.0000000 0.0000000 0.0000000 0.0000000 0.0000000 0.0000000 0.0000000 0.0000000 0.0000000 0.0000000 0.0000000 0.0000000 0.0000000 0.0000000 0.0000000 0.0000000 0.0000000 0.0000000 0.0000000 0.0000000 0.0000000 0.0000000 0.0000000 0.0000000 0.0000000 0.0000000 0.0000000 0.0000000 0.0000000 0.0000000 0.0000000 0.0000000 0.0000000 0.0000000 0.0000000 0.0000000 0.0000000 0.0000000 0.0000000 0.0000000 0.0000000 0.0000000 0.0000000 0.0000000 0.0000000 0.0000000 0.0000000 0.0000000 0.0000000 0.0000000 0.0000000 0.0000000 0.0000000 0.0000000 0.0000000 0.0000000 0.0000000 0.0000000 0.0000000 0.0000000 0.0000000 0.0000000 0.0000000 0.0000000 0.0000000 0.0000000 0.0000000 0.0000000 0.0000000 0.0000000 0.0000000 0.0000000 0.0000000 0.0000000 0.0000000 0.0000000
NP_CT10n25                         0.0000000 0.0000000 0.0000000 0.0000000 0.0000000 0.0000000 0.0000000 0.0000000 0.0000000 0.0000000 0.0000000 0.0000000 0.0000000 0.0000000 0.0000000 0.0000000 0.0000000 0.0000000 0.0000000 0.0000000 0.0000000 0.0000000 0.0000000 0.0000000 0.0000000 0.0000000 0.0000000 0.0000000  1.0000000 0.0000000 0.0000000 0.0000000 0.0000000 0.0000000 0.0000000 0.0000000 0.0000000 0.0000000 0.0000000 0.0000000 0.0000000 0.0000000 0.0000000 0.0000000 0.0000000 0.0000000 0.0000000 0.0000000 0.0000000 0.0000000 0.0000000 0.0000000 0.0000000 0.0000000 0.0000000 0.0000000 0.0000000 0.0000000 0.0000000 0.0000000 0.0000000 0.0000000 0.0000000 0.0000000 0.0000000 0.0000000 0.0000000 0.0000000 0.0000000 0.0000000 0.0000000 0.0000000 0.0000000 0.0000000 0.0000000 0.0000000 0.0000000 0.0000000 0.0000000 0.0000000 0.0000000 0.0000000 0.0000000 0.0000000 0.0000000 0.0000000 0.0000000 0.0000000 0.0000000 0.0000000 0.0000000 0.0000000 0.0000000 0.0000000 0.0000000 0.0000000 0.0000000 0.0000000 0.0000000 0.0000000 0.0000000 0.0000000 0.0000000 0.0000000 0.0000000 0.0000000 0.0000000 0.0000000 0.0000000 0.0000000 0.0000000 0.0000000 0.0000000 0.0000000 0.0000000 0.0000000 0.0000000 0.0000000 0.0000000 0.0000000
NP_CT10n26                         0.0000000 0.0000000 0.0000000 0.0000000 0.0000000 0.0000000 0.0000000 0.0000000 0.0000000 0.0000000 0.0000000 0.0000000 0.0000000 0.0000000 0.0000000 0.0000000 0.0000000 0.0000000 0.0000000 0.0000000 0.0000000 0.0000000 0.0000000 0.0000000 0.0000000 0.0000000 0.0000000 0.0000000 0.0000000  1.0000000 0.0000000 0.0000000 0.0000000 0.0000000 0.0000000 0.0000000 0.0000000 0.0000000 0.0000000 0.0000000 0.0000000 0.0000000 0.0000000 0.0000000 0.0000000 0.0000000 0.0000000 0.0000000 0.0000000 0.0000000 0.0000000 0.0000000 0.0000000 0.0000000 0.0000000 0.0000000 0.0000000 0.0000000 0.0000000 0.0000000 0.0000000 0.0000000 0.0000000 0.0000000 0.0000000 0.0000000 0.0000000 0.0000000 0.0000000 0.0000000 0.0000000 0.0000000 0.0000000 0.0000000 0.0000000 0.0000000 0.0000000 0.0000000 0.0000000 0.0000000 0.0000000 0.0000000 0.0000000 0.0000000 0.0000000 0.0000000 0.0000000 0.0000000 0.0000000 0.0000000 0.0000000 0.0000000 0.0000000 0.0000000 0.0000000 0.0000000 0.0000000 0.0000000 0.0000000 0.0000000 0.0000000 0.0000000 0.0000000 0.0000000 0.0000000 0.0000000 0.0000000 0.0000000 0.0000000 0.0000000 0.0000000 0.0000000 0.0000000 0.0000000 0.0000000 0.0000000 0.0000000 0.0000000 0.0000000 0.0000000
NP_CT10n27                         0.0000000 0.0000000 0.0000000 0.0000000 0.0000000 0.0000000 0.0000000 0.0000000 0.0000000 0.0000000 0.0000000 0.0000000 0.0000000 0.0000000 0.0000000 0.0000000 0.0000000 0.0000000 0.0000000 0.0000000 0.0000000 0.0000000 0.0000000 0.0000000 0.0000000 0.0000000 0.0000000 0.0000000 0.0000000 0.0000000  1.0000000 0.0000000 0.0000000 0.0000000 0.0000000 0.0000000 0.0000000 0.0000000 0.0000000 0.0000000 0.0000000 0.0000000 0.0000000 0.0000000 0.0000000 0.0000000 0.0000000 0.0000000 0.0000000 0.0000000 0.0000000 0.0000000 0.0000000 0.0000000 0.0000000 0.0000000 0.0000000 0.0000000 0.0000000 0.0000000 0.0000000 0.0000000 0.0000000 0.0000000 0.0000000 0.0000000 0.0000000 0.0000000 0.0000000 0.0000000 0.0000000 0.0000000 0.0000000 0.0000000 0.0000000 0.0000000 0.0000000 0.0000000 0.0000000 0.0000000 0.0000000 0.0000000 0.0000000 0.0000000 0.0000000 0.0000000 0.0000000 0.0000000 0.0000000 0.0000000 0.0000000 0.0000000 0.0000000 0.0000000 0.0000000 0.0000000 0.0000000 0.0000000 0.0000000 0.0000000 0.0000000 0.0000000 0.0000000 0.0000000 0.0000000 0.0000000 0.0000000 0.0000000 0.0000000 0.0000000 0.0000000 0.0000000 0.0000000 0.0000000 0.0000000 0.0000000 0.0000000 0.0000000 0.0000000 0.0000000
NP_CT10n28                         0.0000000 0.0000000 0.0000000 0.0000000 0.0000000 0.0000000 0.0000000 0.0000000 0.0000000 0.0000000 0.0000000 0.0000000 0.0000000 0.0000000 0.0000000 0.0000000 0.0000000 0.0000000 0.0000000 0.0000000 0.0000000 0.0000000 0.0000000 0.0000000 0.0000000 0.0000000 0.0000000 0.0000000 0.0000000 0.0000000 0.0000000  1.0000000 0.0000000 0.0000000 0.0000000 0.0000000 0.0000000 0.0000000 0.0000000 0.0000000 0.0000000 0.0000000 0.0000000 0.0000000 0.0000000 0.0000000 0.0000000 0.0000000 0.0000000 0.0000000 0.0000000 0.0000000 0.0000000 0.0000000 0.0000000 0.0000000 0.0000000 0.0000000 0.0000000 0.0000000 0.0000000 0.0000000 0.0000000 0.0000000 0.0000000 0.0000000 0.0000000 0.0000000 0.0000000 0.0000000 0.0000000 0.0000000 0.0000000 0.0000000 0.0000000 0.0000000 0.0000000 0.0000000 0.0000000 0.0000000 0.0000000 0.0000000 0.0000000 0.0000000 0.0000000 0.0000000 0.0000000 0.0000000 0.0000000 0.0000000 0.0000000 0.0000000 0.0000000 0.0000000 0.0000000 0.0000000 0.0000000 0.0000000 0.0000000 0.0000000 0.0000000 0.0000000 0.0000000 0.0000000 0.0000000 0.0000000 0.0000000 0.0000000 0.0000000 0.0000000 0.0000000 0.0000000 0.0000000 0.0000000 0.0000000 0.0000000 0.0000000 0.0000000 0.0000000 0.0000000
NP_CT10n29                         0.0000000 0.0000000 0.0000000 0.0000000 0.0000000 0.0000000 0.0000000 0.0000000 0.0000000 0.0000000 0.0000000 0.0000000 0.0000000 0.0000000 0.0000000 0.0000000 0.0000000 0.0000000 0.0000000 0.0000000 0.0000000 0.0000000 0.0000000 0.0000000 0.0000000 0.0000000 0.0000000 0.0000000 0.0000000 0.0000000 0.0000000 0.0000000  1.0000000 0.0000000 0.0000000 0.0000000 0.0000000 0.0000000 0.0000000 0.0000000 0.0000000 0.0000000 0.0000000 0.0000000 0.0000000 0.0000000 0.0000000 0.0000000 0.0000000 0.0000000 0.0000000 0.0000000 0.0000000 0.0000000 0.0000000 0.0000000 0.0000000 0.0000000 0.0000000 0.0000000 0.0000000 0.0000000 0.0000000 0.0000000 0.0000000 0.0000000 0.0000000 0.0000000 0.0000000 0.0000000 0.0000000 0.0000000 0.0000000 0.0000000 0.0000000 0.0000000 0.0000000 0.0000000 0.0000000 0.0000000 0.0000000 0.0000000 0.0000000 0.0000000 0.0000000 0.0000000 0.0000000 0.0000000 0.0000000 0.0000000 0.0000000 0.0000000 0.0000000 0.0000000 0.0000000 0.0000000 0.0000000 0.0000000 0.0000000 0.0000000 0.0000000 0.0000000 0.0000000 0.0000000 0.0000000 0.0000000 0.0000000 0.0000000 0.0000000 0.0000000 0.0000000 0.0000000 0.0000000 0.0000000 0.0000000 0.0000000 0.0000000 0.0000000 0.0000000 0.0000000
NP_CT10n3                          0.0000000 0.0000000 0.0000000 0.0000000 0.0000000 0.0000000 0.0000000 0.0000000 0.0000000 0.0000000 0.0000000 0.0000000 0.0000000 0.0000000 0.0000000 0.0000000 0.0000000 0.0000000 0.0000000 0.0000000 0.0000000 0.0000000 0.0000000 0.0000000 0.0000000 0.0000000 0.0000000 0.0000000 0.0000000 0.0000000 0.0000000 0.0000000 0.0000000  1.0000000 0.0000000 0.0000000 0.0000000 0.0000000 0.0000000 0.0000000 0.0000000 0.0000000 0.0000000 0.0000000 0.0000000 0.0000000 0.0000000 0.0000000 0.0000000 0.0000000 0.0000000 0.0000000 0.0000000 0.0000000 0.0000000 0.0000000 0.0000000 0.0000000 0.0000000 0.0000000 0.0000000 0.0000000 0.0000000 0.0000000 0.0000000 0.0000000 0.0000000 0.0000000 0.0000000 0.0000000 0.0000000 0.0000000 0.0000000 0.0000000 0.0000000 0.0000000 0.0000000 0.0000000 0.0000000 0.0000000 0.0000000 0.0000000 0.0000000 0.0000000 0.0000000 0.0000000 0.0000000 0.0000000 0.0000000 0.0000000 0.0000000 0.0000000 0.0000000 0.0000000 0.0000000 0.0000000 0.0000000 0.0000000 0.0000000 0.0000000 0.0000000 0.0000000 0.0000000 0.0000000 0.0000000 0.0000000 0.0000000 0.0000000 0.0000000 0.0000000 0.0000000 0.0000000 0.0000000 0.0000000 0.0000000 0.0000000 0.0000000 0.0000000 0.0000000 0.0000000
NP_CT10n30                         0.0000000 0.0000000 0.0000000 0.0000000 0.0000000 0.0000000 0.0000000 0.0000000 0.0000000 0.0000000 0.0000000 0.0000000 0.0000000 0.0000000 0.0000000 0.0000000 0.0000000 0.0000000 0.0000000 0.0000000 0.0000000 0.0000000 0.0000000 0.0000000 0.0000000 0.0000000 0.0000000 0.0000000 0.0000000 0.0000000 0.0000000 0.0000000 0.0000000 0.0000000  1.0000000 0.0000000 0.0000000 0.0000000 0.0000000 0.0000000 0.0000000 0.0000000 0.0000000 0.0000000 0.0000000 0.0000000 0.0000000 0.0000000 0.0000000 0.0000000 0.0000000 0.0000000 0.0000000 0.0000000 0.0000000 0.0000000 0.0000000 0.0000000 0.0000000 0.0000000 0.0000000 0.0000000 0.0000000 0.0000000 0.0000000 0.0000000 0.0000000 0.0000000 0.0000000 0.0000000 0.0000000 0.0000000 0.0000000 0.0000000 0.0000000 0.0000000 0.0000000 0.0000000 0.0000000 0.0000000 0.0000000 0.0000000 0.0000000 0.0000000 0.0000000 0.0000000 0.0000000 0.0000000 0.0000000 0.0000000 0.0000000 0.0000000 0.0000000 0.0000000 0.0000000 0.0000000 0.0000000 0.0000000 0.0000000 0.0000000 0.0000000 0.0000000 0.0000000 0.0000000 0.0000000 0.0000000 0.0000000 0.0000000 0.0000000 0.0000000 0.0000000 0.0000000 0.0000000 0.0000000 0.0000000 0.0000000 0.0000000 0.0000000 0.0000000 0.0000000
NP_CT10n31                         0.0000000 0.0000000 0.0000000 0.0000000 0.0000000 0.0000000 0.0000000 0.0000000 0.0000000 0.0000000 0.0000000 0.0000000 0.0000000 0.0000000 0.0000000 0.0000000 0.0000000 0.0000000 0.0000000 0.0000000 0.0000000 0.0000000 0.0000000 0.0000000 0.0000000 0.0000000 0.0000000 0.0000000 0.0000000 0.0000000 0.0000000 0.0000000 0.0000000 0.0000000 0.0000000  1.0000000 0.0000000 0.0000000 0.0000000 0.0000000 0.0000000 0.0000000 0.0000000 0.0000000 0.0000000 0.0000000 0.0000000 0.0000000 0.0000000 0.0000000 0.0000000 0.0000000 0.0000000 0.0000000 0.0000000 0.0000000 0.0000000 0.0000000 0.0000000 0.0000000 0.0000000 0.0000000 0.0000000 0.0000000 0.0000000 0.0000000 0.0000000 0.0000000 0.0000000 0.0000000 0.0000000 0.0000000 0.0000000 0.0000000 0.0000000 0.0000000 0.0000000 0.0000000 0.0000000 0.0000000 0.0000000 0.0000000 0.0000000 0.0000000 0.0000000 0.0000000 0.0000000 0.0000000 0.0000000 0.0000000 0.0000000 0.0000000 0.0000000 0.0000000 0.0000000 0.0000000 0.0000000 0.0000000 0.0000000 0.0000000 0.0000000 0.0000000 0.0000000 0.0000000 0.0000000 0.0000000 0.0000000 0.0000000 0.0000000 0.0000000 0.0000000 0.0000000 0.0000000 0.0000000 0.0000000 0.0000000 0.0000000 0.0000000 0.0000000 0.0000000
NP_CT10n32                         0.0000000 0.0000000 0.0000000 0.0000000 0.0000000 0.0000000 0.0000000 0.0000000 0.0000000 0.0000000 0.0000000 0.0000000 0.0000000 0.0000000 0.0000000 0.0000000 0.0000000 0.0000000 0.0000000 0.0000000 0.0000000 0.0000000 0.0000000 0.0000000 0.0000000 0.0000000 0.0000000 0.0000000 0.0000000 0.0000000 0.0000000 0.0000000 0.0000000 0.0000000 0.0000000 0.0000000  1.0000000 0.0000000 0.0000000 0.0000000 0.0000000 0.0000000 0.0000000 0.0000000 0.0000000 0.0000000 0.0000000 0.0000000 0.0000000 0.0000000 0.0000000 0.0000000 0.0000000 0.0000000 0.0000000 0.0000000 0.0000000 0.0000000 0.0000000 0.0000000 0.0000000 0.0000000 0.0000000 0.0000000 0.0000000 0.0000000 0.0000000 0.0000000 0.0000000 0.0000000 0.0000000 0.0000000 0.0000000 0.0000000 0.0000000 0.0000000 0.0000000 0.0000000 0.0000000 0.0000000 0.0000000 0.0000000 0.0000000 0.0000000 0.0000000 0.0000000 0.0000000 0.0000000 0.0000000 0.0000000 0.0000000 0.0000000 0.0000000 0.0000000 0.0000000 0.0000000 0.0000000 0.0000000 0.0000000 0.0000000 0.0000000 0.0000000 0.0000000 0.0000000 0.0000000 0.0000000 0.0000000 0.0000000 0.0000000 0.0000000 0.0000000 0.0000000 0.0000000 0.0000000 0.0000000 0.0000000 0.0000000 0.0000000 0.0000000 0.0000000
NP_CT10n33                         0.0000000 0.0000000 0.0000000 0.0000000 0.0000000 0.0000000 0.0000000 0.0000000 0.0000000 0.0000000 0.0000000 0.0000000 0.0000000 0.0000000 0.0000000 0.0000000 0.0000000 0.0000000 0.0000000 0.0000000 0.0000000 0.0000000 0.0000000 0.0000000 0.0000000 0.0000000 0.0000000 0.0000000 0.0000000 0.0000000 0.0000000 0.0000000 0.0000000 0.0000000 0.0000000 0.0000000 0.0000000  1.0000000 0.0000000 0.0000000 0.0000000 0.0000000 0.0000000 0.0000000 0.0000000 0.0000000 0.0000000 0.0000000 0.0000000 0.0000000 0.0000000 0.0000000 0.0000000 0.0000000 0.0000000 0.0000000 0.0000000 0.0000000 0.0000000 0.0000000 0.0000000 0.0000000 0.0000000 0.0000000 0.0000000 0.0000000 0.0000000 0.0000000 0.0000000 0.0000000 0.0000000 0.0000000 0.0000000 0.0000000 0.0000000 0.0000000 0.0000000 0.0000000 0.0000000 0.0000000 0.0000000 0.0000000 0.0000000 0.0000000 0.0000000 0.0000000 0.0000000 0.0000000 0.0000000 0.0000000 0.0000000 0.0000000 0.0000000 0.0000000 0.0000000 0.0000000 0.0000000 0.0000000 0.0000000 0.0000000 0.0000000 0.0000000 0.0000000 0.0000000 0.0000000 0.0000000 0.0000000 0.0000000 0.0000000 0.0000000 0.0000000 0.0000000 0.0000000 0.0000000 0.0000000 0.0000000 0.0000000 0.0000000 0.0000000 0.0000000
NP_CT10n34                         0.0000000 0.0000000 0.0000000 0.0000000 0.0000000 0.0000000 0.0000000 0.0000000 0.0000000 0.0000000 0.0000000 0.0000000 0.0000000 0.0000000 0.0000000 0.0000000 0.0000000 0.0000000 0.0000000 0.0000000 0.0000000 0.0000000 0.0000000 0.0000000 0.0000000 0.0000000 0.0000000 0.0000000 0.0000000 0.0000000 0.0000000 0.0000000 0.0000000 0.0000000 0.0000000 0.0000000 0.0000000 0.0000000  1.0000000 0.0000000 0.0000000 0.0000000 0.0000000 0.0000000 0.0000000 0.0000000 0.0000000 0.0000000 0.0000000 0.0000000 0.0000000 0.0000000 0.0000000 0.0000000 0.0000000 0.0000000 0.0000000 0.0000000 0.0000000 0.0000000 0.0000000 0.0000000 0.0000000 0.0000000 0.0000000 0.0000000 0.0000000 0.0000000 0.0000000 0.0000000 0.0000000 0.0000000 0.0000000 0.0000000 0.0000000 0.0000000 0.0000000 0.0000000 0.0000000 0.0000000 0.0000000 0.0000000 0.0000000 0.0000000 0.0000000 0.0000000 0.0000000 0.0000000 0.0000000 0.0000000 0.0000000 0.0000000 0.0000000 0.0000000 0.0000000 0.0000000 0.0000000 0.0000000 0.0000000 0.0000000 0.0000000 0.0000000 0.0000000 0.0000000 0.0000000 0.0000000 0.0000000 0.0000000 0.0000000 0.0000000 0.0000000 0.0000000 0.0000000 0.0000000 0.0000000 0.0000000 0.0000000 0.0000000 0.0000000 0.0000000
NP_CT10n35                         0.0000000 0.0000000 0.0000000 0.0000000 0.0000000 0.0000000 0.0000000 0.0000000 0.0000000 0.0000000 0.0000000 0.0000000 0.0000000 0.0000000 0.0000000 0.0000000 0.0000000 0.0000000 0.0000000 0.0000000 0.0000000 0.0000000 0.0000000 0.0000000 0.0000000 0.0000000 0.0000000 0.0000000 0.0000000 0.0000000 0.0000000 0.0000000 0.0000000 0.0000000 0.0000000 0.0000000 0.0000000 0.0000000 0.0000000  1.0000000 0.0000000 0.0000000 0.0000000 0.0000000 0.0000000 0.0000000 0.0000000 0.0000000 0.0000000 0.0000000 0.0000000 0.0000000 0.0000000 0.0000000 0.0000000 0.0000000 0.0000000 0.0000000 0.0000000 0.0000000 0.0000000 0.0000000 0.0000000 0.0000000 0.0000000 0.0000000 0.0000000 0.0000000 0.0000000 0.0000000 0.0000000 0.0000000 0.0000000 0.0000000 0.0000000 0.0000000 0.0000000 0.0000000 0.0000000 0.0000000 0.0000000 0.0000000 0.0000000 0.0000000 0.0000000 0.0000000 0.0000000 0.0000000 0.0000000 0.0000000 0.0000000 0.0000000 0.0000000 0.0000000 0.0000000 0.0000000 0.0000000 0.0000000 0.0000000 0.0000000 0.0000000 0.0000000 0.0000000 0.0000000 0.0000000 0.0000000 0.0000000 0.0000000 0.0000000 0.0000000 0.0000000 0.0000000 0.0000000 0.0000000 0.0000000 0.0000000 0.0000000 0.0000000 0.0000000 0.0000000
NP_CT10n36                         0.0000000 0.0000000 0.0000000 0.0000000 0.0000000 0.0000000 0.0000000 0.0000000 0.0000000 0.0000000 0.0000000 0.0000000 0.0000000 0.0000000 0.0000000 0.0000000 0.0000000 0.0000000 0.0000000 0.0000000 0.0000000 0.0000000 0.0000000 0.0000000 0.0000000 0.0000000 0.0000000 0.0000000 0.0000000 0.0000000 0.0000000 0.0000000 0.0000000 0.0000000 0.0000000 0.0000000 0.0000000 0.0000000 0.0000000 0.0000000  1.0000000 0.0000000 0.0000000 0.0000000 0.0000000 0.0000000 0.0000000 0.0000000 0.0000000 0.0000000 0.0000000 0.0000000 0.0000000 0.0000000 0.0000000 0.0000000 0.0000000 0.0000000 0.0000000 0.0000000 0.0000000 0.0000000 0.0000000 0.0000000 0.0000000 0.0000000 0.0000000 0.0000000 0.0000000 0.0000000 0.0000000 0.0000000 0.0000000 0.0000000 0.0000000 0.0000000 0.0000000 0.0000000 0.0000000 0.0000000 0.0000000 0.0000000 0.0000000 0.0000000 0.0000000 0.0000000 0.0000000 0.0000000 0.0000000 0.0000000 0.0000000 0.0000000 0.0000000 0.0000000 0.0000000 0.0000000 0.0000000 0.0000000 0.0000000 0.0000000 0.0000000 0.0000000 0.0000000 0.0000000 0.0000000 0.0000000 0.0000000 0.0000000 0.0000000 0.0000000 0.0000000 0.0000000 0.0000000 0.0000000 0.0000000 0.0000000 0.0000000 0.0000000 0.0000000 0.0000000
NP_CT10n37                         0.0000000 0.0000000 0.0000000 0.0000000 0.0000000 0.0000000 0.0000000 0.0000000 0.0000000 0.0000000 0.0000000 0.0000000 0.0000000 0.0000000 0.0000000 0.0000000 0.0000000 0.0000000 0.0000000 0.0000000 0.0000000 0.0000000 0.0000000 0.0000000 0.0000000 0.0000000 0.0000000 0.0000000 0.0000000 0.0000000 0.0000000 0.0000000 0.0000000 0.0000000 0.0000000 0.0000000 0.0000000 0.0000000 0.0000000 0.0000000 0.0000000  1.0000000 0.0000000 0.0000000 0.0000000 0.0000000 0.0000000 0.0000000 0.0000000 0.0000000 0.0000000 0.0000000 0.0000000 0.0000000 0.0000000 0.0000000 0.0000000 0.0000000 0.0000000 0.0000000 0.0000000 0.0000000 0.0000000 0.0000000 0.0000000 0.0000000 0.0000000 0.0000000 0.0000000 0.0000000 0.0000000 0.0000000 0.0000000 0.0000000 0.0000000 0.0000000 0.0000000 0.0000000 0.0000000 0.0000000 0.0000000 0.0000000 0.0000000 0.0000000 0.0000000 0.0000000 0.0000000 0.0000000 0.0000000 0.0000000 0.0000000 0.0000000 0.0000000 0.0000000 0.0000000 0.0000000 0.0000000 0.0000000 0.0000000 0.0000000 0.0000000 0.0000000 0.0000000 0.0000000 0.0000000 0.0000000 0.0000000 0.0000000 0.0000000 0.0000000 0.0000000 0.0000000 0.0000000 0.0000000 0.0000000 0.0000000 0.0000000 0.0000000 0.0000000 0.0000000
NP_CT10n38                         0.0000000 0.0000000 0.0000000 0.0000000 0.0000000 0.0000000 0.0000000 0.0000000 0.0000000 0.0000000 0.0000000 0.0000000 0.0000000 0.0000000 0.0000000 0.0000000 0.0000000 0.0000000 0.0000000 0.0000000 0.0000000 0.0000000 0.0000000 0.0000000 0.0000000 0.0000000 0.0000000 0.0000000 0.0000000 0.0000000 0.0000000 0.0000000 0.0000000 0.0000000 0.0000000 0.0000000 0.0000000 0.0000000 0.0000000 0.0000000 0.0000000 0.0000000  1.0000000 0.0000000 0.0000000 0.0000000 0.0000000 0.0000000 0.0000000 0.0000000 0.0000000 0.0000000 0.0000000 0.0000000 0.0000000 0.0000000 0.0000000 0.0000000 0.0000000 0.0000000 0.0000000 0.0000000 0.0000000 0.0000000 0.0000000 0.0000000 0.0000000 0.0000000 0.0000000 0.0000000 0.0000000 0.0000000 0.0000000 0.0000000 0.0000000 0.0000000 0.0000000 0.0000000 0.0000000 0.0000000 0.0000000 0.0000000 0.0000000 0.0000000 0.0000000 0.0000000 0.0000000 0.0000000 0.0000000 0.0000000 0.0000000 0.0000000 0.0000000 0.0000000 0.0000000 0.0000000 0.0000000 0.0000000 0.0000000 0.0000000 0.0000000 0.0000000 0.0000000 0.0000000 0.0000000 0.0000000 0.0000000 0.0000000 0.0000000 0.0000000 0.0000000 0.0000000 0.0000000 0.0000000 0.0000000 0.0000000 0.0000000 0.0000000 0.0000000 0.0000000
NP_CT10n39                         0.0000000 0.0000000 0.0000000 0.0000000 0.0000000 0.0000000 0.0000000 0.0000000 0.0000000 0.0000000 0.0000000 0.0000000 0.0000000 0.0000000 0.0000000 0.0000000 0.0000000 0.0000000 0.0000000 0.0000000 0.0000000 0.0000000 0.0000000 0.0000000 0.0000000 0.0000000 0.0000000 0.0000000 0.0000000 0.0000000 0.0000000 0.0000000 0.0000000 0.0000000 0.0000000 0.0000000 0.0000000 0.0000000 0.0000000 0.0000000 0.0000000 0.0000000 0.0000000  1.0000000 0.0000000 0.0000000 0.0000000 0.0000000 0.0000000 0.0000000 0.0000000 0.0000000 0.0000000 0.0000000 0.0000000 0.0000000 0.0000000 0.0000000 0.0000000 0.0000000 0.0000000 0.0000000 0.0000000 0.0000000 0.0000000 0.0000000 0.0000000 0.0000000 0.0000000 0.0000000 0.0000000 0.0000000 0.0000000 0.0000000 0.0000000 0.0000000 0.0000000 0.0000000 0.0000000 0.0000000 0.0000000 0.0000000 0.0000000 0.0000000 0.0000000 0.0000000 0.0000000 0.0000000 0.0000000 0.0000000 0.0000000 0.0000000 0.0000000 0.0000000 0.0000000 0.0000000 0.0000000 0.0000000 0.0000000 0.0000000 0.0000000 0.0000000 0.0000000 0.0000000 0.0000000 0.0000000 0.0000000 0.0000000 0.0000000 0.0000000 0.0000000 0.0000000 0.0000000 0.0000000 0.0000000 0.0000000 0.0000000 0.0000000 0.0000000 0.0000000
NP_CT10n4                          0.0000000 0.0000000 0.0000000 0.0000000 0.0000000 0.0000000 0.0000000 0.0000000 0.0000000 0.0000000 0.0000000 0.0000000 0.0000000 0.0000000 0.0000000 0.0000000 0.0000000 0.0000000 0.0000000 0.0000000 0.0000000 0.0000000 0.0000000 0.0000000 0.0000000 0.0000000 0.0000000 0.0000000 0.0000000 0.0000000 0.0000000 0.0000000 0.0000000 0.0000000 0.0000000 0.0000000 0.0000000 0.0000000 0.0000000 0.0000000 0.0000000 0.0000000 0.0000000 0.0000000  1.0000000 0.0000000 0.0000000 0.0000000 0.0000000 0.0000000 0.0000000 0.0000000 0.0000000 0.0000000 0.0000000 0.0000000 0.0000000 0.0000000 0.0000000 0.0000000 0.0000000 0.0000000 0.0000000 0.0000000 0.0000000 0.0000000 0.0000000 0.0000000 0.0000000 0.0000000 0.0000000 0.0000000 0.0000000 0.0000000 0.0000000 0.0000000 0.0000000 0.0000000 0.0000000 0.0000000 0.0000000 0.0000000 0.0000000 0.0000000 0.0000000 0.0000000 0.0000000 0.0000000 0.0000000 0.0000000 0.0000000 0.0000000 0.0000000 0.0000000 0.0000000 0.0000000 0.0000000 0.0000000 0.0000000 0.0000000 0.0000000 0.0000000 0.0000000 0.0000000 0.0000000 0.0000000 0.0000000 0.0000000 0.0000000 0.0000000 0.0000000 0.0000000 0.0000000 0.0000000 0.0000000 0.0000000 0.0000000 0.0000000 0.0000000 0.0000000
NP_CT10n40                         0.0000000 0.0000000 0.0000000 0.0000000 0.0000000 0.0000000 0.0000000 0.0000000 0.0000000 0.0000000 0.0000000 0.0000000 0.0000000 0.0000000 0.0000000 0.0000000 0.0000000 0.0000000 0.0000000 0.0000000 0.0000000 0.0000000 0.0000000 0.0000000 0.0000000 0.0000000 0.0000000 0.0000000 0.0000000 0.0000000 0.0000000 0.0000000 0.0000000 0.0000000 0.0000000 0.0000000 0.0000000 0.0000000 0.0000000 0.0000000 0.0000000 0.0000000 0.0000000 0.0000000 0.0000000  1.0000000 0.0000000 0.0000000 0.0000000 0.0000000 0.0000000 0.0000000 0.0000000 0.0000000 0.0000000 0.0000000 0.0000000 0.0000000 0.0000000 0.0000000 0.0000000 0.0000000 0.0000000 0.0000000 0.0000000 0.0000000 0.0000000 0.0000000 0.0000000 0.0000000 0.0000000 0.0000000 0.0000000 0.0000000 0.0000000 0.0000000 0.0000000 0.0000000 0.0000000 0.0000000 0.0000000 0.0000000 0.0000000 0.0000000 0.0000000 0.0000000 0.0000000 0.0000000 0.0000000 0.0000000 0.0000000 0.0000000 0.0000000 0.0000000 0.0000000 0.0000000 0.0000000 0.0000000 0.0000000 0.0000000 0.0000000 0.0000000 0.0000000 0.0000000 0.0000000 0.0000000 0.0000000 0.0000000 0.0000000 0.0000000 0.0000000 0.0000000 0.0000000 0.0000000 0.0000000 0.0000000 0.0000000 0.0000000 0.0000000 0.0000000
NP_CT10n41                         0.0000000 0.0000000 0.0000000 0.0000000 0.0000000 0.0000000 0.0000000 0.0000000 0.0000000 0.0000000 0.0000000 0.0000000 0.0000000 0.0000000 0.0000000 0.0000000 0.0000000 0.0000000 0.0000000 0.0000000 0.0000000 0.0000000 0.0000000 0.0000000 0.0000000 0.0000000 0.0000000 0.0000000 0.0000000 0.0000000 0.0000000 0.0000000 0.0000000 0.0000000 0.0000000 0.0000000 0.0000000 0.0000000 0.0000000 0.0000000 0.0000000 0.0000000 0.0000000 0.0000000 0.0000000 0.0000000  1.0000000 0.0000000 0.0000000 0.0000000 0.0000000 0.0000000 0.0000000 0.0000000 0.0000000 0.0000000 0.0000000 0.0000000 0.0000000 0.0000000 0.0000000 0.0000000 0.0000000 0.0000000 0.0000000 0.0000000 0.0000000 0.0000000 0.0000000 0.0000000 0.0000000 0.0000000 0.0000000 0.0000000 0.0000000 0.0000000 0.0000000 0.0000000 0.0000000 0.0000000 0.0000000 0.0000000 0.0000000 0.0000000 0.0000000 0.0000000 0.0000000 0.0000000 0.0000000 0.0000000 0.0000000 0.0000000 0.0000000 0.0000000 0.0000000 0.0000000 0.0000000 0.0000000 0.0000000 0.0000000 0.0000000 0.0000000 0.0000000 0.0000000 0.0000000 0.0000000 0.0000000 0.0000000 0.0000000 0.0000000 0.0000000 0.0000000 0.0000000 0.0000000 0.0000000 0.0000000 0.0000000 0.0000000 0.0000000 0.0000000
NP_CT10n42                         0.0000000 0.0000000 0.0000000 0.0000000 0.0000000 0.0000000 0.0000000 0.0000000 0.0000000 0.0000000 0.0000000 0.0000000 0.0000000 0.0000000 0.0000000 0.0000000 0.0000000 0.0000000 0.0000000 0.0000000 0.0000000 0.0000000 0.0000000 0.0000000 0.0000000 0.0000000 0.0000000 0.0000000 0.0000000 0.0000000 0.0000000 0.0000000 0.0000000 0.0000000 0.0000000 0.0000000 0.0000000 0.0000000 0.0000000 0.0000000 0.0000000 0.0000000 0.0000000 0.0000000 0.0000000 0.0000000 0.0000000  1.0000000 0.0000000 0.0000000 0.0000000 0.0000000 0.0000000 0.0000000 0.0000000 0.0000000 0.0000000 0.0000000 0.0000000 0.0000000 0.0000000 0.0000000 0.0000000 0.0000000 0.0000000 0.0000000 0.0000000 0.0000000 0.0000000 0.0000000 0.0000000 0.0000000 0.0000000 0.0000000 0.0000000 0.0000000 0.0000000 0.0000000 0.0000000 0.0000000 0.0000000 0.0000000 0.0000000 0.0000000 0.0000000 0.0000000 0.0000000 0.0000000 0.0000000 0.0000000 0.0000000 0.0000000 0.0000000 0.0000000 0.0000000 0.0000000 0.0000000 0.0000000 0.0000000 0.0000000 0.0000000 0.0000000 0.0000000 0.0000000 0.0000000 0.0000000 0.0000000 0.0000000 0.0000000 0.0000000 0.0000000 0.0000000 0.0000000 0.0000000 0.0000000 0.0000000 0.0000000 0.0000000 0.0000000 0.0000000
NP_CT10n43                         0.0000000 0.0000000 0.0000000 0.0000000 0.0000000 0.0000000 0.0000000 0.0000000 0.0000000 0.0000000 0.0000000 0.0000000 0.0000000 0.0000000 0.0000000 0.0000000 0.0000000 0.0000000 0.0000000 0.0000000 0.0000000 0.0000000 0.0000000 0.0000000 0.0000000 0.0000000 0.0000000 0.0000000 0.0000000 0.0000000 0.0000000 0.0000000 0.0000000 0.0000000 0.0000000 0.0000000 0.0000000 0.0000000 0.0000000 0.0000000 0.0000000 0.0000000 0.0000000 0.0000000 0.0000000 0.0000000 0.0000000 0.0000000  1.0000000 0.0000000 0.0000000 0.0000000 0.0000000 0.0000000 0.0000000 0.0000000 0.0000000 0.0000000 0.0000000 0.0000000 0.0000000 0.0000000 0.0000000 0.0000000 0.0000000 0.0000000 0.0000000 0.0000000 0.0000000 0.0000000 0.0000000 0.0000000 0.0000000 0.0000000 0.0000000 0.0000000 0.0000000 0.0000000 0.0000000 0.0000000 0.0000000 0.0000000 0.0000000 0.0000000 0.0000000 0.0000000 0.0000000 0.0000000 0.0000000 0.0000000 0.0000000 0.0000000 0.0000000 0.0000000 0.0000000 0.0000000 0.0000000 0.0000000 0.0000000 0.0000000 0.0000000 0.0000000 0.0000000 0.0000000 0.0000000 0.0000000 0.0000000 0.0000000 0.0000000 0.0000000 0.0000000 0.0000000 0.0000000 0.0000000 0.0000000 0.0000000 0.0000000 0.0000000 0.0000000 0.0000000
NP_CT10n44                         0.0000000 0.0000000 0.0000000 0.0000000 0.0000000 0.0000000 0.0000000 0.0000000 0.0000000 0.0000000 0.0000000 0.0000000 0.0000000 0.0000000 0.0000000 0.0000000 0.0000000 0.0000000 0.0000000 0.0000000 0.0000000 0.0000000 0.0000000 0.0000000 0.0000000 0.0000000 0.0000000 0.0000000 0.0000000 0.0000000 0.0000000 0.0000000 0.0000000 0.0000000 0.0000000 0.0000000 0.0000000 0.0000000 0.0000000 0.0000000 0.0000000 0.0000000 0.0000000 0.0000000 0.0000000 0.0000000 0.0000000 0.0000000 0.0000000  1.0000000 0.0000000 0.0000000 0.0000000 0.0000000 0.0000000 0.0000000 0.0000000 0.0000000 0.0000000 0.0000000 0.0000000 0.0000000 0.0000000 0.0000000 0.0000000 0.0000000 0.0000000 0.0000000 0.0000000 0.0000000 0.0000000 0.0000000 0.0000000 0.0000000 0.0000000 0.0000000 0.0000000 0.0000000 0.0000000 0.0000000 0.0000000 0.0000000 0.0000000 0.0000000 0.0000000 0.0000000 0.0000000 0.0000000 0.0000000 0.0000000 0.0000000 0.0000000 0.0000000 0.0000000 0.0000000 0.0000000 0.0000000 0.0000000 0.0000000 0.0000000 0.0000000 0.0000000 0.0000000 0.0000000 0.0000000 0.0000000 0.0000000 0.0000000 0.0000000 0.0000000 0.0000000 0.0000000 0.0000000 0.0000000 0.0000000 0.0000000 0.0000000 0.0000000 0.0000000 0.0000000
NP_CT10n45                         0.0000000 0.0000000 0.0000000 0.0000000 0.0000000 0.0000000 0.0000000 0.0000000 0.0000000 0.0000000 0.0000000 0.0000000 0.0000000 0.0000000 0.0000000 0.0000000 0.0000000 0.0000000 0.0000000 0.0000000 0.0000000 0.0000000 0.0000000 0.0000000 0.0000000 0.0000000 0.0000000 0.0000000 0.0000000 0.0000000 0.0000000 0.0000000 0.0000000 0.0000000 0.0000000 0.0000000 0.0000000 0.0000000 0.0000000 0.0000000 0.0000000 0.0000000 0.0000000 0.0000000 0.0000000 0.0000000 0.0000000 0.0000000 0.0000000 0.0000000  1.0000000 0.0000000 0.0000000 0.0000000 0.0000000 0.0000000 0.0000000 0.0000000 0.0000000 0.0000000 0.0000000 0.0000000 0.0000000 0.0000000 0.0000000 0.0000000 0.0000000 0.0000000 0.0000000 0.0000000 0.0000000 0.0000000 0.0000000 0.0000000 0.0000000 0.0000000 0.0000000 0.0000000 0.0000000 0.0000000 0.0000000 0.0000000 0.0000000 0.0000000 0.0000000 0.0000000 0.0000000 0.0000000 0.0000000 0.0000000 0.0000000 0.0000000 0.0000000 0.0000000 0.0000000 0.0000000 0.0000000 0.0000000 0.0000000 0.0000000 0.0000000 0.0000000 0.0000000 0.0000000 0.0000000 0.0000000 0.0000000 0.0000000 0.0000000 0.0000000 0.0000000 0.0000000 0.0000000 0.0000000 0.0000000 0.0000000 0.0000000 0.0000000 0.0000000 0.0000000
NP_CT10n46                         0.0000000 0.0000000 0.0000000 0.0000000 0.0000000 0.0000000 0.0000000 0.0000000 0.0000000 0.0000000 0.0000000 0.0000000 0.0000000 0.0000000 0.0000000 0.0000000 0.0000000 0.0000000 0.0000000 0.0000000 0.0000000 0.0000000 0.0000000 0.0000000 0.0000000 0.0000000 0.0000000 0.0000000 0.0000000 0.0000000 0.0000000 0.0000000 0.0000000 0.0000000 0.0000000 0.0000000 0.0000000 0.0000000 0.0000000 0.0000000 0.0000000 0.0000000 0.0000000 0.0000000 0.0000000 0.0000000 0.0000000 0.0000000 0.0000000 0.0000000 0.0000000  1.0000000 0.0000000 0.0000000 0.0000000 0.0000000 0.0000000 0.0000000 0.0000000 0.0000000 0.0000000 0.0000000 0.0000000 0.0000000 0.0000000 0.0000000 0.0000000 0.0000000 0.0000000 0.0000000 0.0000000 0.0000000 0.0000000 0.0000000 0.0000000 0.0000000 0.0000000 0.0000000 0.0000000 0.0000000 0.0000000 0.0000000 0.0000000 0.0000000 0.0000000 0.0000000 0.0000000 0.0000000 0.0000000 0.0000000 0.0000000 0.0000000 0.0000000 0.0000000 0.0000000 0.0000000 0.0000000 0.0000000 0.0000000 0.0000000 0.0000000 0.0000000 0.0000000 0.0000000 0.0000000 0.0000000 0.0000000 0.0000000 0.0000000 0.0000000 0.0000000 0.0000000 0.0000000 0.0000000 0.0000000 0.0000000 0.0000000 0.0000000 0.0000000 0.0000000
NP_CT10n47                         0.0000000 0.0000000 0.0000000 0.0000000 0.0000000 0.0000000 0.0000000 0.0000000 0.0000000 0.0000000 0.0000000 0.0000000 0.0000000 0.0000000 0.0000000 0.0000000 0.0000000 0.0000000 0.0000000 0.0000000 0.0000000 0.0000000 0.0000000 0.0000000 0.0000000 0.0000000 0.0000000 0.0000000 0.0000000 0.0000000 0.0000000 0.0000000 0.0000000 0.0000000 0.0000000 0.0000000 0.0000000 0.0000000 0.0000000 0.0000000 0.0000000 0.0000000 0.0000000 0.0000000 0.0000000 0.0000000 0.0000000 0.0000000 0.0000000 0.0000000 0.0000000 0.0000000  1.0000000 0.0000000 0.0000000 0.0000000 0.0000000 0.0000000 0.0000000 0.0000000 0.0000000 0.0000000 0.0000000 0.0000000 0.0000000 0.0000000 0.0000000 0.0000000 0.0000000 0.0000000 0.0000000 0.0000000 0.0000000 0.0000000 0.0000000 0.0000000 0.0000000 0.0000000 0.0000000 0.0000000 0.0000000 0.0000000 0.0000000 0.0000000 0.0000000 0.0000000 0.0000000 0.0000000 0.0000000 0.0000000 0.0000000 0.0000000 0.0000000 0.0000000 0.0000000 0.0000000 0.0000000 0.0000000 0.0000000 0.0000000 0.0000000 0.0000000 0.0000000 0.0000000 0.0000000 0.0000000 0.0000000 0.0000000 0.0000000 0.0000000 0.0000000 0.0000000 0.0000000 0.0000000 0.0000000 0.0000000 0.0000000 0.0000000 0.0000000 0.0000000
NP_CT10n48                         0.0000000 0.0000000 0.0000000 0.0000000 0.0000000 0.0000000 0.0000000 0.0000000 0.0000000 0.0000000 0.0000000 0.0000000 0.0000000 0.0000000 0.0000000 0.0000000 0.0000000 0.0000000 0.0000000 0.0000000 0.0000000 0.0000000 0.0000000 0.0000000 0.0000000 0.0000000 0.0000000 0.0000000 0.0000000 0.0000000 0.0000000 0.0000000 0.0000000 0.0000000 0.0000000 0.0000000 0.0000000 0.0000000 0.0000000 0.0000000 0.0000000 0.0000000 0.0000000 0.0000000 0.0000000 0.0000000 0.0000000 0.0000000 0.0000000 0.0000000 0.0000000 0.0000000 0.0000000  1.0000000 0.0000000 0.0000000 0.0000000 0.0000000 0.0000000 0.0000000 0.0000000 0.0000000 0.0000000 0.0000000 0.0000000 0.0000000 0.0000000 0.0000000 0.0000000 0.0000000 0.0000000 0.0000000 0.0000000 0.0000000 0.0000000 0.0000000 0.0000000 0.0000000 0.0000000 0.0000000 0.0000000 0.0000000 0.0000000 0.0000000 0.0000000 0.0000000 0.0000000 0.0000000 0.0000000 0.0000000 0.0000000 0.0000000 0.0000000 0.0000000 0.0000000 0.0000000 0.0000000 0.0000000 0.0000000 0.0000000 0.0000000 0.0000000 0.0000000 0.0000000 0.0000000 0.0000000 0.0000000 0.0000000 0.0000000 0.0000000 0.0000000 0.0000000 0.0000000 0.0000000 0.0000000 0.0000000 0.0000000 0.0000000 0.0000000 0.0000000
NP_CT10n49                         0.0000000 0.0000000 0.0000000 0.0000000 0.0000000 0.0000000 0.0000000 0.0000000 0.0000000 0.0000000 0.0000000 0.0000000 0.0000000 0.0000000 0.0000000 0.0000000 0.0000000 0.0000000 0.0000000 0.0000000 0.0000000 0.0000000 0.0000000 0.0000000 0.0000000 0.0000000 0.0000000 0.0000000 0.0000000 0.0000000 0.0000000 0.0000000 0.0000000 0.0000000 0.0000000 0.0000000 0.0000000 0.0000000 0.0000000 0.0000000 0.0000000 0.0000000 0.0000000 0.0000000 0.0000000 0.0000000 0.0000000 0.0000000 0.0000000 0.0000000 0.0000000 0.0000000 0.0000000 0.0000000  1.0000000 0.0000000 0.0000000 0.0000000 0.0000000 0.0000000 0.0000000 0.0000000 0.0000000 0.0000000 0.0000000 0.0000000 0.0000000 0.0000000 0.0000000 0.0000000 0.0000000 0.0000000 0.0000000 0.0000000 0.0000000 0.0000000 0.0000000 0.0000000 0.0000000 0.0000000 0.0000000 0.0000000 0.0000000 0.0000000 0.0000000 0.0000000 0.0000000 0.0000000 0.0000000 0.0000000 0.0000000 0.0000000 0.0000000 0.0000000 0.0000000 0.0000000 0.0000000 0.0000000 0.0000000 0.0000000 0.0000000 0.0000000 0.0000000 0.0000000 0.0000000 0.0000000 0.0000000 0.0000000 0.0000000 0.0000000 0.0000000 0.0000000 0.0000000 0.0000000 0.0000000 0.0000000 0.0000000 0.0000000 0.0000000 0.0000000
NP_CT10n5                          0.0000000 0.0000000 0.0000000 0.0000000 0.0000000 0.0000000 0.0000000 0.0000000 0.0000000 0.0000000 0.0000000 0.0000000 0.0000000 0.0000000 0.0000000 0.0000000 0.0000000 0.0000000 0.0000000 0.0000000 0.0000000 0.0000000 0.0000000 0.0000000 0.0000000 0.0000000 0.0000000 0.0000000 0.0000000 0.0000000 0.0000000 0.0000000 0.0000000 0.0000000 0.0000000 0.0000000 0.0000000 0.0000000 0.0000000 0.0000000 0.0000000 0.0000000 0.0000000 0.0000000 0.0000000 0.0000000 0.0000000 0.0000000 0.0000000 0.0000000 0.0000000 0.0000000 0.0000000 0.0000000 0.0000000  1.0000000 0.0000000 0.0000000 0.0000000 0.0000000 0.0000000 0.0000000 0.0000000 0.0000000 0.0000000 0.0000000 0.0000000 0.0000000 0.0000000 0.0000000 0.0000000 0.0000000 0.0000000 0.0000000 0.0000000 0.0000000 0.0000000 0.0000000 0.0000000 0.0000000 0.0000000 0.0000000 0.0000000 0.0000000 0.0000000 0.0000000 0.0000000 0.0000000 0.0000000 0.0000000 0.0000000 0.0000000 0.0000000 0.0000000 0.0000000 0.0000000 0.0000000 0.0000000 0.0000000 0.0000000 0.0000000 0.0000000 0.0000000 0.0000000 0.0000000 0.0000000 0.0000000 0.0000000 0.0000000 0.0000000 0.0000000 0.0000000 0.0000000 0.0000000 0.0000000 0.0000000 0.0000000 0.0000000 0.0000000 0.0000000
NP_CT10n50                         0.0000000 0.0000000 0.0000000 0.0000000 0.0000000 0.0000000 0.0000000 0.0000000 0.0000000 0.0000000 0.0000000 0.0000000 0.0000000 0.0000000 0.0000000 0.0000000 0.0000000 0.0000000 0.0000000 0.0000000 0.0000000 0.0000000 0.0000000 0.0000000 0.0000000 0.0000000 0.0000000 0.0000000 0.0000000 0.0000000 0.0000000 0.0000000 0.0000000 0.0000000 0.0000000 0.0000000 0.0000000 0.0000000 0.0000000 0.0000000 0.0000000 0.0000000 0.0000000 0.0000000 0.0000000 0.0000000 0.0000000 0.0000000 0.0000000 0.0000000 0.0000000 0.0000000 0.0000000 0.0000000 0.0000000 0.0000000  1.0000000 0.0000000 0.0000000 0.0000000 0.0000000 0.0000000 0.0000000 0.0000000 0.0000000 0.0000000 0.0000000 0.0000000 0.0000000 0.0000000 0.0000000 0.0000000 0.0000000 0.0000000 0.0000000 0.0000000 0.0000000 0.0000000 0.0000000 0.0000000 0.0000000 0.0000000 0.0000000 0.0000000 0.0000000 0.0000000 0.0000000 0.0000000 0.0000000 0.0000000 0.0000000 0.0000000 0.0000000 0.0000000 0.0000000 0.0000000 0.0000000 0.0000000 0.0000000 0.0000000 0.0000000 0.0000000 0.0000000 0.0000000 0.0000000 0.0000000 0.0000000 0.0000000 0.0000000 0.0000000 0.0000000 0.0000000 0.0000000 0.0000000 0.0000000 0.0000000 0.0000000 0.0000000 0.0000000 0.0000000
NP_CT10n51                         0.0000000 0.0000000 0.0000000 0.0000000 0.0000000 0.0000000 0.0000000 0.0000000 0.0000000 0.0000000 0.0000000 0.0000000 0.0000000 0.0000000 0.0000000 0.0000000 0.0000000 0.0000000 0.0000000 0.0000000 0.0000000 0.0000000 0.0000000 0.0000000 0.0000000 0.0000000 0.0000000 0.0000000 0.0000000 0.0000000 0.0000000 0.0000000 0.0000000 0.0000000 0.0000000 0.0000000 0.0000000 0.0000000 0.0000000 0.0000000 0.0000000 0.0000000 0.0000000 0.0000000 0.0000000 0.0000000 0.0000000 0.0000000 0.0000000 0.0000000 0.0000000 0.0000000 0.0000000 0.0000000 0.0000000 0.0000000 0.0000000  1.0000000 0.0000000 0.0000000 0.0000000 0.0000000 0.0000000 0.0000000 0.0000000 0.0000000 0.0000000 0.0000000 0.0000000 0.0000000 0.0000000 0.0000000 0.0000000 0.0000000 0.0000000 0.0000000 0.0000000 0.0000000 0.0000000 0.0000000 0.0000000 0.0000000 0.0000000 0.0000000 0.0000000 0.0000000 0.0000000 0.0000000 0.0000000 0.0000000 0.0000000 0.0000000 0.0000000 0.0000000 0.0000000 0.0000000 0.0000000 0.0000000 0.0000000 0.0000000 0.0000000 0.0000000 0.0000000 0.0000000 0.0000000 0.0000000 0.0000000 0.0000000 0.0000000 0.0000000 0.0000000 0.0000000 0.0000000 0.0000000 0.0000000 0.0000000 0.0000000 0.0000000 0.0000000 0.0000000
NP_CT10n52                         0.0000000 0.0000000 0.0000000 0.0000000 0.0000000 0.0000000 0.0000000 0.0000000 0.0000000 0.0000000 0.0000000 0.0000000 0.0000000 0.0000000 0.0000000 0.0000000 0.0000000 0.0000000 0.0000000 0.0000000 0.0000000 0.0000000 0.0000000 0.0000000 0.0000000 0.0000000 0.0000000 0.0000000 0.0000000 0.0000000 0.0000000 0.0000000 0.0000000 0.0000000 0.0000000 0.0000000 0.0000000 0.0000000 0.0000000 0.0000000 0.0000000 0.0000000 0.0000000 0.0000000 0.0000000 0.0000000 0.0000000 0.0000000 0.0000000 0.0000000 0.0000000 0.0000000 0.0000000 0.0000000 0.0000000 0.0000000 0.0000000 0.0000000  1.0000000 0.0000000 0.0000000 0.0000000 0.0000000 0.0000000 0.0000000 0.0000000 0.0000000 0.0000000 0.0000000 0.0000000 0.0000000 0.0000000 0.0000000 0.0000000 0.0000000 0.0000000 0.0000000 0.0000000 0.0000000 0.0000000 0.0000000 0.0000000 0.0000000 0.0000000 0.0000000 0.0000000 0.0000000 0.0000000 0.0000000 0.0000000 0.0000000 0.0000000 0.0000000 0.0000000 0.0000000 0.0000000 0.0000000 0.0000000 0.0000000 0.0000000 0.0000000 0.0000000 0.0000000 0.0000000 0.0000000 0.0000000 0.0000000 0.0000000 0.0000000 0.0000000 0.0000000 0.0000000 0.0000000 0.0000000 0.0000000 0.0000000 0.0000000 0.0000000 0.0000000 0.0000000
NP_CT10n6                          0.0000000 0.0000000 0.0000000 0.0000000 0.0000000 0.0000000 0.0000000 0.0000000 0.0000000 0.0000000 0.0000000 0.0000000 0.0000000 0.0000000 0.0000000 0.0000000 0.0000000 0.0000000 0.0000000 0.0000000 0.0000000 0.0000000 0.0000000 0.0000000 0.0000000 0.0000000 0.0000000 0.0000000 0.0000000 0.0000000 0.0000000 0.0000000 0.0000000 0.0000000 0.0000000 0.0000000 0.0000000 0.0000000 0.0000000 0.0000000 0.0000000 0.0000000 0.0000000 0.0000000 0.0000000 0.0000000 0.0000000 0.0000000 0.0000000 0.0000000 0.0000000 0.0000000 0.0000000 0.0000000 0.0000000 0.0000000 0.0000000 0.0000000 0.0000000  1.0000000 0.0000000 0.0000000 0.0000000 0.0000000 0.0000000 0.0000000 0.0000000 0.0000000 0.0000000 0.0000000 0.0000000 0.0000000 0.0000000 0.0000000 0.0000000 0.0000000 0.0000000 0.0000000 0.0000000 0.0000000 0.0000000 0.0000000 0.0000000 0.0000000 0.0000000 0.0000000 0.0000000 0.0000000 0.0000000 0.0000000 0.0000000 0.0000000 0.0000000 0.0000000 0.0000000 0.0000000 0.0000000 0.0000000 0.0000000 0.0000000 0.0000000 0.0000000 0.0000000 0.0000000 0.0000000 0.0000000 0.0000000 0.0000000 0.0000000 0.0000000 0.0000000 0.0000000 0.0000000 0.0000000 0.0000000 0.0000000 0.0000000 0.0000000 0.0000000 0.0000000
NP_CT10n7                          0.0000000 0.0000000 0.0000000 0.0000000 0.0000000 0.0000000 0.0000000 0.0000000 0.0000000 0.0000000 0.0000000 0.0000000 0.0000000 0.0000000 0.0000000 0.0000000 0.0000000 0.0000000 0.0000000 0.0000000 0.0000000 0.0000000 0.0000000 0.0000000 0.0000000 0.0000000 0.0000000 0.0000000 0.0000000 0.0000000 0.0000000 0.0000000 0.0000000 0.0000000 0.0000000 0.0000000 0.0000000 0.0000000 0.0000000 0.0000000 0.0000000 0.0000000 0.0000000 0.0000000 0.0000000 0.0000000 0.0000000 0.0000000 0.0000000 0.0000000 0.0000000 0.0000000 0.0000000 0.0000000 0.0000000 0.0000000 0.0000000 0.0000000 0.0000000 0.0000000  1.0000000 0.0000000 0.0000000 0.0000000 0.0000000 0.0000000 0.0000000 0.0000000 0.0000000 0.0000000 0.0000000 0.0000000 0.0000000 0.0000000 0.0000000 0.0000000 0.0000000 0.0000000 0.0000000 0.0000000 0.0000000 0.0000000 0.0000000 0.0000000 0.0000000 0.0000000 0.0000000 0.0000000 0.0000000 0.0000000 0.0000000 0.0000000 0.0000000 0.0000000 0.0000000 0.0000000 0.0000000 0.0000000 0.0000000 0.0000000 0.0000000 0.0000000 0.0000000 0.0000000 0.0000000 0.0000000 0.0000000 0.0000000 0.0000000 0.0000000 0.0000000 0.0000000 0.0000000 0.0000000 0.0000000 0.0000000 0.0000000 0.0000000 0.0000000 0.0000000
NP_CT10n8                          0.0000000 0.0000000 0.0000000 0.0000000 0.0000000 0.0000000 0.0000000 0.0000000 0.0000000 0.0000000 0.0000000 0.0000000 0.0000000 0.0000000 0.0000000 0.0000000 0.0000000 0.0000000 0.0000000 0.0000000 0.0000000 0.0000000 0.0000000 0.0000000 0.0000000 0.0000000 0.0000000 0.0000000 0.0000000 0.0000000 0.0000000 0.0000000 0.0000000 0.0000000 0.0000000 0.0000000 0.0000000 0.0000000 0.0000000 0.0000000 0.0000000 0.0000000 0.0000000 0.0000000 0.0000000 0.0000000 0.0000000 0.0000000 0.0000000 0.0000000 0.0000000 0.0000000 0.0000000 0.0000000 0.0000000 0.0000000 0.0000000 0.0000000 0.0000000 0.0000000 0.0000000  1.0000000 0.0000000 0.0000000 0.0000000 0.0000000 0.0000000 0.0000000 0.0000000 0.0000000 0.0000000 0.0000000 0.0000000 0.0000000 0.0000000 0.0000000 0.0000000 0.0000000 0.0000000 0.0000000 0.0000000 0.0000000 0.0000000 0.0000000 0.0000000 0.0000000 0.0000000 0.0000000 0.0000000 0.0000000 0.0000000 0.0000000 0.0000000 0.0000000 0.0000000 0.0000000 0.0000000 0.0000000 0.0000000 0.0000000 0.0000000 0.0000000 0.0000000 0.0000000 0.0000000 0.0000000 0.0000000 0.0000000 0.0000000 0.0000000 0.0000000 0.0000000 0.0000000 0.0000000 0.0000000 0.0000000 0.0000000 0.0000000 0.0000000 0.0000000
NP_CT10n9                          0.0000000 0.0000000 0.0000000 0.0000000 0.0000000 0.0000000 0.0000000 0.0000000 0.0000000 0.0000000 0.0000000 0.0000000 0.0000000 0.0000000 0.0000000 0.0000000 0.0000000 0.0000000 0.0000000 0.0000000 0.0000000 0.0000000 0.0000000 0.0000000 0.0000000 0.0000000 0.0000000 0.0000000 0.0000000 0.0000000 0.0000000 0.0000000 0.0000000 0.0000000 0.0000000 0.0000000 0.0000000 0.0000000 0.0000000 0.0000000 0.0000000 0.0000000 0.0000000 0.0000000 0.0000000 0.0000000 0.0000000 0.0000000 0.0000000 0.0000000 0.0000000 0.0000000 0.0000000 0.0000000 0.0000000 0.0000000 0.0000000 0.0000000 0.0000000 0.0000000 0.0000000 0.0000000  1.0000000 0.0000000 0.0000000 0.0000000 0.0000000 0.0000000 0.0000000 0.0000000 0.0000000 0.0000000 0.0000000 0.0000000 0.0000000 0.0000000 0.0000000 0.0000000 0.0000000 0.0000000 0.0000000 0.0000000 0.0000000 0.0000000 0.0000000 0.0000000 0.0000000 0.0000000 0.0000000 0.0000000 0.0000000 0.0000000 0.0000000 0.0000000 0.0000000 0.0000000 0.0000000 0.0000000 0.0000000 0.0000000 0.0000000 0.0000000 0.0000000 0.0000000 0.0000000 0.0000000 0.0000000 0.0000000 0.0000000 0.0000000 0.0000000 0.0000000 0.0000000 0.0000000 0.0000000 0.0000000 0.0000000 0.0000000 0.0000000 0.0000000
NP_ctautag                         0.0000000 0.0000000 0.0000000 0.0000000 0.0000000 0.0000000 0.0000000 0.0000000 0.0000000 0.0000000 0.0000000 0.0000000 0.0000000 0.0000000 0.0000000 0.0000000 0.0000000 0.0000000 0.0000000 0.0000000 0.0000000 0.0000000 0.0000000 0.0000000 0.0000000 0.0000000 0.0000000 0.0000000 0.0000000 0.0000000 0.0000000 0.0000000 0.0000000 0.0000000 0.0000000 0.0000000 0.0000000 0.0000000 0.0000000 0.0000000 0.0000000 0.0000000 0.0000000 0.0000000 0.0000000 0.0000000 0.0000000 0.0000000 0.0000000 0.0000000 0.0000000 0.0000000 0.0000000 0.0000000 0.0000000 0.0000000 0.0000000 0.0000000 0.0000000 0.0000000 0.0000000 0.0000000 0.0000000  1.0000000 0.0000000 0.0000000 0.0000000 0.0000000 0.0000000 0.0000000 0.0000000 0.0000000 0.0000000 0.0000000 0.0000000 0.0000000 0.0000000 0.0000000 0.0000000 0.0000000 0.0000000 0.0000000 0.0000000 0.0000000 0.0000000 0.0000000 0.0000000 0.0000000 0.0000000 0.0000000 0.0000000 0.0000000 0.0000000 0.0000000 0.0000000 0.0000000 0.0000000 0.0000000 0.0000000 0.0000000 0.0000000 0.0000000 0.0000000 0.0000000 0.0000000 0.0000000 0.0000000 0.0000000 0.0000000 0.0000000 0.0000000 0.0000000 0.0000000 0.0000000 0.0000000 0.0000000 0.0000000 0.0000000 0.0000000 0.0000000
NP_Electronr                       0.0000000 0.0000000 0.0000000 0.0000000 0.0000000 0.0000000 0.0000000 0.0000000 0.0000000 0.0000000 0.0000000 0.0000000 0.0000000 0.0000000 0.0000000 0.0000000 0.0000000 0.0000000 0.0000000 0.0000000 0.0000000 0.0000000 0.0000000 0.0000000 0.0000000 0.0000000 0.0000000 0.0000000 0.0000000 0.0000000 0.0000000 0.0000000 0.0000000 0.0000000 0.0000000 0.0000000 0.0000000 0.0000000 0.0000000 0.0000000 0.0000000 0.0000000 0.0000000 0.0000000 0.0000000 0.0000000 0.0000000 0.0000000 0.0000000 0.0000000 0.0000000 0.0000000 0.0000000 0.0000000 0.0000000 0.0000000 0.0000000 0.0000000 0.0000000 0.0000000 0.0000000 0.0000000 0.0000000 0.0000000  1.0000000 0.0000000 0.0000000 0.0000000 0.0000000 0.0000000 0.0000000 0.0000000 0.0000000 0.0000000 0.0000000 0.0000000 0.0000000 0.0000000 0.0000000 0.0000000 0.0000000 0.0000000 0.0000000 0.0000000 0.0000000 0.0000000 0.0000000 0.0000000 0.0000000 0.0000000 0.0000000 0.0000000 0.0000000 0.0000000 0.0000000 0.0000000 0.0000000 0.0000000 0.0000000 0.0000000 0.0000000 0.0000000 0.0000000 0.0000000 0.0000000 0.0000000 0.0000000 0.0000000 0.0000000 0.0000000 0.0000000 0.0000000 0.0000000 0.0000000 0.0000000 0.0000000 0.0000000 0.0000000 0.0000000 0.0000000
NP_Electrons                       0.0000000 0.0000000 0.0000000 0.0000000 0.0000000 0.0000000 0.0000000 0.0000000 0.0000000 0.0000000 0.0000000 0.0000000 0.0000000 0.0000000 0.0000000 0.0000000 0.0000000 0.0000000 0.0000000 0.0000000 0.0000000 0.0000000 0.0000000 0.0000000 0.0000000 0.0000000 0.0000000 0.0000000 0.0000000 0.0000000 0.0000000 0.0000000 0.0000000 0.0000000 0.0000000 0.0000000 0.0000000 0.0000000 0.0000000 0.0000000 0.0000000 0.0000000 0.0000000 0.0000000 0.0000000 0.0000000 0.0000000 0.0000000 0.0000000 0.0000000 0.0000000 0.0000000 0.0000000 0.0000000 0.0000000 0.0000000 0.0000000 0.0000000 0.0000000 0.0000000 0.0000000 0.0000000 0.0000000 0.0000000 0.0000000  1.0000000 0.0000000 0.0000000 0.0000000 0.0000000 0.0000000 0.0000000 0.0000000 0.0000000 0.0000000 0.0000000 0.0000000 0.0000000 0.0000000 0.0000000 0.0000000 0.0000000 0.0000000 0.0000000 0.0000000 0.0000000 0.0000000 0.0000000 0.0000000 0.0000000 0.0000000 0.0000000 0.0000000 0.0000000 0.0000000 0.0000000 0.0000000 0.0000000 0.0000000 0.0000000 0.0000000 0.0000000 0.0000000 0.0000000 0.0000000 0.0000000 0.0000000 0.0000000 0.0000000 0.0000000 0.0000000 0.0000000 0.0000000 0.0000000 0.0000000 0.0000000 0.0000000 0.0000000 0.0000000 0.0000000
NP_JetBJesUnc                      0.0000000 0.0000000 0.0000000 0.0000000 0.0000000 0.0000000 0.0000000 0.0000000 0.0000000 0.0000000 0.0000000 0.0000000 0.0000000 0.0000000 0.0000000 0.0000000 0.0000000 0.0000000 0.0000000 0.0000000 0.0000000 0.0000000 0.0000000 0.0000000 0.0000000 0.0000000 0.0000000 0.0000000 0.0000000 0.0000000 0.0000000 0.0000000 0.0000000 0.0000000 0.0000000 0.0000000 0.0000000 0.0000000 0.0000000 0.0000000 0.0000000 0.0000000 0.0000000 0.0000000 0.0000000 0.0000000 0.0000000 0.0000000 0.0000000 0.0000000 0.0000000 0.0000000 0.0000000 0.0000000 0.0000000 0.0000000 0.0000000 0.0000000 0.0000000 0.0000000 0.0000000 0.0000000 0.0000000 0.0000000 0.0000000 0.0000000  1.0000000 0.0000000 0.0000000 0.0000000 0.0000000 0.0000000 0.0000000 0.0000000 0.0000000 0.0000000 0.0000000 0.0000000 0.0000000 0.0000000 0.0000000 0.0000000 0.0000000 0.0000000 0.0000000 0.0000000 0.0000000 0.0000000 0.0000000 0.0000000 0.0000000 0.0000000 0.0000000 0.0000000 0.0000000 0.0000000 0.0000000 0.0000000 0.0000000 0.0000000 0.0000000 0.0000000 0.0000000 0.0000000 0.0000000 0.0000000 0.0000000 0.0000000 0.0000000 0.0000000 0.0000000 0.0000000 0.0000000 0.0000000 0.0000000 0.0000000 0.0000000 0.0000000 0.0000000 0.0000000
NP_JetEtaIntercalibrationModel     0.0000000 0.0000000 0.0000000 0.0000000 0.0000000 0.0000000 0.0000000 0.0000000 0.0000000 0.0000000 0.0000000 0.0000000 0.0000000 0.0000000 0.0000000 0.0000000 0.0000000 0.0000000 0.0000000 0.0000000 0.0000000 0.0000000 0.0000000 0.0000000 0.0000000 0.0000000 0.0000000 0.0000000 0.0000000 0.0000000 0.0000000 0.0000000 0.0000000 0.0000000 0.0000000 0.0000000 0.0000000 0.0000000 0.0000000 0.0000000 0.0000000 0.0000000 0.0000000 0.0000000 0.0000000 0.0000000 0.0000000 0.0000000 0.0000000 0.0000000 0.0000000 0.0000000 0.0000000 0.0000000 0.0000000 0.0000000 0.0000000 0.0000000 0.0000000 0.0000000 0.0000000 0.0000000 0.0000000 0.0000000 0.0000000 0.0000000 0.0000000  1.0000000 0.0000000 0.0000000 0.0000000 0.0000000 0.0000000 0.0000000 0.0000000 0.0000000 0.0000000 0.0000000 0.0000000 0.0000000 0.0000000 0.0000000 0.0000000 0.0000000 0.0000000 0.0000000 0.0000000 0.0000000 0.0000000 0.0000000 0.0000000 0.0000000 0.0000000 0.0000000 0.0000000 0.0000000 0.0000000 0.0000000 0.0000000 0.0000000 0.0000000 0.0000000 0.0000000 0.0000000 0.0000000 0.0000000 0.0000000 0.0000000 0.0000000 0.0000000 0.0000000 0.0000000 0.0000000 0.0000000 0.0000000 0.0000000 0.0000000 0.0000000 0.0000000 0.0000000
NP_JetEtaIntercalibrationTotalStat 0.0000000 0.0000000 0.0000000 0.0000000 0.0000000 0.0000000 0.0000000 0.0000000 0.0000000 0.0000000 0.0000000 0.0000000 0.0000000 0.0000000 0.0000000 0.0000000 0.0000000 0.0000000 0.0000000 0.0000000 0.0000000 0.0000000 0.0000000 0.0000000 0.0000000 0.0000000 0.0000000 0.0000000 0.0000000 0.0000000 0.0000000 0.0000000 0.0000000 0.0000000 0.0000000 0.0000000 0.0000000 0.0000000 0.0000000 0.0000000 0.0000000 0.0000000 0.0000000 0.0000000 0.0000000 0.0000000 0.0000000 0.0000000 0.0000000 0.0000000 0.0000000 0.0000000 0.0000000 0.0000000 0.0000000 0.0000000 0.0000000 0.0000000 0.0000000 0.0000000 0.0000000 0.0000000 0.0000000 0.0000000 0.0000000 0.0000000 0.0000000 0.0000000  1.0000000 0.0000000 0.0000000 0.0000000 0.0000000 0.0000000 0.0000000 0.0000000 0.0000000 0.0000000 0.0000000 0.0000000 0.0000000 0.0000000 0.0000000 0.0000000 0.0000000 0.0000000 0.0000000 0.0000000 0.0000000 0.0000000 0.0000000 0.0000000 0.0000000 0.0000000 0.0000000 0.0000000 0.0000000 0.0000000 0.0000000 0.0000000 0.0000000 0.0000000 0.0000000 0.0000000 0.0000000 0.0000000 0.0000000 0.0000000 0.0000000 0.0000000 0.0000000 0.0000000 0.0000000 0.0000000 0.0000000 0.0000000 0.0000000 0.0000000 0.0000000 0.0000000
NP_Jetflavorcomp                   0.0000000 0.0000000 0.0000000 0.0000000 0.0000000 0.0000000 0.0000000 0.0000000 0.0000000 0.0000000 0.0000000 0.0000000 0.0000000 0.0000000 0.0000000 0.0000000 0.0000000 0.0000000 0.0000000 0.0000000 0.0000000 0.0000000 0.0000000 0.0000000 0.0000000 0.0000000 0.0000000 0.0000000 0.0000000 0.0000000 0.0000000 0.0000000 0.0000000 0.0000000 0.0000000 0.0000000 0.0000000 0.0000000 0.0000000 0.0000000 0.0000000 0.0000000 0.0000000 0.0000000 0.0000000 0.0000000 0.0000000 0.0000000 0.0000000 0.0000000 0.0000000 0.0000000 0.0000000 0.0000000 0.0000000 0.0000000 0.0000000 0.0000000 0.0000000 0.0000000 0.0000000 0.0000000 0.0000000 0.0000000 0.0000000 0.0000000 0.0000000 0.0000000 0.0000000  1.0000000 0.0000000 0.0000000 0.0000000 0.0000000 0.0000000 0.0000000 0.0000000 0.0000000 0.0000000 0.0000000 0.0000000 0.0000000 0.0000000 0.0000000 0.0000000 0.0000000 0.0000000 0.0000000 0.0000000 0.0000000 0.0000000 0.0000000 0.0000000 0.0000000 0.0000000 0.0000000 0.0000000 0.0000000 0.0000000 0.0000000 0.0000000 0.0000000 0.0000000 0.0000000 0.0000000 0.0000000 0.0000000 0.0000000 0.0000000 0.0000000 0.0000000 0.0000000 0.0000000 0.0000000 0.0000000 0.0000000 0.0000000 0.0000000 0.0000000 0.0000000
NP_Jetflavorresponse               0.0000000 0.0000000 0.0000000 0.0000000 0.0000000 0.0000000 0.0000000 0.0000000 0.0000000 0.0000000 0.0000000 0.0000000 0.0000000 0.0000000 0.0000000 0.0000000 0.0000000 0.0000000 0.0000000 0.0000000 0.0000000 0.0000000 0.0000000 0.0000000 0.0000000 0.0000000 0.0000000 0.0000000 0.0000000 0.0000000 0.0000000 0.0000000 0.0000000 0.0000000 0.0000000 0.0000000 0.0000000 0.0000000 0.0000000 0.0000000 0.0000000 0.0000000 0.0000000 0.0000000 0.0000000 0.0000000 0.0000000 0.0000000 0.0000000 0.0000000 0.0000000 0.0000000 0.0000000 0.0000000 0.0000000 0.0000000 0.0000000 0.0000000 0.0000000 0.0000000 0.0000000 0.0000000 0.0000000 0.0000000 0.0000000 0.0000000 0.0000000 0.0000000 0.0000000 0.0000000  1.0000000 0.0000000 0.0000000 0.0000000 0.0000000 0.0000000 0.0000000 0.0000000 0.0000000 0.0000000 0.0000000 0.0000000 0.0000000 0.0000000 0.0000000 0.0000000 0.0000000 0.0000000 0.0000000 0.0000000 0.0000000 0.0000000 0.0000000 0.0000000 0.0000000 0.0000000 0.0000000 0.0000000 0.0000000 0.0000000 0.0000000 0.0000000 0.0000000 0.0000000 0.0000000 0.0000000 0.0000000 0.0000000 0.0000000 0.0000000 0.0000000 0.0000000 0.0000000 0.0000000 0.0000000 0.0000000 0.0000000 0.0000000 0.0000000 0.0000000
NP_Jetjeff                         0.0000000 0.0000000 0.0000000 0.0000000 0.0000000 0.0000000 0.0000000 0.0000000 0.0000000 0.0000000 0.0000000 0.0000000 0.0000000 0.0000000 0.0000000 0.0000000 0.0000000 0.0000000 0.0000000 0.0000000 0.0000000 0.0000000 0.0000000 0.0000000 0.0000000 0.0000000 0.0000000 0.0000000 0.0000000 0.0000000 0.0000000 0.0000000 0.0000000 0.0000000 0.0000000 0.0000000 0.0000000 0.0000000 0.0000000 0.0000000 0.0000000 0.0000000 0.0000000 0.0000000 0.0000000 0.0000000 0.0000000 0.0000000 0.0000000 0.0000000 0.0000000 0.0000000 0.0000000 0.0000000 0.0000000 0.0000000 0.0000000 0.0000000 0.0000000 0.0000000 0.0000000 0.0000000 0.0000000 0.0000000 0.0000000 0.0000000 0.0000000 0.0000000 0.0000000 0.0000000 0.0000000  1.0000000 0.0000000 0.0000000 0.0000000 0.0000000 0.0000000 0.0000000 0.0000000 0.0000000 0.0000000 0.0000000 0.0000000 0.0000000 0.0000000 0.0000000 0.0000000 0.0000000 0.0000000 0.0000000 0.0000000 0.0000000 0.0000000 0.0000000 0.0000000 0.0000000 0.0000000 0.0000000 0.0000000 0.0000000 0.0000000 0.0000000 0.0000000 0.0000000 0.0000000 0.0000000 0.0000000 0.0000000 0.0000000 0.0000000 0.0000000 0.0000000 0.0000000 0.0000000 0.0000000 0.0000000 0.0000000 0.0000000 0.0000000 0.0000000
NP_JetJERdiff                      0.0000000 0.0000000 0.0000000 0.0000000 0.0000000 0.0000000 0.0000000 0.0000000 0.0000000 0.0000000 0.0000000 0.0000000 0.0000000 0.0000000 0.0000000 0.0000000 0.0000000 0.0000000 0.0000000 0.0000000 0.0000000 0.0000000 0.0000000 0.0000000 0.0000000 0.0000000 0.0000000 0.0000000 0.0000000 0.0000000 0.0000000 0.0000000 0.0000000 0.0000000 0.0000000 0.0000000 0.0000000 0.0000000 0.0000000 0.0000000 0.0000000 0.0000000 0.0000000 0.0000000 0.0000000 0.0000000 0.0000000 0.0000000 0.0000000 0.0000000 0.0000000 0.0000000 0.0000000 0.0000000 0.0000000 0.0000000 0.0000000 0.0000000 0.0000000 0.0000000 0.0000000 0.0000000 0.0000000 0.0000000 0.0000000 0.0000000 0.0000000 0.0000000 0.0000000 0.0000000 0.0000000 0.0000000  1.0000000 0.0000000 0.0000000 0.0000000 0.0000000 0.0000000 0.0000000 0.0000000 0.0000000 0.0000000 0.0000000 0.0000000 0.0000000 0.0000000 0.0000000 0.0000000 0.0000000 0.0000000 0.0000000 0.0000000 0.0000000 0.0000000 0.0000000 0.0000000 0.0000000 0.0000000 0.0000000 0.0000000 0.0000000 0.0000000 0.0000000 0.0000000 0.0000000 0.0000000 0.0000000 0.0000000 0.0000000 0.0000000 0.0000000 0.0000000 0.0000000 0.0000000 0.0000000 0.0000000 0.0000000 0.0000000 0.0000000 0.0000000
NP_JetJERnoiseforward              0.0000000 0.0000000 0.0000000 0.0000000 0.0000000 0.0000000 0.0000000 0.0000000 0.0000000 0.0000000 0.0000000 0.0000000 0.0000000 0.0000000 0.0000000 0.0000000 0.0000000 0.0000000 0.0000000 0.0000000 0.0000000 0.0000000 0.0000000 0.0000000 0.0000000 0.0000000 0.0000000 0.0000000 0.0000000 0.0000000 0.0000000 0.0000000 0.0000000 0.0000000 0.0000000 0.0000000 0.0000000 0.0000000 0.0000000 0.0000000 0.0000000 0.0000000 0.0000000 0.0000000 0.0000000 0.0000000 0.0000000 0.0000000 0.0000000 0.0000000 0.0000000 0.0000000 0.0000000 0.0000000 0.0000000 0.0000000 0.0000000 0.0000000 0.0000000 0.0000000 0.0000000 0.0000000 0.0000000 0.0000000 0.0000000 0.0000000 0.0000000 0.0000000 0.0000000 0.0000000 0.0000000 0.0000000 0.0000000  1.0000000 0.0000000 0.0000000 0.0000000 0.0000000 0.0000000 0.0000000 0.0000000 0.0000000 0.0000000 0.0000000 0.0000000 0.0000000 0.0000000 0.0000000 0.0000000 0.0000000 0.0000000 0.0000000 0.0000000 0.0000000 0.0000000 0.0000000 0.0000000 0.0000000 0.0000000 0.0000000 0.0000000 0.0000000 0.0000000 0.0000000 0.0000000 0.0000000 0.0000000 0.0000000 0.0000000 0.0000000 0.0000000 0.0000000 0.0000000 0.0000000 0.0000000 0.0000000 0.0000000 0.0000000 0.0000000 0.0000000
NP_JetJERnp0                       0.0000000 0.0000000 0.0000000 0.0000000 0.0000000 0.0000000 0.0000000 0.0000000 0.0000000 0.0000000 0.0000000 0.0000000 0.0000000 0.0000000 0.0000000 0.0000000 0.0000000 0.0000000 0.0000000 0.0000000 0.0000000 0.0000000 0.0000000 0.0000000 0.0000000 0.0000000 0.0000000 0.0000000 0.0000000 0.0000000 0.0000000 0.0000000 0.0000000 0.0000000 0.0000000 0.0000000 0.0000000 0.0000000 0.0000000 0.0000000 0.0000000 0.0000000 0.0000000 0.0000000 0.0000000 0.0000000 0.0000000 0.0000000 0.0000000 0.0000000 0.0000000 0.0000000 0.0000000 0.0000000 0.0000000 0.0000000 0.0000000 0.0000000 0.0000000 0.0000000 0.0000000 0.0000000 0.0000000 0.0000000 0.0000000 0.0000000 0.0000000 0.0000000 0.0000000 0.0000000 0.0000000 0.0000000 0.0000000 0.0000000  1.0000000 0.0000000 0.0000000 0.0000000 0.0000000 0.0000000 0.0000000 0.0000000 0.0000000 0.0000000 0.0000000 0.0000000 0.0000000 0.0000000 0.0000000 0.0000000 0.0000000 0.0000000 0.0000000 0.0000000 0.0000000 0.0000000 0.0000000 0.0000000 0.0000000 0.0000000 0.0000000 0.0000000 0.0000000 0.0000000 0.0000000 0.0000000 0.0000000 0.0000000 0.0000000 0.0000000 0.0000000 0.0000000 0.0000000 0.0000000 0.0000000 0.0000000 0.0000000 0.0000000 0.0000000 0.0000000
NP_JetJERnp1                       0.0000000 0.0000000 0.0000000 0.0000000 0.0000000 0.0000000 0.0000000 0.0000000 0.0000000 0.0000000 0.0000000 0.0000000 0.0000000 0.0000000 0.0000000 0.0000000 0.0000000 0.0000000 0.0000000 0.0000000 0.0000000 0.0000000 0.0000000 0.0000000 0.0000000 0.0000000 0.0000000 0.0000000 0.0000000 0.0000000 0.0000000 0.0000000 0.0000000 0.0000000 0.0000000 0.0000000 0.0000000 0.0000000 0.0000000 0.0000000 0.0000000 0.0000000 0.0000000 0.0000000 0.0000000 0.0000000 0.0000000 0.0000000 0.0000000 0.0000000 0.0000000 0.0000000 0.0000000 0.0000000 0.0000000 0.0000000 0.0000000 0.0000000 0.0000000 0.0000000 0.0000000 0.0000000 0.0000000 0.0000000 0.0000000 0.0000000 0.0000000 0.0000000 0.0000000 0.0000000 0.0000000 0.0000000 0.0000000 0.0000000 0.0000000  1.0000000 0.0000000 0.0000000 0.0000000 0.0000000 0.0000000 0.0000000 0.0000000 0.0000000 0.0000000 0.0000000 0.0000000 0.0000000 0.0000000 0.0000000 0.0000000 0.0000000 0.0000000 0.0000000 0.0000000 0.0000000 0.0000000 0.0000000 0.0000000 0.0000000 0.0000000 0.0000000 0.0000000 0.0000000 0.0000000 0.0000000 0.0000000 0.0000000 0.0000000 0.0000000 0.0000000 0.0000000 0.0000000 0.0000000 0.0000000 0.0000000 0.0000000 0.0000000 0.0000000 0.0000000
NP_JetJERnp2                       0.0000000 0.0000000 0.0000000 0.0000000 0.0000000 0.0000000 0.0000000 0.0000000 0.0000000 0.0000000 0.0000000 0.0000000 0.0000000 0.0000000 0.0000000 0.0000000 0.0000000 0.0000000 0.0000000 0.0000000 0.0000000 0.0000000 0.0000000 0.0000000 0.0000000 0.0000000 0.0000000 0.0000000 0.0000000 0.0000000 0.0000000 0.0000000 0.0000000 0.0000000 0.0000000 0.0000000 0.0000000 0.0000000 0.0000000 0.0000000 0.0000000 0.0000000 0.0000000 0.0000000 0.0000000 0.0000000 0.0000000 0.0000000 0.0000000 0.0000000 0.0000000 0.0000000 0.0000000 0.0000000 0.0000000 0.0000000 0.0000000 0.0000000 0.0000000 0.0000000 0.0000000 0.0000000 0.0000000 0.0000000 0.0000000 0.0000000 0.0000000 0.0000000 0.0000000 0.0000000 0.0000000 0.0000000 0.0000000 0.0000000 0.0000000 0.0000000  1.0000000 0.0000000 0.0000000 0.0000000 0.0000000 0.0000000 0.0000000 0.0000000 0.0000000 0.0000000 0.0000000 0.0000000 0.0000000 0.0000000 0.0000000 0.0000000 0.0000000 0.0000000 0.0000000 0.0000000 0.0000000 0.0000000 0.0000000 0.0000000 0.0000000 0.0000000 0.0000000 0.0000000 0.0000000 0.0000000 0.0000000 0.0000000 0.0000000 0.0000000 0.0000000 0.0000000 0.0000000 0.0000000 0.0000000 0.0000000 0.0000000 0.0000000 0.0000000 0.0000000
NP_JetJERnp3                       0.0000000 0.0000000 0.0000000 0.0000000 0.0000000 0.0000000 0.0000000 0.0000000 0.0000000 0.0000000 0.0000000 0.0000000 0.0000000 0.0000000 0.0000000 0.0000000 0.0000000 0.0000000 0.0000000 0.0000000 0.0000000 0.0000000 0.0000000 0.0000000 0.0000000 0.0000000 0.0000000 0.0000000 0.0000000 0.0000000 0.0000000 0.0000000 0.0000000 0.0000000 0.0000000 0.0000000 0.0000000 0.0000000 0.0000000 0.0000000 0.0000000 0.0000000 0.0000000 0.0000000 0.0000000 0.0000000 0.0000000 0.0000000 0.0000000 0.0000000 0.0000000 0.0000000 0.0000000 0.0000000 0.0000000 0.0000000 0.0000000 0.0000000 0.0000000 0.0000000 0.0000000 0.0000000 0.0000000 0.0000000 0.0000000 0.0000000 0.0000000 0.0000000 0.0000000 0.0000000 0.0000000 0.0000000 0.0000000 0.0000000 0.0000000 0.0000000 0.0000000  1.0000000 0.0000000 0.0000000 0.0000000 0.0000000 0.0000000 0.0000000 0.0000000 0.0000000 0.0000000 0.0000000 0.0000000 0.0000000 0.0000000 0.0000000 0.0000000 0.0000000 0.0000000 0.0000000 0.0000000 0.0000000 0.0000000 0.0000000 0.0000000 0.0000000 0.0000000 0.0000000 0.0000000 0.0000000 0.0000000 0.0000000 0.0000000 0.0000000 0.0000000 0.0000000 0.0000000 0.0000000 0.0000000 0.0000000 0.0000000 0.0000000 0.0000000 0.0000000
NP_JetJERnp4                       0.0000000 0.0000000 0.0000000 0.0000000 0.0000000 0.0000000 0.0000000 0.0000000 0.0000000 0.0000000 0.0000000 0.0000000 0.0000000 0.0000000 0.0000000 0.0000000 0.0000000 0.0000000 0.0000000 0.0000000 0.0000000 0.0000000 0.0000000 0.0000000 0.0000000 0.0000000 0.0000000 0.0000000 0.0000000 0.0000000 0.0000000 0.0000000 0.0000000 0.0000000 0.0000000 0.0000000 0.0000000 0.0000000 0.0000000 0.0000000 0.0000000 0.0000000 0.0000000 0.0000000 0.0000000 0.0000000 0.0000000 0.0000000 0.0000000 0.0000000 0.0000000 0.0000000 0.0000000 0.0000000 0.0000000 0.0000000 0.0000000 0.0000000 0.0000000 0.0000000 0.0000000 0.0000000 0.0000000 0.0000000 0.0000000 0.0000000 0.0000000 0.0000000 0.0000000 0.0000000 0.0000000 0.0000000 0.0000000 0.0000000 0.0000000 0.0000000 0.0000000 0.0000000  1.0000000 0.0000000 0.0000000 0.0000000 0.0000000 0.0000000 0.0000000 0.0000000 0.0000000 0.0000000 0.0000000 0.0000000 0.0000000 0.0000000 0.0000000 0.0000000 0.0000000 0.0000000 0.0000000 0.0000000 0.0000000 0.0000000 0.0000000 0.0000000 0.0000000 0.0000000 0.0000000 0.0000000 0.0000000 0.0000000 0.0000000 0.0000000 0.0000000 0.0000000 0.0000000 0.0000000 0.0000000 0.0000000 0.0000000 0.0000000 0.0000000 0.0000000
NP_JetJERnp5                       0.0000000 0.0000000 0.0000000 0.0000000 0.0000000 0.0000000 0.0000000 0.0000000 0.0000000 0.0000000 0.0000000 0.0000000 0.0000000 0.0000000 0.0000000 0.0000000 0.0000000 0.0000000 0.0000000 0.0000000 0.0000000 0.0000000 0.0000000 0.0000000 0.0000000 0.0000000 0.0000000 0.0000000 0.0000000 0.0000000 0.0000000 0.0000000 0.0000000 0.0000000 0.0000000 0.0000000 0.0000000 0.0000000 0.0000000 0.0000000 0.0000000 0.0000000 0.0000000 0.0000000 0.0000000 0.0000000 0.0000000 0.0000000 0.0000000 0.0000000 0.0000000 0.0000000 0.0000000 0.0000000 0.0000000 0.0000000 0.0000000 0.0000000 0.0000000 0.0000000 0.0000000 0.0000000 0.0000000 0.0000000 0.0000000 0.0000000 0.0000000 0.0000000 0.0000000 0.0000000 0.0000000 0.0000000 0.0000000 0.0000000 0.0000000 0.0000000 0.0000000 0.0000000 0.0000000  1.0000000 0.0000000 0.0000000 0.0000000 0.0000000 0.0000000 0.0000000 0.0000000 0.0000000 0.0000000 0.0000000 0.0000000 0.0000000 0.0000000 0.0000000 0.0000000 0.0000000 0.0000000 0.0000000 0.0000000 0.0000000 0.0000000 0.0000000 0.0000000 0.0000000 0.0000000 0.0000000 0.0000000 0.0000000 0.0000000 0.0000000 0.0000000 0.0000000 0.0000000 0.0000000 0.0000000 0.0000000 0.0000000 0.0000000 0.0000000 0.0000000
NP_JetJERnp6                       0.0000000 0.0000000 0.0000000 0.0000000 0.0000000 0.0000000 0.0000000 0.0000000 0.0000000 0.0000000 0.0000000 0.0000000 0.0000000 0.0000000 0.0000000 0.0000000 0.0000000 0.0000000 0.0000000 0.0000000 0.0000000 0.0000000 0.0000000 0.0000000 0.0000000 0.0000000 0.0000000 0.0000000 0.0000000 0.0000000 0.0000000 0.0000000 0.0000000 0.0000000 0.0000000 0.0000000 0.0000000 0.0000000 0.0000000 0.0000000 0.0000000 0.0000000 0.0000000 0.0000000 0.0000000 0.0000000 0.0000000 0.0000000 0.0000000 0.0000000 0.0000000 0.0000000 0.0000000 0.0000000 0.0000000 0.0000000 0.0000000 0.0000000 0.0000000 0.0000000 0.0000000 0.0000000 0.0000000 0.0000000 0.0000000 0.0000000 0.0000000 0.0000000 0.0000000 0.0000000 0.0000000 0.0000000 0.0000000 0.0000000 0.0000000 0.0000000 0.0000000 0.0000000 0.0000000 0.0000000  1.0000000 0.0000000 0.0000000 0.0000000 0.0000000 0.0000000 0.0000000 0.0000000 0.0000000 0.0000000 0.0000000 0.0000000 0.0000000 0.0000000 0.0000000 0.0000000 0.0000000 0.0000000 0.0000000 0.0000000 0.0000000 0.0000000 0.0000000 0.0000000 0.0000000 0.0000000 0.0000000 0.0000000 0.0000000 0.0000000 0.0000000 0.0000000 0.0000000 0.0000000 0.0000000 0.0000000 0.0000000 0.0000000 0.0000000 0.0000000
NP_JetJERnp7                       0.0000000 0.0000000 0.0000000 0.0000000 0.0000000 0.0000000 0.0000000 0.0000000 0.0000000 0.0000000 0.0000000 0.0000000 0.0000000 0.0000000 0.0000000 0.0000000 0.0000000 0.0000000 0.0000000 0.0000000 0.0000000 0.0000000 0.0000000 0.0000000 0.0000000 0.0000000 0.0000000 0.0000000 0.0000000 0.0000000 0.0000000 0.0000000 0.0000000 0.0000000 0.0000000 0.0000000 0.0000000 0.0000000 0.0000000 0.0000000 0.0000000 0.0000000 0.0000000 0.0000000 0.0000000 0.0000000 0.0000000 0.0000000 0.0000000 0.0000000 0.0000000 0.0000000 0.0000000 0.0000000 0.0000000 0.0000000 0.0000000 0.0000000 0.0000000 0.0000000 0.0000000 0.0000000 0.0000000 0.0000000 0.0000000 0.0000000 0.0000000 0.0000000 0.0000000 0.0000000 0.0000000 0.0000000 0.0000000 0.0000000 0.0000000 0.0000000 0.0000000 0.0000000 0.0000000 0.0000000 0.0000000  1.0000000 0.0000000 0.0000000 0.0000000 0.0000000 0.0000000 0.0000000 0.0000000 0.0000000 0.0000000 0.0000000 0.0000000 0.0000000 0.0000000 0.0000000 0.0000000 0.0000000 0.0000000 0.0000000 0.0000000 0.0000000 0.0000000 0.0000000 0.0000000 0.0000000 0.0000000 0.0000000 0.0000000 0.0000000 0.0000000 0.0000000 0.0000000 0.0000000 0.0000000 0.0000000 0.0000000 0.0000000 0.0000000 0.0000000
NP_JetJERnp8                       0.0000000 0.0000000 0.0000000 0.0000000 0.0000000 0.0000000 0.0000000 0.0000000 0.0000000 0.0000000 0.0000000 0.0000000 0.0000000 0.0000000 0.0000000 0.0000000 0.0000000 0.0000000 0.0000000 0.0000000 0.0000000 0.0000000 0.0000000 0.0000000 0.0000000 0.0000000 0.0000000 0.0000000 0.0000000 0.0000000 0.0000000 0.0000000 0.0000000 0.0000000 0.0000000 0.0000000 0.0000000 0.0000000 0.0000000 0.0000000 0.0000000 0.0000000 0.0000000 0.0000000 0.0000000 0.0000000 0.0000000 0.0000000 0.0000000 0.0000000 0.0000000 0.0000000 0.0000000 0.0000000 0.0000000 0.0000000 0.0000000 0.0000000 0.0000000 0.0000000 0.0000000 0.0000000 0.0000000 0.0000000 0.0000000 0.0000000 0.0000000 0.0000000 0.0000000 0.0000000 0.0000000 0.0000000 0.0000000 0.0000000 0.0000000 0.0000000 0.0000000 0.0000000 0.0000000 0.0000000 0.0000000 0.0000000  1.0000000 0.0000000 0.0000000 0.0000000 0.0000000 0.0000000 0.0000000 0.0000000 0.0000000 0.0000000 0.0000000 0.0000000 0.0000000 0.0000000 0.0000000 0.0000000 0.0000000 0.0000000 0.0000000 0.0000000 0.0000000 0.0000000 0.0000000 0.0000000 0.0000000 0.0000000 0.0000000 0.0000000 0.0000000 0.0000000 0.0000000 0.0000000 0.0000000 0.0000000 0.0000000 0.0000000 0.0000000 0.0000000
NP_JetJESDet1                      0.0000000 0.0000000 0.0000000 0.0000000 0.0000000 0.0000000 0.0000000 0.0000000 0.0000000 0.0000000 0.0000000 0.0000000 0.0000000 0.0000000 0.0000000 0.0000000 0.0000000 0.0000000 0.0000000 0.0000000 0.0000000 0.0000000 0.0000000 0.0000000 0.0000000 0.0000000 0.0000000 0.0000000 0.0000000 0.0000000 0.0000000 0.0000000 0.0000000 0.0000000 0.0000000 0.0000000 0.0000000 0.0000000 0.0000000 0.0000000 0.0000000 0.0000000 0.0000000 0.0000000 0.0000000 0.0000000 0.0000000 0.0000000 0.0000000 0.0000000 0.0000000 0.0000000 0.0000000 0.0000000 0.0000000 0.0000000 0.0000000 0.0000000 0.0000000 0.0000000 0.0000000 0.0000000 0.0000000 0.0000000 0.0000000 0.0000000 0.0000000 0.0000000 0.0000000 0.0000000 0.0000000 0.0000000 0.0000000 0.0000000 0.0000000 0.0000000 0.0000000 0.0000000 0.0000000 0.0000000 0.0000000 0.0000000 0.0000000  1.0000000 0.0000000 0.0000000 0.0000000 0.0000000 0.0000000 0.0000000 0.0000000 0.0000000 0.0000000 0.0000000 0.0000000 0.0000000 0.0000000 0.0000000 0.0000000 0.0000000 0.0000000 0.0000000 0.0000000 0.0000000 0.0000000 0.0000000 0.0000000 0.0000000 0.0000000 0.0000000 0.0000000 0.0000000 0.0000000 0.0000000 0.0000000 0.0000000 0.0000000 0.0000000 0.0000000 0.0000000
NP_JetJESDet2                      0.0000000 0.0000000 0.0000000 0.0000000 0.0000000 0.0000000 0.0000000 0.0000000 0.0000000 0.0000000 0.0000000 0.0000000 0.0000000 0.0000000 0.0000000 0.0000000 0.0000000 0.0000000 0.0000000 0.0000000 0.0000000 0.0000000 0.0000000 0.0000000 0.0000000 0.0000000 0.0000000 0.0000000 0.0000000 0.0000000 0.0000000 0.0000000 0.0000000 0.0000000 0.0000000 0.0000000 0.0000000 0.0000000 0.0000000 0.0000000 0.0000000 0.0000000 0.0000000 0.0000000 0.0000000 0.0000000 0.0000000 0.0000000 0.0000000 0.0000000 0.0000000 0.0000000 0.0000000 0.0000000 0.0000000 0.0000000 0.0000000 0.0000000 0.0000000 0.0000000 0.0000000 0.0000000 0.0000000 0.0000000 0.0000000 0.0000000 0.0000000 0.0000000 0.0000000 0.0000000 0.0000000 0.0000000 0.0000000 0.0000000 0.0000000 0.0000000 0.0000000 0.0000000 0.0000000 0.0000000 0.0000000 0.0000000 0.0000000 0.0000000  1.0000000 0.0000000 0.0000000 0.0000000 0.0000000 0.0000000 0.0000000 0.0000000 0.0000000 0.0000000 0.0000000 0.0000000 0.0000000 0.0000000 0.0000000 0.0000000 0.0000000 0.0000000 0.0000000 0.0000000 0.0000000 0.0000000 0.0000000 0.0000000 0.0000000 0.0000000 0.0000000 0.0000000 0.0000000 0.0000000 0.0000000 0.0000000 0.0000000 0.0000000 0.0000000 0.0000000
NP_JetJESDet3                      0.0000000 0.0000000 0.0000000 0.0000000 0.0000000 0.0000000 0.0000000 0.0000000 0.0000000 0.0000000 0.0000000 0.0000000 0.0000000 0.0000000 0.0000000 0.0000000 0.0000000 0.0000000 0.0000000 0.0000000 0.0000000 0.0000000 0.0000000 0.0000000 0.0000000 0.0000000 0.0000000 0.0000000 0.0000000 0.0000000 0.0000000 0.0000000 0.0000000 0.0000000 0.0000000 0.0000000 0.0000000 0.0000000 0.0000000 0.0000000 0.0000000 0.0000000 0.0000000 0.0000000 0.0000000 0.0000000 0.0000000 0.0000000 0.0000000 0.0000000 0.0000000 0.0000000 0.0000000 0.0000000 0.0000000 0.0000000 0.0000000 0.0000000 0.0000000 0.0000000 0.0000000 0.0000000 0.0000000 0.0000000 0.0000000 0.0000000 0.0000000 0.0000000 0.0000000 0.0000000 0.0000000 0.0000000 0.0000000 0.0000000 0.0000000 0.0000000 0.0000000 0.0000000 0.0000000 0.0000000 0.0000000 0.0000000 0.0000000 0.0000000 0.0000000  1.0000000 0.0000000 0.0000000 0.0000000 0.0000000 0.0000000 0.0000000 0.0000000 0.0000000 0.0000000 0.0000000 0.0000000 0.0000000 0.0000000 0.0000000 0.0000000 0.0000000 0.0000000 0.0000000 0.0000000 0.0000000 0.0000000 0.0000000 0.0000000 0.0000000 0.0000000 0.0000000 0.0000000 0.0000000 0.0000000 0.0000000 0.0000000 0.0000000 0.0000000 0.0000000
NP_JetJESMix1                      0.0000000 0.0000000 0.0000000 0.0000000 0.0000000 0.0000000 0.0000000 0.0000000 0.0000000 0.0000000 0.0000000 0.0000000 0.0000000 0.0000000 0.0000000 0.0000000 0.0000000 0.0000000 0.0000000 0.0000000 0.0000000 0.0000000 0.0000000 0.0000000 0.0000000 0.0000000 0.0000000 0.0000000 0.0000000 0.0000000 0.0000000 0.0000000 0.0000000 0.0000000 0.0000000 0.0000000 0.0000000 0.0000000 0.0000000 0.0000000 0.0000000 0.0000000 0.0000000 0.0000000 0.0000000 0.0000000 0.0000000 0.0000000 0.0000000 0.0000000 0.0000000 0.0000000 0.0000000 0.0000000 0.0000000 0.0000000 0.0000000 0.0000000 0.0000000 0.0000000 0.0000000 0.0000000 0.0000000 0.0000000 0.0000000 0.0000000 0.0000000 0.0000000 0.0000000 0.0000000 0.0000000 0.0000000 0.0000000 0.0000000 0.0000000 0.0000000 0.0000000 0.0000000 0.0000000 0.0000000 0.0000000 0.0000000 0.0000000 0.0000000 0.0000000 0.0000000  1.0000000 0.0000000 0.0000000 0.0000000 0.0000000 0.0000000 0.0000000 0.0000000 0.0000000 0.0000000 0.0000000 0.0000000 0.0000000 0.0000000 0.0000000 0.0000000 0.0000000 0.0000000 0.0000000 0.0000000 0.0000000 0.0000000 0.0000000 0.0000000 0.0000000 0.0000000 0.0000000 0.0000000 0.0000000 0.0000000 0.0000000 0.0000000 0.0000000 0.0000000
NP_JetJESMix2                      0.0000000 0.0000000 0.0000000 0.0000000 0.0000000 0.0000000 0.0000000 0.0000000 0.0000000 0.0000000 0.0000000 0.0000000 0.0000000 0.0000000 0.0000000 0.0000000 0.0000000 0.0000000 0.0000000 0.0000000 0.0000000 0.0000000 0.0000000 0.0000000 0.0000000 0.0000000 0.0000000 0.0000000 0.0000000 0.0000000 0.0000000 0.0000000 0.0000000 0.0000000 0.0000000 0.0000000 0.0000000 0.0000000 0.0000000 0.0000000 0.0000000 0.0000000 0.0000000 0.0000000 0.0000000 0.0000000 0.0000000 0.0000000 0.0000000 0.0000000 0.0000000 0.0000000 0.0000000 0.0000000 0.0000000 0.0000000 0.0000000 0.0000000 0.0000000 0.0000000 0.0000000 0.0000000 0.0000000 0.0000000 0.0000000 0.0000000 0.0000000 0.0000000 0.0000000 0.0000000 0.0000000 0.0000000 0.0000000 0.0000000 0.0000000 0.0000000 0.0000000 0.0000000 0.0000000 0.0000000 0.0000000 0.0000000 0.0000000 0.0000000 0.0000000 0.0000000 0.0000000  1.0000000 0.0000000 0.0000000 0.0000000 0.0000000 0.0000000 0.0000000 0.0000000 0.0000000 0.0000000 0.0000000 0.0000000 0.0000000 0.0000000 0.0000000 0.0000000 0.0000000 0.0000000 0.0000000 0.0000000 0.0000000 0.0000000 0.0000000 0.0000000 0.0000000 0.0000000 0.0000000 0.0000000 0.0000000 0.0000000 0.0000000 0.0000000 0.0000000
NP_JetJESMix3                      0.0000000 0.0000000 0.0000000 0.0000000 0.0000000 0.0000000 0.0000000 0.0000000 0.0000000 0.0000000 0.0000000 0.0000000 0.0000000 0.0000000 0.0000000 0.0000000 0.0000000 0.0000000 0.0000000 0.0000000 0.0000000 0.0000000 0.0000000 0.0000000 0.0000000 0.0000000 0.0000000 0.0000000 0.0000000 0.0000000 0.0000000 0.0000000 0.0000000 0.0000000 0.0000000 0.0000000 0.0000000 0.0000000 0.0000000 0.0000000 0.0000000 0.0000000 0.0000000 0.0000000 0.0000000 0.0000000 0.0000000 0.0000000 0.0000000 0.0000000 0.0000000 0.0000000 0.0000000 0.0000000 0.0000000 0.0000000 0.0000000 0.0000000 0.0000000 0.0000000 0.0000000 0.0000000 0.0000000 0.0000000 0.0000000 0.0000000 0.0000000 0.0000000 0.0000000 0.0000000 0.0000000 0.0000000 0.0000000 0.0000000 0.0000000 0.0000000 0.0000000 0.0000000 0.0000000 0.0000000 0.0000000 0.0000000 0.0000000 0.0000000 0.0000000 0.0000000 0.0000000 0.0000000  1.0000000 0.0000000 0.0000000 0.0000000 0.0000000 0.0000000 0.0000000 0.0000000 0.0000000 0.0000000 0.0000000 0.0000000 0.0000000 0.0000000 0.0000000 0.0000000 0.0000000 0.0000000 0.0000000 0.0000000 0.0000000 0.0000000 0.0000000 0.0000000 0.0000000 0.0000000 0.0000000 0.0000000 0.0000000 0.0000000 0.0000000 0.0000000
NP_JetJESMix4                      0.0000000 0.0000000 0.0000000 0.0000000 0.0000000 0.0000000 0.0000000 0.0000000 0.0000000 0.0000000 0.0000000 0.0000000 0.0000000 0.0000000 0.0000000 0.0000000 0.0000000 0.0000000 0.0000000 0.0000000 0.0000000 0.0000000 0.0000000 0.0000000 0.0000000 0.0000000 0.0000000 0.0000000 0.0000000 0.0000000 0.0000000 0.0000000 0.0000000 0.0000000 0.0000000 0.0000000 0.0000000 0.0000000 0.0000000 0.0000000 0.0000000 0.0000000 0.0000000 0.0000000 0.0000000 0.0000000 0.0000000 0.0000000 0.0000000 0.0000000 0.0000000 0.0000000 0.0000000 0.0000000 0.0000000 0.0000000 0.0000000 0.0000000 0.0000000 0.0000000 0.0000000 0.0000000 0.0000000 0.0000000 0.0000000 0.0000000 0.0000000 0.0000000 0.0000000 0.0000000 0.0000000 0.0000000 0.0000000 0.0000000 0.0000000 0.0000000 0.0000000 0.0000000 0.0000000 0.0000000 0.0000000 0.0000000 0.0000000 0.0000000 0.0000000 0.0000000 0.0000000 0.0000000 0.0000000  1.0000000 0.0000000 0.0000000 0.0000000 0.0000000 0.0000000 0.0000000 0.0000000 0.0000000 0.0000000 0.0000000 0.0000000 0.0000000 0.0000000 0.0000000 0.0000000 0.0000000 0.0000000 0.0000000 0.0000000 0.0000000 0.0000000 0.0000000 0.0000000 0.0000000 0.0000000 0.0000000 0.0000000 0.0000000 0.0000000 0.0000000
NP_JetJESModel1                    0.0000000 0.0000000 0.0000000 0.0000000 0.0000000 0.0000000 0.0000000 0.0000000 0.0000000 0.0000000 0.0000000 0.0000000 0.0000000 0.0000000 0.0000000 0.0000000 0.0000000 0.0000000 0.0000000 0.0000000 0.0000000 0.0000000 0.0000000 0.0000000 0.0000000 0.0000000 0.0000000 0.0000000 0.0000000 0.0000000 0.0000000 0.0000000 0.0000000 0.0000000 0.0000000 0.0000000 0.0000000 0.0000000 0.0000000 0.0000000 0.0000000 0.0000000 0.0000000 0.0000000 0.0000000 0.0000000 0.0000000 0.0000000 0.0000000 0.0000000 0.0000000 0.0000000 0.0000000 0.0000000 0.0000000 0.0000000 0.0000000 0.0000000 0.0000000 0.0000000 0.0000000 0.0000000 0.0000000 0.0000000 0.0000000 0.0000000 0.0000000 0.0000000 0.0000000 0.0000000 0.0000000 0.0000000 0.0000000 0.0000000 0.0000000 0.0000000 0.0000000 0.0000000 0.0000000 0.0000000 0.0000000 0.0000000 0.0000000 0.0000000 0.0000000 0.0000000 0.0000000 0.0000000 0.0000000 0.0000000  1.0000000 0.0000000 0.0000000 0.0000000 0.0000000 0.0000000 0.0000000 0.0000000 0.0000000 0.0000000 0.0000000 0.0000000 0.0000000 0.0000000 0.0000000 0.0000000 0.0000000 0.0000000 0.0000000 0.0000000 0.0000000 0.0000000 0.0000000 0.0000000 0.0000000 0.0000000 0.0000000 0.0000000 0.0000000 0.0000000
NP_JetJESModel2                    0.0000000 0.0000000 0.0000000 0.0000000 0.0000000 0.0000000 0.0000000 0.0000000 0.0000000 0.0000000 0.0000000 0.0000000 0.0000000 0.0000000 0.0000000 0.0000000 0.0000000 0.0000000 0.0000000 0.0000000 0.0000000 0.0000000 0.0000000 0.0000000 0.0000000 0.0000000 0.0000000 0.0000000 0.0000000 0.0000000 0.0000000 0.0000000 0.0000000 0.0000000 0.0000000 0.0000000 0.0000000 0.0000000 0.0000000 0.0000000 0.0000000 0.0000000 0.0000000 0.0000000 0.0000000 0.0000000 0.0000000 0.0000000 0.0000000 0.0000000 0.0000000 0.0000000 0.0000000 0.0000000 0.0000000 0.0000000 0.0000000 0.0000000 0.0000000 0.0000000 0.0000000 0.0000000 0.0000000 0.0000000 0.0000000 0.0000000 0.0000000 0.0000000 0.0000000 0.0000000 0.0000000 0.0000000 0.0000000 0.0000000 0.0000000 0.0000000 0.0000000 0.0000000 0.0000000 0.0000000 0.0000000 0.0000000 0.0000000 0.0000000 0.0000000 0.0000000 0.0000000 0.0000000 0.0000000 0.0000000 0.0000000  1.0000000 0.0000000 0.0000000 0.0000000 0.0000000 0.0000000 0.0000000 0.0000000 0.0000000 0.0000000 0.0000000 0.0000000 0.0000000 0.0000000 0.0000000 0.0000000 0.0000000 0.0000000 0.0000000 0.0000000 0.0000000 0.0000000 0.0000000 0.0000000 0.0000000 0.0000000 0.0000000 0.0000000 0.0000000
NP_JetJESModel3                    0.0000000 0.0000000 0.0000000 0.0000000 0.0000000 0.0000000 0.0000000 0.0000000 0.0000000 0.0000000 0.0000000 0.0000000 0.0000000 0.0000000 0.0000000 0.0000000 0.0000000 0.0000000 0.0000000 0.0000000 0.0000000 0.0000000 0.0000000 0.0000000 0.0000000 0.0000000 0.0000000 0.0000000 0.0000000 0.0000000 0.0000000 0.0000000 0.0000000 0.0000000 0.0000000 0.0000000 0.0000000 0.0000000 0.0000000 0.0000000 0.0000000 0.0000000 0.0000000 0.0000000 0.0000000 0.0000000 0.0000000 0.0000000 0.0000000 0.0000000 0.0000000 0.0000000 0.0000000 0.0000000 0.0000000 0.0000000 0.0000000 0.0000000 0.0000000 0.0000000 0.0000000 0.0000000 0.0000000 0.0000000 0.0000000 0.0000000 0.0000000 0.0000000 0.0000000 0.0000000 0.0000000 0.0000000 0.0000000 0.0000000 0.0000000 0.0000000 0.0000000 0.0000000 0.0000000 0.0000000 0.0000000 0.0000000 0.0000000 0.0000000 0.0000000 0.0000000 0.0000000 0.0000000 0.0000000 0.0000000 0.0000000 0.0000000  1.0000000 0.0000000 0.0000000 0.0000000 0.0000000 0.0000000 0.0000000 0.0000000 0.0000000 0.0000000 0.0000000 0.0000000 0.0000000 0.0000000 0.0000000 0.0000000 0.0000000 0.0000000 0.0000000 0.0000000 0.0000000 0.0000000 0.0000000 0.0000000 0.0000000 0.0000000 0.0000000 0.0000000
NP_JetJESModel4                    0.0000000 0.0000000 0.0000000 0.0000000 0.0000000 0.0000000 0.0000000 0.0000000 0.0000000 0.0000000 0.0000000 0.0000000 0.0000000 0.0000000 0.0000000 0.0000000 0.0000000 0.0000000 0.0000000 0.0000000 0.0000000 0.0000000 0.0000000 0.0000000 0.0000000 0.0000000 0.0000000 0.0000000 0.0000000 0.0000000 0.0000000 0.0000000 0.0000000 0.0000000 0.0000000 0.0000000 0.0000000 0.0000000 0.0000000 0.0000000 0.0000000 0.0000000 0.0000000 0.0000000 0.0000000 0.0000000 0.0000000 0.0000000 0.0000000 0.0000000 0.0000000 0.0000000 0.0000000 0.0000000 0.0000000 0.0000000 0.0000000 0.0000000 0.0000000 0.0000000 0.0000000 0.0000000 0.0000000 0.0000000 0.0000000 0.0000000 0.0000000 0.0000000 0.0000000 0.0000000 0.0000000 0.0000000 0.0000000 0.0000000 0.0000000 0.0000000 0.0000000 0.0000000 0.0000000 0.0000000 0.0000000 0.0000000 0.0000000 0.0000000 0.0000000 0.0000000 0.0000000 0.0000000 0.0000000 0.0000000 0.0000000 0.0000000 0.0000000  1.0000000 0.0000000 0.0000000 0.0000000 0.0000000 0.0000000 0.0000000 0.0000000 0.0000000 0.0000000 0.0000000 0.0000000 0.0000000 0.0000000 0.0000000 0.0000000 0.0000000 0.0000000 0.0000000 0.0000000 0.0000000 0.0000000 0.0000000 0.0000000 0.0000000 0.0000000 0.0000000
NP_JetJESStat1                     0.0000000 0.0000000 0.0000000 0.0000000 0.0000000 0.0000000 0.0000000 0.0000000 0.0000000 0.0000000 0.0000000 0.0000000 0.0000000 0.0000000 0.0000000 0.0000000 0.0000000 0.0000000 0.0000000 0.0000000 0.0000000 0.0000000 0.0000000 0.0000000 0.0000000 0.0000000 0.0000000 0.0000000 0.0000000 0.0000000 0.0000000 0.0000000 0.0000000 0.0000000 0.0000000 0.0000000 0.0000000 0.0000000 0.0000000 0.0000000 0.0000000 0.0000000 0.0000000 0.0000000 0.0000000 0.0000000 0.0000000 0.0000000 0.0000000 0.0000000 0.0000000 0.0000000 0.0000000 0.0000000 0.0000000 0.0000000 0.0000000 0.0000000 0.0000000 0.0000000 0.0000000 0.0000000 0.0000000 0.0000000 0.0000000 0.0000000 0.0000000 0.0000000 0.0000000 0.0000000 0.0000000 0.0000000 0.0000000 0.0000000 0.0000000 0.0000000 0.0000000 0.0000000 0.0000000 0.0000000 0.0000000 0.0000000 0.0000000 0.0000000 0.0000000 0.0000000 0.0000000 0.0000000 0.0000000 0.0000000 0.0000000 0.0000000 0.0000000 0.0000000  1.0000000 0.0000000 0.0000000 0.0000000 0.0000000 0.0000000 0.0000000 0.0000000 0.0000000 0.0000000 0.0000000 0.0000000 0.0000000 0.0000000 0.0000000 0.0000000 0.0000000 0.0000000 0.0000000 0.0000000 0.0000000 0.0000000 0.0000000 0.0000000 0.0000000 0.0000000
NP_JetJESStat2                     0.0000000 0.0000000 0.0000000 0.0000000 0.0000000 0.0000000 0.0000000 0.0000000 0.0000000 0.0000000 0.0000000 0.0000000 0.0000000 0.0000000 0.0000000 0.0000000 0.0000000 0.0000000 0.0000000 0.0000000 0.0000000 0.0000000 0.0000000 0.0000000 0.0000000 0.0000000 0.0000000 0.0000000 0.0000000 0.0000000 0.0000000 0.0000000 0.0000000 0.0000000 0.0000000 0.0000000 0.0000000 0.0000000 0.0000000 0.0000000 0.0000000 0.0000000 0.0000000 0.0000000 0.0000000 0.0000000 0.0000000 0.0000000 0.0000000 0.0000000 0.0000000 0.0000000 0.0000000 0.0000000 0.0000000 0.0000000 0.0000000 0.0000000 0.0000000 0.0000000 0.0000000 0.0000000 0.0000000 0.0000000 0.0000000 0.0000000 0.0000000 0.0000000 0.0000000 0.0000000 0.0000000 0.0000000 0.0000000 0.0000000 0.0000000 0.0000000 0.0000000 0.0000000 0.0000000 0.0000000 0.0000000 0.0000000 0.0000000 0.0000000 0.0000000 0.0000000 0.0000000 0.0000000 0.0000000 0.0000000 0.0000000 0.0000000 0.0000000 0.0000000 0.0000000  1.0000000 0.0000000 0.0000000 0.0000000 0.0000000 0.0000000 0.0000000 0.0000000 0.0000000 0.0000000 0.0000000 0.0000000 0.0000000 0.0000000 0.0000000 0.0000000 0.0000000 0.0000000 0.0000000 0.0000000 0.0000000 0.0000000 0.0000000 0.0000000 0.0000000
NP_JetJESStat3                     0.0000000 0.0000000 0.0000000 0.0000000 0.0000000 0.0000000 0.0000000 0.0000000 0.0000000 0.0000000 0.0000000 0.0000000 0.0000000 0.0000000 0.0000000 0.0000000 0.0000000 0.0000000 0.0000000 0.0000000 0.0000000 0.0000000 0.0000000 0.0000000 0.0000000 0.0000000 0.0000000 0.0000000 0.0000000 0.0000000 0.0000000 0.0000000 0.0000000 0.0000000 0.0000000 0.0000000 0.0000000 0.0000000 0.0000000 0.0000000 0.0000000 0.0000000 0.0000000 0.0000000 0.0000000 0.0000000 0.0000000 0.0000000 0.0000000 0.0000000 0.0000000 0.0000000 0.0000000 0.0000000 0.0000000 0.0000000 0.0000000 0.0000000 0.0000000 0.0000000 0.0000000 0.0000000 0.0000000 0.0000000 0.0000000 0.0000000 0.0000000 0.0000000 0.0000000 0.0000000 0.0000000 0.0000000 0.0000000 0.0000000 0.0000000 0.0000000 0.0000000 0.0000000 0.0000000 0.0000000 0.0000000 0.0000000 0.0000000 0.0000000 0.0000000 0.0000000 0.0000000 0.0000000 0.0000000 0.0000000 0.0000000 0.0000000 0.0000000 0.0000000 0.0000000 0.0000000  1.0000000 0.0000000 0.0000000 0.0000000 0.0000000 0.0000000 0.0000000 0.0000000 0.0000000 0.0000000 0.0000000 0.0000000 0.0000000 0.0000000 0.0000000 0.0000000 0.0000000 0.0000000 0.0000000 0.0000000 0.0000000 0.0000000 0.0000000 0.0000000
NP_JetJESStat4                     0.0000000 0.0000000 0.0000000 0.0000000 0.0000000 0.0000000 0.0000000 0.0000000 0.0000000 0.0000000 0.0000000 0.0000000 0.0000000 0.0000000 0.0000000 0.0000000 0.0000000 0.0000000 0.0000000 0.0000000 0.0000000 0.0000000 0.0000000 0.0000000 0.0000000 0.0000000 0.0000000 0.0000000 0.0000000 0.0000000 0.0000000 0.0000000 0.0000000 0.0000000 0.0000000 0.0000000 0.0000000 0.0000000 0.0000000 0.0000000 0.0000000 0.0000000 0.0000000 0.0000000 0.0000000 0.0000000 0.0000000 0.0000000 0.0000000 0.0000000 0.0000000 0.0000000 0.0000000 0.0000000 0.0000000 0.0000000 0.0000000 0.0000000 0.0000000 0.0000000 0.0000000 0.0000000 0.0000000 0.0000000 0.0000000 0.0000000 0.0000000 0.0000000 0.0000000 0.0000000 0.0000000 0.0000000 0.0000000 0.0000000 0.0000000 0.0000000 0.0000000 0.0000000 0.0000000 0.0000000 0.0000000 0.0000000 0.0000000 0.0000000 0.0000000 0.0000000 0.0000000 0.0000000 0.0000000 0.0000000 0.0000000 0.0000000 0.0000000 0.0000000 0.0000000 0.0000000 0.0000000  1.0000000 0.0000000 0.0000000 0.0000000 0.0000000 0.0000000 0.0000000 0.0000000 0.0000000 0.0000000 0.0000000 0.0000000 0.0000000 0.0000000 0.0000000 0.0000000 0.0000000 0.0000000 0.0000000 0.0000000 0.0000000 0.0000000 0.0000000
NP_Jetjvf                          0.0000000 0.0000000 0.0000000 0.0000000 0.0000000 0.0000000 0.0000000 0.0000000 0.0000000 0.0000000 0.0000000 0.0000000 0.0000000 0.0000000 0.0000000 0.0000000 0.0000000 0.0000000 0.0000000 0.0000000 0.0000000 0.0000000 0.0000000 0.0000000 0.0000000 0.0000000 0.0000000 0.0000000 0.0000000 0.0000000 0.0000000 0.0000000 0.0000000 0.0000000 0.0000000 0.0000000 0.0000000 0.0000000 0.0000000 0.0000000 0.0000000 0.0000000 0.0000000 0.0000000 0.0000000 0.0000000 0.0000000 0.0000000 0.0000000 0.0000000 0.0000000 0.0000000 0.0000000 0.0000000 0.0000000 0.0000000 0.0000000 0.0000000 0.0000000 0.0000000 0.0000000 0.0000000 0.0000000 0.0000000 0.0000000 0.0000000 0.0000000 0.0000000 0.0000000 0.0000000 0.0000000 0.0000000 0.0000000 0.0000000 0.0000000 0.0000000 0.0000000 0.0000000 0.0000000 0.0000000 0.0000000 0.0000000 0.0000000 0.0000000 0.0000000 0.0000000 0.0000000 0.0000000 0.0000000 0.0000000 0.0000000 0.0000000 0.0000000 0.0000000 0.0000000 0.0000000 0.0000000 0.0000000  1.0000000 0.0000000 0.0000000 0.0000000 0.0000000 0.0000000 0.0000000 0.0000000 0.0000000 0.0000000 0.0000000 0.0000000 0.0000000 0.0000000 0.0000000 0.0000000 0.0000000 0.0000000 0.0000000 0.0000000 0.0000000 0.0000000
NP_Jetmistag                       0.0000000 0.0000000 0.0000000 0.0000000 0.0000000 0.0000000 0.0000000 0.0000000 0.0000000 0.0000000 0.0000000 0.0000000 0.0000000 0.0000000 0.0000000 0.0000000 0.0000000 0.0000000 0.0000000 0.0000000 0.0000000 0.0000000 0.0000000 0.0000000 0.0000000 0.0000000 0.0000000 0.0000000 0.0000000 0.0000000 0.0000000 0.0000000 0.0000000 0.0000000 0.0000000 0.0000000 0.0000000 0.0000000 0.0000000 0.0000000 0.0000000 0.0000000 0.0000000 0.0000000 0.0000000 0.0000000 0.0000000 0.0000000 0.0000000 0.0000000 0.0000000 0.0000000 0.0000000 0.0000000 0.0000000 0.0000000 0.0000000 0.0000000 0.0000000 0.0000000 0.0000000 0.0000000 0.0000000 0.0000000 0.0000000 0.0000000 0.0000000 0.0000000 0.0000000 0.0000000 0.0000000 0.0000000 0.0000000 0.0000000 0.0000000 0.0000000 0.0000000 0.0000000 0.0000000 0.0000000 0.0000000 0.0000000 0.0000000 0.0000000 0.0000000 0.0000000 0.0000000 0.0000000 0.0000000 0.0000000 0.0000000 0.0000000 0.0000000 0.0000000 0.0000000 0.0000000 0.0000000 0.0000000 0.0000000  1.0000000 0.0000000 0.0000000 0.0000000 0.0000000 0.0000000 0.0000000 0.0000000 0.0000000 0.0000000 0.0000000 0.0000000 0.0000000 0.0000000 0.0000000 0.0000000 0.0000000 0.0000000 0.0000000 0.0000000 0.0000000
NP_JetPileupOffsetMu               0.0000000 0.0000000 0.0000000 0.0000000 0.0000000 0.0000000 0.0000000 0.0000000 0.0000000 0.0000000 0.0000000 0.0000000 0.0000000 0.0000000 0.0000000 0.0000000 0.0000000 0.0000000 0.0000000 0.0000000 0.0000000 0.0000000 0.0000000 0.0000000 0.0000000 0.0000000 0.0000000 0.0000000 0.0000000 0.0000000 0.0000000 0.0000000 0.0000000 0.0000000 0.0000000 0.0000000 0.0000000 0.0000000 0.0000000 0.0000000 0.0000000 0.0000000 0.0000000 0.0000000 0.0000000 0.0000000 0.0000000 0.0000000 0.0000000 0.0000000 0.0000000 0.0000000 0.0000000 0.0000000 0.0000000 0.0000000 0.0000000 0.0000000 0.0000000 0.0000000 0.0000000 0.0000000 0.0000000 0.0000000 0.0000000 0.0000000 0.0000000 0.0000000 0.0000000 0.0000000 0.0000000 0.0000000 0.0000000 0.0000000 0.0000000 0.0000000 0.0000000 0.0000000 0.0000000 0.0000000 0.0000000 0.0000000 0.0000000 0.0000000 0.0000000 0.0000000 0.0000000 0.0000000 0.0000000 0.0000000 0.0000000 0.0000000 0.0000000 0.0000000 0.0000000 0.0000000 0.0000000 0.0000000 0.0000000 0.0000000  1.0000000 0.0000000 0.0000000 0.0000000 0.0000000 0.0000000 0.0000000 0.0000000 0.0000000 0.0000000 0.0000000 0.0000000 0.0000000 0.0000000 0.0000000 0.0000000 0.0000000 0.0000000 0.0000000 0.0000000
NP_JetPileupOffsetNPV              0.0000000 0.0000000 0.0000000 0.0000000 0.0000000 0.0000000 0.0000000 0.0000000 0.0000000 0.0000000 0.0000000 0.0000000 0.0000000 0.0000000 0.0000000 0.0000000 0.0000000 0.0000000 0.0000000 0.0000000 0.0000000 0.0000000 0.0000000 0.0000000 0.0000000 0.0000000 0.0000000 0.0000000 0.0000000 0.0000000 0.0000000 0.0000000 0.0000000 0.0000000 0.0000000 0.0000000 0.0000000 0.0000000 0.0000000 0.0000000 0.0000000 0.0000000 0.0000000 0.0000000 0.0000000 0.0000000 0.0000000 0.0000000 0.0000000 0.0000000 0.0000000 0.0000000 0.0000000 0.0000000 0.0000000 0.0000000 0.0000000 0.0000000 0.0000000 0.0000000 0.0000000 0.0000000 0.0000000 0.0000000 0.0000000 0.0000000 0.0000000 0.0000000 0.0000000 0.0000000 0.0000000 0.0000000 0.0000000 0.0000000 0.0000000 0.0000000 0.0000000 0.0000000 0.0000000 0.0000000 0.0000000 0.0000000 0.0000000 0.0000000 0.0000000 0.0000000 0.0000000 0.0000000 0.0000000 0.0000000 0.0000000 0.0000000 0.0000000 0.0000000 0.0000000 0.0000000 0.0000000 0.0000000 0.0000000 0.0000000 0.0000000  1.0000000 0.0000000 0.0000000 0.0000000 0.0000000 0.0000000 0.0000000 0.0000000 0.0000000 0.0000000 0.0000000 0.0000000 0.0000000 0.0000000 0.0000000 0.0000000 0.0000000 0.0000000 0.0000000
NP_JetPileupPt                     0.0000000 0.0000000 0.0000000 0.0000000 0.0000000 0.0000000 0.0000000 0.0000000 0.0000000 0.0000000 0.0000000 0.0000000 0.0000000 0.0000000 0.0000000 0.0000000 0.0000000 0.0000000 0.0000000 0.0000000 0.0000000 0.0000000 0.0000000 0.0000000 0.0000000 0.0000000 0.0000000 0.0000000 0.0000000 0.0000000 0.0000000 0.0000000 0.0000000 0.0000000 0.0000000 0.0000000 0.0000000 0.0000000 0.0000000 0.0000000 0.0000000 0.0000000 0.0000000 0.0000000 0.0000000 0.0000000 0.0000000 0.0000000 0.0000000 0.0000000 0.0000000 0.0000000 0.0000000 0.0000000 0.0000000 0.0000000 0.0000000 0.0000000 0.0000000 0.0000000 0.0000000 0.0000000 0.0000000 0.0000000 0.0000000 0.0000000 0.0000000 0.0000000 0.0000000 0.0000000 0.0000000 0.0000000 0.0000000 0.0000000 0.0000000 0.0000000 0.0000000 0.0000000 0.0000000 0.0000000 0.0000000 0.0000000 0.0000000 0.0000000 0.0000000 0.0000000 0.0000000 0.0000000 0.0000000 0.0000000 0.0000000 0.0000000 0.0000000 0.0000000 0.0000000 0.0000000 0.0000000 0.0000000 0.0000000 0.0000000 0.0000000 0.0000000  1.0000000 0.0000000 0.0000000 0.0000000 0.0000000 0.0000000 0.0000000 0.0000000 0.0000000 0.0000000 0.0000000 0.0000000 0.0000000 0.0000000 0.0000000 0.0000000 0.0000000 0.0000000
NP_JetPileupRho                    0.0000000 0.0000000 0.0000000 0.0000000 0.0000000 0.0000000 0.0000000 0.0000000 0.0000000 0.0000000 0.0000000 0.0000000 0.0000000 0.0000000 0.0000000 0.0000000 0.0000000 0.0000000 0.0000000 0.0000000 0.0000000 0.0000000 0.0000000 0.0000000 0.0000000 0.0000000 0.0000000 0.0000000 0.0000000 0.0000000 0.0000000 0.0000000 0.0000000 0.0000000 0.0000000 0.0000000 0.0000000 0.0000000 0.0000000 0.0000000 0.0000000 0.0000000 0.0000000 0.0000000 0.0000000 0.0000000 0.0000000 0.0000000 0.0000000 0.0000000 0.0000000 0.0000000 0.0000000 0.0000000 0.0000000 0.0000000 0.0000000 0.0000000 0.0000000 0.0000000 0.0000000 0.0000000 0.0000000 0.0000000 0.0000000 0.0000000 0.0000000 0.0000000 0.0000000 0.0000000 0.0000000 0.0000000 0.0000000 0.0000000 0.0000000 0.0000000 0.0000000 0.0000000 0.0000000 0.0000000 0.0000000 0.0000000 0.0000000 0.0000000 0.0000000 0.0000000 0.0000000 0.0000000 0.0000000 0.0000000 0.0000000 0.0000000 0.0000000 0.0000000 0.0000000 0.0000000 0.0000000 0.0000000 0.0000000 0.0000000 0.0000000 0.0000000 0.0000000  1.0000000 0.0000000 0.0000000 0.0000000 0.0000000 0.0000000 0.0000000 0.0000000 0.0000000 0.0000000 0.0000000 0.0000000 0.0000000 0.0000000 0.0000000 0.0000000 0.0000000
NP_JetPunchThrough                 0.0000000 0.0000000 0.0000000 0.0000000 0.0000000 0.0000000 0.0000000 0.0000000 0.0000000 0.0000000 0.0000000 0.0000000 0.0000000 0.0000000 0.0000000 0.0000000 0.0000000 0.0000000 0.0000000 0.0000000 0.0000000 0.0000000 0.0000000 0.0000000 0.0000000 0.0000000 0.0000000 0.0000000 0.0000000 0.0000000 0.0000000 0.0000000 0.0000000 0.0000000 0.0000000 0.0000000 0.0000000 0.0000000 0.0000000 0.0000000 0.0000000 0.0000000 0.0000000 0.0000000 0.0000000 0.0000000 0.0000000 0.0000000 0.0000000 0.0000000 0.0000000 0.0000000 0.0000000 0.0000000 0.0000000 0.0000000 0.0000000 0.0000000 0.0000000 0.0000000 0.0000000 0.0000000 0.0000000 0.0000000 0.0000000 0.0000000 0.0000000 0.0000000 0.0000000 0.0000000 0.0000000 0.0000000 0.0000000 0.0000000 0.0000000 0.0000000 0.0000000 0.0000000 0.0000000 0.0000000 0.0000000 0.0000000 0.0000000 0.0000000 0.0000000 0.0000000 0.0000000 0.0000000 0.0000000 0.0000000 0.0000000 0.0000000 0.0000000 0.0000000 0.0000000 0.0000000 0.0000000 0.0000000 0.0000000 0.0000000 0.0000000 0.0000000 0.0000000 0.0000000  1.0000000 0.0000000 0.0000000 0.0000000 0.0000000 0.0000000 0.0000000 0.0000000 0.0000000 0.0000000 0.0000000 0.0000000 0.0000000 0.0000000 0.0000000 0.0000000
NP_JetSinglePart                   0.0000000 0.0000000 0.0000000 0.0000000 0.0000000 0.0000000 0.0000000 0.0000000 0.0000000 0.0000000 0.0000000 0.0000000 0.0000000 0.0000000 0.0000000 0.0000000 0.0000000 0.0000000 0.0000000 0.0000000 0.0000000 0.0000000 0.0000000 0.0000000 0.0000000 0.0000000 0.0000000 0.0000000 0.0000000 0.0000000 0.0000000 0.0000000 0.0000000 0.0000000 0.0000000 0.0000000 0.0000000 0.0000000 0.0000000 0.0000000 0.0000000 0.0000000 0.0000000 0.0000000 0.0000000 0.0000000 0.0000000 0.0000000 0.0000000 0.0000000 0.0000000 0.0000000 0.0000000 0.0000000 0.0000000 0.0000000 0.0000000 0.0000000 0.0000000 0.0000000 0.0000000 0.0000000 0.0000000 0.0000000 0.0000000 0.0000000 0.0000000 0.0000000 0.0000000 0.0000000 0.0000000 0.0000000 0.0000000 0.0000000 0.0000000 0.0000000 0.0000000 0.0000000 0.0000000 0.0000000 0.0000000 0.0000000 0.0000000 0.0000000 0.0000000 0.0000000 0.0000000 0.0000000 0.0000000 0.0000000 0.0000000 0.0000000 0.0000000 0.0000000 0.0000000 0.0000000 0.0000000 0.0000000 0.0000000 0.0000000 0.0000000 0.0000000 0.0000000 0.0000000 0.0000000  1.0000000 0.0000000 0.0000000 0.0000000 0.0000000 0.0000000 0.0000000 0.0000000 0.0000000 0.0000000 0.0000000 0.0000000 0.0000000 0.0000000 0.0000000
NP_METres                          0.0000000 0.0000000 0.0000000 0.0000000 0.0000000 0.0000000 0.0000000 0.0000000 0.0000000 0.0000000 0.0000000 0.0000000 0.0000000 0.0000000 0.0000000 0.0000000 0.0000000 0.0000000 0.0000000 0.0000000 0.0000000 0.0000000 0.0000000 0.0000000 0.0000000 0.0000000 0.0000000 0.0000000 0.0000000 0.0000000 0.0000000 0.0000000 0.0000000 0.0000000 0.0000000 0.0000000 0.0000000 0.0000000 0.0000000 0.0000000 0.0000000 0.0000000 0.0000000 0.0000000 0.0000000 0.0000000 0.0000000 0.0000000 0.0000000 0.0000000 0.0000000 0.0000000 0.0000000 0.0000000 0.0000000 0.0000000 0.0000000 0.0000000 0.0000000 0.0000000 0.0000000 0.0000000 0.0000000 0.0000000 0.0000000 0.0000000 0.0000000 0.0000000 0.0000000 0.0000000 0.0000000 0.0000000 0.0000000 0.0000000 0.0000000 0.0000000 0.0000000 0.0000000 0.0000000 0.0000000 0.0000000 0.0000000 0.0000000 0.0000000 0.0000000 0.0000000 0.0000000 0.0000000 0.0000000 0.0000000 0.0000000 0.0000000 0.0000000 0.0000000 0.0000000 0.0000000 0.0000000 0.0000000 0.0000000 0.0000000 0.0000000 0.0000000 0.0000000 0.0000000 0.0000000 0.0000000  1.0000000 0.0000000 0.0000000 0.0000000 0.0000000 0.0000000 0.0000000 0.0000000 0.0000000 0.0000000 0.0000000 0.0000000 0.0000000 0.0000000
NP_METsc                           0.0000000 0.0000000 0.0000000 0.0000000 0.0000000 0.0000000 0.0000000 0.0000000 0.0000000 0.0000000 0.0000000 0.0000000 0.0000000 0.0000000 0.0000000 0.0000000 0.0000000 0.0000000 0.0000000 0.0000000 0.0000000 0.0000000 0.0000000 0.0000000 0.0000000 0.0000000 0.0000000 0.0000000 0.0000000 0.0000000 0.0000000 0.0000000 0.0000000 0.0000000 0.0000000 0.0000000 0.0000000 0.0000000 0.0000000 0.0000000 0.0000000 0.0000000 0.0000000 0.0000000 0.0000000 0.0000000 0.0000000 0.0000000 0.0000000 0.0000000 0.0000000 0.0000000 0.0000000 0.0000000 0.0000000 0.0000000 0.0000000 0.0000000 0.0000000 0.0000000 0.0000000 0.0000000 0.0000000 0.0000000 0.0000000 0.0000000 0.0000000 0.0000000 0.0000000 0.0000000 0.0000000 0.0000000 0.0000000 0.0000000 0.0000000 0.0000000 0.0000000 0.0000000 0.0000000 0.0000000 0.0000000 0.0000000 0.0000000 0.0000000 0.0000000 0.0000000 0.0000000 0.0000000 0.0000000 0.0000000 0.0000000 0.0000000 0.0000000 0.0000000 0.0000000 0.0000000 0.0000000 0.0000000 0.0000000 0.0000000 0.0000000 0.0000000 0.0000000 0.0000000 0.0000000 0.0000000 0.0000000  1.0000000 0.0000000 0.0000000 0.0000000 0.0000000 0.0000000 0.0000000 0.0000000 0.0000000 0.0000000 0.0000000 0.0000000 0.0000000
NP_Muonidres                       0.0000000 0.0000000 0.0000000 0.0000000 0.0000000 0.0000000 0.0000000 0.0000000 0.0000000 0.0000000 0.0000000 0.0000000 0.0000000 0.0000000 0.0000000 0.0000000 0.0000000 0.0000000 0.0000000 0.0000000 0.0000000 0.0000000 0.0000000 0.0000000 0.0000000 0.0000000 0.0000000 0.0000000 0.0000000 0.0000000 0.0000000 0.0000000 0.0000000 0.0000000 0.0000000 0.0000000 0.0000000 0.0000000 0.0000000 0.0000000 0.0000000 0.0000000 0.0000000 0.0000000 0.0000000 0.0000000 0.0000000 0.0000000 0.0000000 0.0000000 0.0000000 0.0000000 0.0000000 0.0000000 0.0000000 0.0000000 0.0000000 0.0000000 0.0000000 0.0000000 0.0000000 0.0000000 0.0000000 0.0000000 0.0000000 0.0000000 0.0000000 0.0000000 0.0000000 0.0000000 0.0000000 0.0000000 0.0000000 0.0000000 0.0000000 0.0000000 0.0000000 0.0000000 0.0000000 0.0000000 0.0000000 0.0000000 0.0000000 0.0000000 0.0000000 0.0000000 0.0000000 0.0000000 0.0000000 0.0000000 0.0000000 0.0000000 0.0000000 0.0000000 0.0000000 0.0000000 0.0000000 0.0000000 0.0000000 0.0000000 0.0000000 0.0000000 0.0000000 0.0000000 0.0000000 0.0000000 0.0000000 0.0000000  1.0000000 0.0000000 0.0000000 0.0000000 0.0000000 0.0000000 0.0000000 0.0000000 0.0000000 0.0000000 0.0000000 0.0000000
NP_Muonmsres                       0.0000000 0.0000000 0.0000000 0.0000000 0.0000000 0.0000000 0.0000000 0.0000000 0.0000000 0.0000000 0.0000000 0.0000000 0.0000000 0.0000000 0.0000000 0.0000000 0.0000000 0.0000000 0.0000000 0.0000000 0.0000000 0.0000000 0.0000000 0.0000000 0.0000000 0.0000000 0.0000000 0.0000000 0.0000000 0.0000000 0.0000000 0.0000000 0.0000000 0.0000000 0.0000000 0.0000000 0.0000000 0.0000000 0.0000000 0.0000000 0.0000000 0.0000000 0.0000000 0.0000000 0.0000000 0.0000000 0.0000000 0.0000000 0.0000000 0.0000000 0.0000000 0.0000000 0.0000000 0.0000000 0.0000000 0.0000000 0.0000000 0.0000000 0.0000000 0.0000000 0.0000000 0.0000000 0.0000000 0.0000000 0.0000000 0.0000000 0.0000000 0.0000000 0.0000000 0.0000000 0.0000000 0.0000000 0.0000000 0.0000000 0.0000000 0.0000000 0.0000000 0.0000000 0.0000000 0.0000000 0.0000000 0.0000000 0.0000000 0.0000000 0.0000000 0.0000000 0.0000000 0.0000000 0.0000000 0.0000000 0.0000000 0.0000000 0.0000000 0.0000000 0.0000000 0.0000000 0.0000000 0.0000000 0.0000000 0.0000000 0.0000000 0.0000000 0.0000000 0.0000000 0.0000000 0.0000000 0.0000000 0.0000000 0.0000000  1.0000000 0.0000000 0.0000000 0.0000000 0.0000000 0.0000000 0.0000000 0.0000000 0.0000000 0.0000000 0.0000000
NP_Muonsc                          0.0000000 0.0000000 0.0000000 0.0000000 0.0000000 0.0000000 0.0000000 0.0000000 0.0000000 0.0000000 0.0000000 0.0000000 0.0000000 0.0000000 0.0000000 0.0000000 0.0000000 0.0000000 0.0000000 0.0000000 0.0000000 0.0000000 0.0000000 0.0000000 0.0000000 0.0000000 0.0000000 0.0000000 0.0000000 0.0000000 0.0000000 0.0000000 0.0000000 0.0000000 0.0000000 0.0000000 0.0000000 0.0000000 0.0000000 0.0000000 0.0000000 0.0000000 0.0000000 0.0000000 0.0000000 0.0000000 0.0000000 0.0000000 0.0000000 0.0000000 0.0000000 0.0000000 0.0000000 0.0000000 0.0000000 0.0000000 0.0000000 0.0000000 0.0000000 0.0000000 0.0000000 0.0000000 0.0000000 0.0000000 0.0000000 0.0000000 0.0000000 0.0000000 0.0000000 0.0000000 0.0000000 0.0000000 0.0000000 0.0000000 0.0000000 0.0000000 0.0000000 0.0000000 0.0000000 0.0000000 0.0000000 0.0000000 0.0000000 0.0000000 0.0000000 0.0000000 0.0000000 0.0000000 0.0000000 0.0000000 0.0000000 0.0000000 0.0000000 0.0000000 0.0000000 0.0000000 0.0000000 0.0000000 0.0000000 0.0000000 0.0000000 0.0000000 0.0000000 0.0000000 0.0000000 0.0000000 0.0000000 0.0000000 0.0000000 0.0000000  1.0000000 0.0000000 0.0000000 0.0000000 0.0000000 0.0000000 0.0000000 0.0000000 0.0000000 0.0000000
NP_QCDMMFAKEALTERNATE              0.0000000 0.0000000 0.0000000 0.0000000 0.0000000 0.0000000 0.0000000 0.0000000 0.0000000 0.0000000 0.0000000 0.0000000 0.0000000 0.0000000 0.0000000 0.0000000 0.0000000 0.0000000 0.0000000 0.0000000 0.0000000 0.0000000 0.0000000 0.0000000 0.0000000 0.0000000 0.0000000 0.0000000 0.0000000 0.0000000 0.0000000 0.0000000 0.0000000 0.0000000 0.0000000 0.0000000 0.0000000 0.0000000 0.0000000 0.0000000 0.0000000 0.0000000 0.0000000 0.0000000 0.0000000 0.0000000 0.0000000 0.0000000 0.0000000 0.0000000 0.0000000 0.0000000 0.0000000 0.0000000 0.0000000 0.0000000 0.0000000 0.0000000 0.0000000 0.0000000 0.0000000 0.0000000 0.0000000 0.0000000 0.0000000 0.0000000 0.0000000 0.0000000 0.0000000 0.0000000 0.0000000 0.0000000 0.0000000 0.0000000 0.0000000 0.0000000 0.0000000 0.0000000 0.0000000 0.0000000 0.0000000 0.0000000 0.0000000 0.0000000 0.0000000 0.0000000 0.0000000 0.0000000 0.0000000 0.0000000 0.0000000 0.0000000 0.0000000 0.0000000 0.0000000 0.0000000 0.0000000 0.0000000 0.0000000 0.0000000 0.0000000 0.0000000 0.0000000 0.0000000 0.0000000 0.0000000 0.0000000 0.0000000 0.0000000 0.0000000 0.0000000  1.0000000 0.0000000 0.0000000 0.0000000 0.0000000 0.0000000 0.0000000 0.0000000 0.0000000
NP_QCDMMFAKEMCUP                   0.0000000 0.0000000 0.0000000 0.0000000 0.0000000 0.0000000 0.0000000 0.0000000 0.0000000 0.0000000 0.0000000 0.0000000 0.0000000 0.0000000 0.0000000 0.0000000 0.0000000 0.0000000 0.0000000 0.0000000 0.0000000 0.0000000 0.0000000 0.0000000 0.0000000 0.0000000 0.0000000 0.0000000 0.0000000 0.0000000 0.0000000 0.0000000 0.0000000 0.0000000 0.0000000 0.0000000 0.0000000 0.0000000 0.0000000 0.0000000 0.0000000 0.0000000 0.0000000 0.0000000 0.0000000 0.0000000 0.0000000 0.0000000 0.0000000 0.0000000 0.0000000 0.0000000 0.0000000 0.0000000 0.0000000 0.0000000 0.0000000 0.0000000 0.0000000 0.0000000 0.0000000 0.0000000 0.0000000 0.0000000 0.0000000 0.0000000 0.0000000 0.0000000 0.0000000 0.0000000 0.0000000 0.0000000 0.0000000 0.0000000 0.0000000 0.0000000 0.0000000 0.0000000 0.0000000 0.0000000 0.0000000 0.0000000 0.0000000 0.0000000 0.0000000 0.0000000 0.0000000 0.0000000 0.0000000 0.0000000 0.0000000 0.0000000 0.0000000 0.0000000 0.0000000 0.0000000 0.0000000 0.0000000 0.0000000 0.0000000 0.0000000 0.0000000 0.0000000 0.0000000 0.0000000 0.0000000 0.0000000 0.0000000 0.0000000 0.0000000 0.0000000 0.0000000  1.0000000 0.0000000 0.0000000 0.0000000 0.0000000 0.0000000 0.0000000 0.0000000
NP_QCDMMPARALTERNATE               0.0000000 0.0000000 0.0000000 0.0000000 0.0000000 0.0000000 0.0000000 0.0000000 0.0000000 0.0000000 0.0000000 0.0000000 0.0000000 0.0000000 0.0000000 0.0000000 0.0000000 0.0000000 0.0000000 0.0000000 0.0000000 0.0000000 0.0000000 0.0000000 0.0000000 0.0000000 0.0000000 0.0000000 0.0000000 0.0000000 0.0000000 0.0000000 0.0000000 0.0000000 0.0000000 0.0000000 0.0000000 0.0000000 0.0000000 0.0000000 0.0000000 0.0000000 0.0000000 0.0000000 0.0000000 0.0000000 0.0000000 0.0000000 0.0000000 0.0000000 0.0000000 0.0000000 0.0000000 0.0000000 0.0000000 0.0000000 0.0000000 0.0000000 0.0000000 0.0000000 0.0000000 0.0000000 0.0000000 0.0000000 0.0000000 0.0000000 0.0000000 0.0000000 0.0000000 0.0000000 0.0000000 0.0000000 0.0000000 0.0000000 0.0000000 0.0000000 0.0000000 0.0000000 0.0000000 0.0000000 0.0000000 0.0000000 0.0000000 0.0000000 0.0000000 0.0000000 0.0000000 0.0000000 0.0000000 0.0000000 0.0000000 0.0000000 0.0000000 0.0000000 0.0000000 0.0000000 0.0000000 0.0000000 0.0000000 0.0000000 0.0000000 0.0000000 0.0000000 0.0000000 0.0000000 0.0000000 0.0000000 0.0000000 0.0000000 0.0000000 0.0000000 0.0000000 0.0000000  1.0000000 0.0000000 0.0000000 0.0000000 0.0000000 0.0000000 0.0000000
NP_QCDMMREALALTERNATE              0.0000000 0.0000000 0.0000000 0.0000000 0.0000000 0.0000000 0.0000000 0.0000000 0.0000000 0.0000000 0.0000000 0.0000000 0.0000000 0.0000000 0.0000000 0.0000000 0.0000000 0.0000000 0.0000000 0.0000000 0.0000000 0.0000000 0.0000000 0.0000000 0.0000000 0.0000000 0.0000000 0.0000000 0.0000000 0.0000000 0.0000000 0.0000000 0.0000000 0.0000000 0.0000000 0.0000000 0.0000000 0.0000000 0.0000000 0.0000000 0.0000000 0.0000000 0.0000000 0.0000000 0.0000000 0.0000000 0.0000000 0.0000000 0.0000000 0.0000000 0.0000000 0.0000000 0.0000000 0.0000000 0.0000000 0.0000000 0.0000000 0.0000000 0.0000000 0.0000000 0.0000000 0.0000000 0.0000000 0.0000000 0.0000000 0.0000000 0.0000000 0.0000000 0.0000000 0.0000000 0.0000000 0.0000000 0.0000000 0.0000000 0.0000000 0.0000000 0.0000000 0.0000000 0.0000000 0.0000000 0.0000000 0.0000000 0.0000000 0.0000000 0.0000000 0.0000000 0.0000000 0.0000000 0.0000000 0.0000000 0.0000000 0.0000000 0.0000000 0.0000000 0.0000000 0.0000000 0.0000000 0.0000000 0.0000000 0.0000000 0.0000000 0.0000000 0.0000000 0.0000000 0.0000000 0.0000000 0.0000000 0.0000000 0.0000000 0.0000000 0.0000000 0.0000000 0.0000000 0.0000000  1.0000000 0.0000000 0.0000000 0.0000000 0.0000000 0.0000000
NP_SINGLETOPNORMUP                 0.0000000 0.0000000 0.0000000 0.0000000 0.0000000 0.0000000 0.0000000 0.0000000 0.0000000 0.0000000 0.0000000 0.0000000 0.0000000 0.0000000 0.0000000 0.0000000 0.0000000 0.0000000 0.0000000 0.0000000 0.0000000 0.0000000 0.0000000 0.0000000 0.0000000 0.0000000 0.0000000 0.0000000 0.0000000 0.0000000 0.0000000 0.0000000 0.0000000 0.0000000 0.0000000 0.0000000 0.0000000 0.0000000 0.0000000 0.0000000 0.0000000 0.0000000 0.0000000 0.0000000 0.0000000 0.0000000 0.0000000 0.0000000 0.0000000 0.0000000 0.0000000 0.0000000 0.0000000 0.0000000 0.0000000 0.0000000 0.0000000 0.0000000 0.0000000 0.0000000 0.0000000 0.0000000 0.0000000 0.0000000 0.0000000 0.0000000 0.0000000 0.0000000 0.0000000 0.0000000 0.0000000 0.0000000 0.0000000 0.0000000 0.0000000 0.0000000 0.0000000 0.0000000 0.0000000 0.0000000 0.0000000 0.0000000 0.0000000 0.0000000 0.0000000 0.0000000 0.0000000 0.0000000 0.0000000 0.0000000 0.0000000 0.0000000 0.0000000 0.0000000 0.0000000 0.0000000 0.0000000 0.0000000 0.0000000 0.0000000 0.0000000 0.0000000 0.0000000 0.0000000 0.0000000 0.0000000 0.0000000 0.0000000 0.0000000 0.0000000 0.0000000 0.0000000 0.0000000 0.0000000 0.0000000  1.0000000 0.0000000 0.0000000 0.0000000 0.0000000
NP_TtbarColorReconnection          0.0000000 0.0000000 0.0000000 0.0000000 0.0000000 0.0000000 0.0000000 0.0000000 0.0000000 0.0000000 0.0000000 0.0000000 0.0000000 0.0000000 0.0000000 0.0000000 0.0000000 0.0000000 0.0000000 0.0000000 0.0000000 0.0000000 0.0000000 0.0000000 0.0000000 0.0000000 0.0000000 0.0000000 0.0000000 0.0000000 0.0000000 0.0000000 0.0000000 0.0000000 0.0000000 0.0000000 0.0000000 0.0000000 0.0000000 0.0000000 0.0000000 0.0000000 0.0000000 0.0000000 0.0000000 0.0000000 0.0000000 0.0000000 0.0000000 0.0000000 0.0000000 0.0000000 0.0000000 0.0000000 0.0000000 0.0000000 0.0000000 0.0000000 0.0000000 0.0000000 0.0000000 0.0000000 0.0000000 0.0000000 0.0000000 0.0000000 0.0000000 0.0000000 0.0000000 0.0000000 0.0000000 0.0000000 0.0000000 0.0000000 0.0000000 0.0000000 0.0000000 0.0000000 0.0000000 0.0000000 0.0000000 0.0000000 0.0000000 0.0000000 0.0000000 0.0000000 0.0000000 0.0000000 0.0000000 0.0000000 0.0000000 0.0000000 0.0000000 0.0000000 0.0000000 0.0000000 0.0000000 0.0000000 0.0000000 0.0000000 0.0000000 0.0000000 0.0000000 0.0000000 0.0000000 0.0000000 0.0000000 0.0000000 0.0000000 0.0000000 0.0000000 0.0000000 0.0000000 0.0000000 0.0000000 0.0000000  1.0000000 0.0000000 0.0000000 0.0000000
NP_TtbarShowerHadronization        0.0000000 0.0000000 0.0000000 0.0000000 0.0000000 0.0000000 0.0000000 0.0000000 0.0000000 0.0000000 0.0000000 0.0000000 0.0000000 0.0000000 0.0000000 0.0000000 0.0000000 0.0000000 0.0000000 0.0000000 0.0000000 0.0000000 0.0000000 0.0000000 0.0000000 0.0000000 0.0000000 0.0000000 0.0000000 0.0000000 0.0000000 0.0000000 0.0000000 0.0000000 0.0000000 0.0000000 0.0000000 0.0000000 0.0000000 0.0000000 0.0000000 0.0000000 0.0000000 0.0000000 0.0000000 0.0000000 0.0000000 0.0000000 0.0000000 0.0000000 0.0000000 0.0000000 0.0000000 0.0000000 0.0000000 0.0000000 0.0000000 0.0000000 0.0000000 0.0000000 0.0000000 0.0000000 0.0000000 0.0000000 0.0000000 0.0000000 0.0000000 0.0000000 0.0000000 0.0000000 0.0000000 0.0000000 0.0000000 0.0000000 0.0000000 0.0000000 0.0000000 0.0000000 0.0000000 0.0000000 0.0000000 0.0000000 0.0000000 0.0000000 0.0000000 0.0000000 0.0000000 0.0000000 0.0000000 0.0000000 0.0000000 0.0000000 0.0000000 0.0000000 0.0000000 0.0000000 0.0000000 0.0000000 0.0000000 0.0000000 0.0000000 0.0000000 0.0000000 0.0000000 0.0000000 0.0000000 0.0000000 0.0000000 0.0000000 0.0000000 0.0000000 0.0000000 0.0000000 0.0000000 0.0000000 0.0000000 0.0000000  1.0000000 0.0000000 0.0000000
NP_WJETSNORMUP                     0.0000000 0.0000000 0.0000000 0.0000000 0.0000000 0.0000000 0.0000000 0.0000000 0.0000000 0.0000000 0.0000000 0.0000000 0.0000000 0.0000000 0.0000000 0.0000000 0.0000000 0.0000000 0.0000000 0.0000000 0.0000000 0.0000000 0.0000000 0.0000000 0.0000000 0.0000000 0.0000000 0.0000000 0.0000000 0.0000000 0.0000000 0.0000000 0.0000000 0.0000000 0.0000000 0.0000000 0.0000000 0.0000000 0.0000000 0.0000000 0.0000000 0.0000000 0.0000000 0.0000000 0.0000000 0.0000000 0.0000000 0.0000000 0.0000000 0.0000000 0.0000000 0.0000000 0.0000000 0.0000000 0.0000000 0.0000000 0.0000000 0.0000000 0.0000000 0.0000000 0.0000000 0.0000000 0.0000000 0.0000000 0.0000000 0.0000000 0.0000000 0.0000000 0.0000000 0.0000000 0.0000000 0.0000000 0.0000000 0.0000000 0.0000000 0.0000000 0.0000000 0.0000000 0.0000000 0.0000000 0.0000000 0.0000000 0.0000000 0.0000000 0.0000000 0.0000000 0.0000000 0.0000000 0.0000000 0.0000000 0.0000000 0.0000000 0.0000000 0.0000000 0.0000000 0.0000000 0.0000000 0.0000000 0.0000000 0.0000000 0.0000000 0.0000000 0.0000000 0.0000000 0.0000000 0.0000000 0.0000000 0.0000000 0.0000000 0.0000000 0.0000000 0.0000000 0.0000000 0.0000000 0.0000000 0.0000000 0.0000000 0.0000000  1.0000000 0.0000000
NP_ZJETSNORMUP                     0.0000000 0.0000000 0.0000000 0.0000000 0.0000000 0.0000000 0.0000000 0.0000000 0.0000000 0.0000000 0.0000000 0.0000000 0.0000000 0.0000000 0.0000000 0.0000000 0.0000000 0.0000000 0.0000000 0.0000000 0.0000000 0.0000000 0.0000000 0.0000000 0.0000000 0.0000000 0.0000000 0.0000000 0.0000000 0.0000000 0.0000000 0.0000000 0.0000000 0.0000000 0.0000000 0.0000000 0.0000000 0.0000000 0.0000000 0.0000000 0.0000000 0.0000000 0.0000000 0.0000000 0.0000000 0.0000000 0.0000000 0.0000000 0.0000000 0.0000000 0.0000000 0.0000000 0.0000000 0.0000000 0.0000000 0.0000000 0.0000000 0.0000000 0.0000000 0.0000000 0.0000000 0.0000000 0.0000000 0.0000000 0.0000000 0.0000000 0.0000000 0.0000000 0.0000000 0.0000000 0.0000000 0.0000000 0.0000000 0.0000000 0.0000000 0.0000000 0.0000000 0.0000000 0.0000000 0.0000000 0.0000000 0.0000000 0.0000000 0.0000000 0.0000000 0.0000000 0.0000000 0.0000000 0.0000000 0.0000000 0.0000000 0.0000000 0.0000000 0.0000000 0.0000000 0.0000000 0.0000000 0.0000000 0.0000000 0.0000000 0.0000000 0.0000000 0.0000000 0.0000000 0.0000000 0.0000000 0.0000000 0.0000000 0.0000000 0.0000000 0.0000000 0.0000000 0.0000000 0.0000000 0.0000000 0.0000000 0.0000000 0.0000000 0.0000000  1.0000000
[end pre-combine systematics correlations]

[post-combine systematics correlations]
NP_btag0                            1.0000000 0.0000000 0.0000000 0.0000000 0.0000000 0.0000000 0.0000000 0.0000000 0.0000000 0.0000000 0.0000000 0.0000000 0.0000000 0.0000000 0.0000000 0.0000000 0.0000000 0.0000000 0.0000000 0.0000000 0.0000000 0.0000000 0.0000000 0.0000000 0.0000000 0.0000000 0.0000000 0.0000000 0.0000000 0.0000000 0.0000000 0.0000000 0.0000000 0.0000000 0.0000000 0.0000000 0.0000000 0.0000000 0.0000000 0.0000000 0.0000000 0.0000000 0.0000000 0.0000000 0.0000000 0.0000000 0.0000000 0.0000000 0.0000000 0.0000000 0.0000000 0.0000000 0.0000000 0.0000000 0.0000000 0.0000000 0.0000000 0.0000000 0.0000000 0.0000000 0.0000000 0.0000000 0.0000000 0.0000000 0.0000000 0.0000000 -0.0000010 0.0000000 0.0000000 0.0000000 0.0000000 0.0000000 0.0000000 0.0000000 0.0000000 0.0000000 0.0000000 0.0000000 0.0000000 0.0000000 0.0000000 0.0000000 0.0000000 -0.0000010 0.0000000 0.0000000 0.0000000 0.0000000 0.0000000 0.0000000 -0.0000010 0.0000000 0.0000000 0.0000000 0.0000000 0.0000000 0.0000000 0.0000000 0.0000000 0.0000000 0.0000000 0.0000000 0.0000000 0.0000000 0.0000000 0.0000000 0.0000000 0.0000000 0.0000000 0.0000000 0.0000000 0.0000000 0.0000000 0.0000000 0.0000000 0.0000000 0.0000000 0.0000000 0.0000000 0.0000000
NP_btag1                           0.0000000  1.0000000 0.0000000  0.0000030  0.0000040 -0.0000020 0.0000000 0.0000000 0.0000000 0.0000000 0.0000000  0.0000010 0.0000000 0.0000000 0.0000000  0.0000030 -0.0000050 0.0000000 0.0000000  0.0000030 -0.0000010 -0.0000020 -0.0000010  0.0000010 -0.0000020  0.0000020 -0.0000070  0.0000080 0.0000000  0.0000010 -0.0000010  0.0000010  0.0000010 0.0000000 -0.0000010 -0.0000010  0.0000010  0.0000010  0.0000010  0.0000010 -0.0000020 0.0000000 0.0000000 -0.0000010 0.0000000 0.0000000  0.0000010 0.0000000  0.0000010 -0.0000010 0.0000000 0.0000000 -0.0000020  0.0000040 0.0000000 -0.0000010 0.0000000 0.0000000 -0.0000020  0.0000010  0.0000020 -0.0000020 0.0000000 -0.0000030  0.0000010 0.0000000  0.0000130  0.0000060  0.0000020 0.0000000 -0.0000030 0.0000000 0.0000000  0.0000020 -0.0000030  0.0000060 -0.0000030  0.0000050  0.0000020  0.0000090  0.0000020 -0.0000080  0.0000010  0.0000100 0.0000000 0.0000000  0.0000080 -0.0000010 -0.0000030 0.0000000  0.0000100 0.0000000 -0.0000050  0.0000010 -0.0000020  0.0000010 -0.0000050  0.0000020  0.0000030 -0.0000020 -0.0000010 0.0000000 -0.0000020  0.0000060 0.0000000 0.0000000 -0.0000040  0.0000010 0.0000000 0.0000000 0.0000000 0.0000000 -0.0000020 0.0000000  0.0000010 0.0000000 -0.0000070 -0.0000080  0.0000020 0.0000000
NP_btag2                           0.0000000 0.0000000  1.0000000 0.0000000 0.0000000 0.0000000 0.0000000 0.0000000 0.0000000 0.0000000 0.0000000 0.0000000 0.0000000 0.0000000 0.0000000 0.0000000 0.0000000 0.0000000 0.0000000 0.0000000 0.0000000 0.0000000 0.0000000 0.0000000 0.0000000 0.0000000 0.0000000 0.0000000 0.0000000 0.0000000 0.0000000 0.0000000 0.0000000 0.0000000 0.0000000 0.0000000 0.0000000 0.0000000 0.0000000 0.0000000 0.0000000 0.0000000 0.0000000 0.0000000 0.0000000 0.0000000 0.0000000 0.0000000 0.0000000 0.0000000 0.0000000 0.0000000 0.0000000 0.0000000 0.0000000 0.0000000 0.0000000 0.0000000 0.0000000 0.0000000 0.0000000 0.0000000 0.0000000 0.0000000 0.0000000 0.0000000 0.0000000 0.0000000 0.0000000 0.0000000 0.0000000 0.0000000 0.0000000 0.0000000 0.0000000 0.0000000 0.0000000 0.0000000 0.0000000 0.0000000 0.0000000 0.0000000 0.0000000 0.0000000 0.0000000 0.0000000  0.0000010 0.0000000 0.0000000 0.0000000 0.0000000 0.0000000 0.0000000 0.0000000 0.0000000 0.0000000 0.0000000 0.0000000 0.0000000 0.0000000 0.0000000 0.0000000 0.0000000 0.0000000 0.0000000 0.0000000 0.0000000 0.0000000 0.0000000 0.0000000 0.0000000 0.0000000 0.0000000 0.0000000 0.0000000 0.0000000 0.0000000 0.0000000 0.0000000 0.0000000
NP_btag3                           0.0000000  0.0000030 0.0000000  1.0000000 -0.0000030  0.0000010 0.0000000 0.0000000 0.0000000 0.0000000 0.0000000 -0.0000010 0.0000000 0.0000000 0.0000000 -0.0000030  0.0000040 0.0000000 0.0000000 -0.0000020  0.0000010  0.0000010  0.0000010 -0.0000010  0.0000020 -0.0000010  0.0000060 -0.0000070 0.0000000 -0.0000010  0.0000010 -0.0000010 -0.0000010 0.0000000 0.0000000  0.0000010 -0.0000010 -0.0000010 -0.0000010 -0.0000010  0.0000020 0.0000000 0.0000000 0.0000000 0.0000000 0.0000000 -0.0000010 0.0000000 0.0000000 0.0000000 0.0000000 0.0000000  0.0000010 -0.0000030 0.0000000  0.0000010 0.0000000 0.0000000  0.0000020 -0.0000010 -0.0000020  0.0000020 0.0000000  0.0000020 -0.0000010 0.0000000 -0.0000100 -0.0000050 -0.0000010 0.0000000  0.0000020 0.0000000 0.0000000 -0.0000010  0.0000020 -0.0000050  0.0000020 -0.0000040 -0.0000020 -0.0000070 -0.0000010  0.0000070 -0.0000010 -0.0000080 0.0000000 0.0000000 -0.0000060  0.0000010  0.0000020 0.0000000 -0.0000080 0.0000000  0.0000040 -0.0000010  0.0000020 -0.0000010  0.0000040 -0.0000020 -0.0000030  0.0000010 0.0000000 0.0000000  0.0000010 -0.0000050 0.0000000 0.0000000  0.0000030 -0.0000010 0.0000000 0.0000000 0.0000000 0.0000000  0.0000020 0.0000000 -0.0000010 0.0000000  0.0000060  0.0000060 -0.0000020 0.0000000
NP_btag4                           0.0000000  0.0000040 0.0000000 -0.0000030  1.0000000  0.0000020 0.0000000 0.0000000 0.0000000 0.0000000 0.0000000 -0.0000010 0.0000000 0.0000000 0.0000000 -0.0000040  0.0000060 0.0000000 0.0000000 -0.0000030  0.0000020  0.0000020  0.0000010 -0.0000010  0.0000030 -0.0000020  0.0000080 -0.0000090  0.0000010 -0.0000010  0.0000010 -0.0000010 -0.0000010 0.0000000  0.0000010  0.0000010 -0.0000010 -0.0000010 -0.0000010 -0.0000020  0.0000030 0.0000000 0.0000000  0.0000010 0.0000000 0.0000000 -0.0000010 0.0000000 -0.0000010  0.0000010 0.0000000 0.0000000  0.0000020 -0.0000050 0.0000000  0.0000010 -0.0000010 0.0000000  0.0000030 -0.0000010 -0.0000030  0.0000020 0.0000000  0.0000030 -0.0000010 0.0000000 -0.0000140 -0.0000080 -0.0000020  0.0000010  0.0000030 0.0000000 0.0000000 -0.0000020  0.0000030 -0.0000060  0.0000030 -0.0000050 -0.0000030 -0.0000090 -0.0000020  0.0000090 -0.0000010 -0.0000100 0.0000000 0.0000000 -0.0000070  0.0000010  0.0000030 0.0000000 -0.0000110 0.0000000  0.0000050 -0.0000010  0.0000030 -0.0000010  0.0000050 -0.0000020 -0.0000040  0.0000020  0.0000010 0.0000000  0.0000020 -0.0000060 0.0000000 0.0000000  0.0000040 -0.0000010 0.0000000 0.0000000 0.0000000 0.0000000  0.0000020 0.0000000 -0.0000010 0.0000000  0.0000080  0.0000080 -0.0000020 0.0000000
NP_btag5                           0.0000000 -0.0000020 0.0000000  0.0000010  0.0000020  1.0000000 0.0000000 0.0000000 0.0000000 0.0000000 0.0000000 0.0000000 0.0000000 0.0000000 0.0000000  0.0000010 -0.0000020 0.0000000 0.0000000  0.0000010 -0.0000010 -0.0000010 0.0000000 0.0000000 -0.0000010  0.0000010 -0.0000030  0.0000040 0.0000000 0.0000000 0.0000000 0.0000000 0.0000000 0.0000000 0.0000000 -0.0000010  0.0000010 0.0000000 0.0000000  0.0000010 -0.0000010 0.0000000 0.0000000 0.0000000 0.0000000 0.0000000 0.0000000 0.0000000 0.0000000 0.0000000 0.0000000 0.0000000 -0.0000010  0.0000020 0.0000000 0.0000000 0.0000000 0.0000000 -0.0000010 0.0000000  0.0000010 -0.0000010 0.0000000 -0.0000010 0.0000000 0.0000000  0.0000060  0.0000030  0.0000010 0.0000000 -0.0000010 0.0000000 0.0000000  0.0000010 -0.0000010  0.0000030 -0.0000010  0.0000020  0.0000010  0.0000040  0.0000010 -0.0000040 0.0000000  0.0000040 0.0000000 0.0000000  0.0000040 -0.0000010 -0.0000010 0.0000000  0.0000050 0.0000000 -0.0000020 0.0000000 -0.0000010  0.0000010 -0.0000020  0.0000010  0.0000010 -0.0000010 0.0000000 0.0000000 -0.0000010  0.0000030 0.0000000 0.0000000 -0.0000020 0.0000000 0.0000000 0.0000000 0.0000000 0.0000000 -0.0000010 0.0000000 0.0000000 0.0000000 -0.0000030 -0.0000040  0.0000010 0.0000000
NP_btag6                           0.0000000 0.0000000 0.0000000 0.0000000 0.0000000 0.0000000  1.0000000 0.0000000 0.0000000 0.0000000 0.0000000 0.0000000 0.0000000 0.0000000 0.0000000 0.0000000 0.0000000 0.0000000 0.0000000 0.0000000 0.0000000 0.0000000 0.0000000 0.0000000 0.0000000 0.0000000 0.0000000 0.0000000 0.0000000 0.0000000 0.0000000 0.0000000 0.0000000 0.0000000 0.0000000 0.0000000 0.0000000 0.0000000 0.0000000 0.0000000 0.0000000 0.0000000 0.0000000 0.0000000 0.0000000 0.0000000 0.0000000 0.0000000 0.0000000 0.0000000 0.0000000 0.0000000 0.0000000 0.0000000 0.0000000 0.0000000 0.0000000 0.0000000 0.0000000 0.0000000 0.0000000 0.0000000 0.0000000 0.0000000 0.0000000 0.0000000 0.0000000 0.0000000 0.0000000 0.0000000 0.0000000 0.0000000 0.0000000 0.0000000 0.0000000 0.0000000 0.0000000 0.0000000 0.0000000 0.0000000 0.0000000 0.0000000 0.0000000 0.0000000 0.0000000 0.0000000 0.0000000 0.0000000 0.0000000 0.0000000 0.0000000 0.0000000 0.0000000 0.0000000 0.0000000 0.0000000 0.0000000 0.0000000 0.0000000 0.0000000 0.0000000 0.0000000 0.0000000 0.0000000 0.0000000 0.0000000 0.0000000 0.0000000 0.0000000 0.0000000 0.0000000 0.0000000 0.0000000 0.0000000 0.0000000 0.0000000 0.0000000 0.0000000 0.0000000 0.0000000
NP_btag7                           0.0000000 0.0000000 0.0000000 0.0000000 0.0000000 0.0000000 0.0000000  1.0000000 0.0000000 0.0000000 0.0000000 0.0000000 0.0000000 0.0000000 0.0000000 0.0000000 0.0000000 0.0000000 0.0000000 0.0000000 0.0000000 0.0000000 0.0000000 0.0000000 0.0000000 0.0000000 0.0000000 0.0000000 0.0000000 0.0000000 0.0000000 0.0000000 0.0000000 0.0000000 0.0000000 0.0000000 0.0000000 0.0000000 0.0000000 0.0000000 0.0000000 0.0000000 0.0000000 0.0000000 0.0000000 0.0000000 0.0000000 0.0000000 0.0000000 0.0000000 0.0000000 0.0000000 0.0000000 0.0000000 0.0000000 0.0000000 0.0000000 0.0000000 0.0000000 0.0000000 0.0000000 0.0000000 0.0000000 0.0000000 0.0000000 0.0000000 0.0000000 0.0000000 0.0000000 0.0000000 0.0000000 0.0000000 0.0000000 0.0000000 0.0000000 0.0000000 0.0000000 0.0000000 0.0000000 0.0000000 0.0000000 0.0000000 0.0000000 0.0000000 0.0000000 0.0000000 0.0000000 0.0000000 0.0000000 0.0000000 0.0000000 0.0000000 0.0000000 0.0000000 0.0000000 0.0000000 0.0000000 0.0000000 0.0000000 0.0000000 0.0000000 0.0000000 0.0000000 0.0000000 0.0000000 0.0000000 0.0000000 0.0000000 0.0000000 0.0000000 0.0000000 0.0000000 0.0000000 0.0000000 0.0000000 0.0000000 0.0000000 0.0000000 0.0000000 0.0000000
NP_btag8                           0.0000000 0.0000000 0.0000000 0.0000000 0.0000000 0.0000000 0.0000000 0.0000000  1.0000000 0.0000000 0.0000000 0.0000000 0.0000000 0.0000000 0.0000000 0.0000000 0.0000000 0.0000000 0.0000000 0.0000000 0.0000000 0.0000000 0.0000000 0.0000000 0.0000000 0.0000000 0.0000000 0.0000000 0.0000000 0.0000000 0.0000000 0.0000000 0.0000000 0.0000000 0.0000000 0.0000000 0.0000000 0.0000000 0.0000000 0.0000000 0.0000000 0.0000000 0.0000000 0.0000000 0.0000000 0.0000000 0.0000000 0.0000000 0.0000000 0.0000000 0.0000000 0.0000000 0.0000000 0.0000000 0.0000000 0.0000000 0.0000000 0.0000000 0.0000000 0.0000000 0.0000000 0.0000000 0.0000000 0.0000000 0.0000000 0.0000000 0.0000000 0.0000000 0.0000000 0.0000000 0.0000000 0.0000000 0.0000000 0.0000000 0.0000000 0.0000000 0.0000000 0.0000000 0.0000000 0.0000000 0.0000000 0.0000000 0.0000000 0.0000000 0.0000000 0.0000000 0.0000000 0.0000000 0.0000000 0.0000000 0.0000000 0.0000000 0.0000000 0.0000000 0.0000000 0.0000000 0.0000000 0.0000000 0.0000000 0.0000000 0.0000000 0.0000000 0.0000000 0.0000000 0.0000000 0.0000000 0.0000000 0.0000000 0.0000000 0.0000000 0.0000000 0.0000000 0.0000000 0.0000000 0.0000000 0.0000000 0.0000000 0.0000000 0.0000000 0.0000000
NP_btaghighpte                     0.0000000 0.0000000 0.0000000 0.0000000 0.0000000 0.0000000 0.0000000 0.0000000 0.0000000  1.0000000 0.0000000 0.0000000 0.0000000 0.0000000 0.0000000 0.0000000 0.0000000 0.0000000 0.0000000 0.0000000 0.0000000 0.0000000 0.0000000 0.0000000 0.0000000 0.0000000 0.0000000 -0.0000010 0.0000000 0.0000000 0.0000000 0.0000000 0.0000000 0.0000000 0.0000000 0.0000000 0.0000000 0.0000000 0.0000000 0.0000000 0.0000000 0.0000000 0.0000000 0.0000000 0.0000000 0.0000000 0.0000000 0.0000000 0.0000000 0.0000000 0.0000000 0.0000000 0.0000000 0.0000000 0.0000000 0.0000000 0.0000000 0.0000000 0.0000000 0.0000000 0.0000000 0.0000000 0.0000000 0.0000000 0.0000000 0.0000000 -0.0000010 0.0000000 0.0000000 0.0000000 0.0000000 0.0000000 0.0000000 0.0000000 0.0000000 0.0000000 0.0000000 0.0000000 0.0000000 0.0000000 0.0000000 0.0000000 0.0000000 -0.0000010 0.0000000 0.0000000 0.0000000 0.0000000 0.0000000 0.0000000 -0.0000010 0.0000000 0.0000000 0.0000000 0.0000000 0.0000000 0.0000000 0.0000000 0.0000000 0.0000000 0.0000000 0.0000000 0.0000000 0.0000000 0.0000000 0.0000000 0.0000000 0.0000000 0.0000000 0.0000000 0.0000000 0.0000000 0.0000000 0.0000000 0.0000000 0.0000000 0.0000000 0.0000000 0.0000000 0.0000000
NP_CT10n0                          0.0000000 0.0000000 0.0000000 0.0000000 0.0000000 0.0000000 0.0000000 0.0000000 0.0000000 0.0000000  1.0000000 0.0000000 0.0000000 0.0000000 0.0000000 0.0000000 0.0000000 0.0000000 0.0000000 0.0000000 0.0000000 0.0000000 0.0000000 0.0000000 0.0000000 0.0000000 0.0000000 0.0000000 0.0000000 0.0000000 0.0000000 0.0000000 0.0000000 0.0000000 0.0000000 0.0000000 0.0000000 0.0000000 0.0000000 0.0000000 0.0000000 0.0000000 0.0000000 0.0000000 0.0000000 0.0000000 0.0000000 0.0000000 0.0000000 0.0000000 0.0000000 0.0000000 0.0000000 0.0000000 0.0000000 0.0000000 0.0000000 0.0000000 0.0000000 0.0000000 0.0000000 0.0000000 0.0000000 0.0000000 0.0000000 0.0000000 0.0000000 0.0000000 0.0000000 0.0000000 0.0000000 0.0000000 0.0000000 0.0000000 0.0000000 0.0000000 0.0000000 0.0000000 0.0000000 0.0000000 0.0000000 0.0000000 0.0000000 0.0000000 0.0000000 0.0000000 0.0000000 0.0000000 0.0000000 0.0000000 0.0000000 0.0000000 0.0000000 0.0000000 0.0000000 0.0000000 0.0000000 0.0000000 0.0000000 0.0000000 0.0000000 0.0000000 0.0000000 0.0000000 0.0000000 0.0000000 0.0000000 0.0000000 0.0000000 0.0000000 0.0000000 0.0000000 0.0000000 0.0000000 0.0000000 0.0000000 0.0000000 0.0000000 0.0000000 0.0000000
NP_CT10n1                          0.0000000  0.0000010 0.0000000 -0.0000010 -0.0000010 0.0000000 0.0000000 0.0000000 0.0000000 0.0000000 0.0000000  1.0000000 0.0000000 0.0000000 0.0000000 -0.0000010  0.0000010 0.0000000 0.0000000 -0.0000010 0.0000000 0.0000000 0.0000000 0.0000000 0.0000000 0.0000000  0.0000020 -0.0000020 0.0000000 0.0000000 0.0000000 0.0000000 0.0000000 0.0000000 0.0000000 0.0000000 0.0000000 0.0000000 0.0000000 0.0000000 0.0000000 0.0000000 0.0000000 0.0000000 0.0000000 0.0000000 0.0000000 0.0000000 0.0000000 0.0000000 0.0000000 0.0000000 0.0000000 -0.0000010 0.0000000 0.0000000 0.0000000 0.0000000  0.0000010 0.0000000 -0.0000010 0.0000000 0.0000000  0.0000010 0.0000000 0.0000000 -0.0000030 -0.0000010 0.0000000 0.0000000  0.0000010 0.0000000 0.0000000 0.0000000  0.0000010 -0.0000010  0.0000010 -0.0000010 0.0000000 -0.0000020 0.0000000  0.0000020 0.0000000 -0.0000020 0.0000000 0.0000000 -0.0000010 0.0000000  0.0000010 0.0000000 -0.0000020 0.0000000  0.0000010 0.0000000 0.0000000 0.0000000  0.0000010 0.0000000 -0.0000010 0.0000000 0.0000000 0.0000000 0.0000000 -0.0000010 0.0000000 0.0000000  0.0000010 0.0000000 0.0000000 0.0000000 0.0000000 0.0000000 0.0000000 0.0000000 0.0000000 0.0000000  0.0000020  0.0000020 0.0000000 0.0000000
NP_CT10n10                         0.0000000 0.0000000 0.0000000 0.0000000 0.0000000 0.0000000 0.0000000 0.0000000 0.0000000 0.0000000 0.0000000 0.0000000  1.0000000 0.0000000 0.0000000 0.0000000 0.0000000 0.0000000 0.0000000 0.0000000 0.0000000 0.0000000 0.0000000 0.0000000 0.0000000 0.0000000 0.0000000 0.0000000 0.0000000 0.0000000 0.0000000 0.0000000 0.0000000 0.0000000 0.0000000 0.0000000 0.0000000 0.0000000 0.0000000 0.0000000 0.0000000 0.0000000 0.0000000 0.0000000 0.0000000 0.0000000 0.0000000 0.0000000 0.0000000 0.0000000 0.0000000 0.0000000 0.0000000 0.0000000 0.0000000 0.0000000 0.0000000 0.0000000 0.0000000 0.0000000 0.0000000 0.0000000 0.0000000 0.0000000 0.0000000 0.0000000 0.0000000 0.0000000 0.0000000 0.0000000 0.0000000 0.0000000 0.0000000 0.0000000 0.0000000 0.0000000 0.0000000 0.0000000 0.0000000 0.0000000 0.0000000 0.0000000 0.0000000 0.0000000 0.0000000 0.0000000 0.0000000 0.0000000 0.0000000 0.0000000 0.0000000 0.0000000 0.0000000 0.0000000 0.0000000 0.0000000 0.0000000 0.0000000 0.0000000 0.0000000 0.0000000 0.0000000 0.0000000 0.0000000 0.0000000 0.0000000 0.0000000 0.0000000 0.0000000 0.0000000 0.0000000 0.0000000 0.0000000 0.0000000 0.0000000 0.0000000 0.0000000 0.0000000 0.0000000 0.0000000
NP_CT10n11                         0.0000000 0.0000000 0.0000000 0.0000000 0.0000000 0.0000000 0.0000000 0.0000000 0.0000000 0.0000000 0.0000000 0.0000000 0.0000000  1.0000000 0.0000000 0.0000000 0.0000000 0.0000000 0.0000000 0.0000000 0.0000000 0.0000000 0.0000000 0.0000000 0.0000000 0.0000000 0.0000000 0.0000000 0.0000000 0.0000000 0.0000000 0.0000000 0.0000000 0.0000000 0.0000000 0.0000000 0.0000000 0.0000000 0.0000000 0.0000000 0.0000000 0.0000000 0.0000000 0.0000000 0.0000000 0.0000000 0.0000000 0.0000000 0.0000000 0.0000000 0.0000000 0.0000000 0.0000000 0.0000000 0.0000000 0.0000000 0.0000000 0.0000000 0.0000000 0.0000000 0.0000000 0.0000000 0.0000000 0.0000000 0.0000000 0.0000000 -0.0000010 0.0000000 0.0000000 0.0000000 0.0000000 0.0000000 0.0000000 0.0000000 0.0000000 0.0000000 0.0000000 0.0000000 0.0000000 0.0000000 0.0000000 0.0000000 0.0000000 0.0000000 0.0000000 0.0000000 0.0000000 0.0000000 0.0000000 0.0000000 0.0000000 0.0000000 0.0000000 0.0000000 0.0000000 0.0000000 0.0000000 0.0000000 0.0000000 0.0000000 0.0000000 0.0000000 0.0000000 0.0000000 0.0000000 0.0000000 0.0000000 0.0000000 0.0000000 0.0000000 0.0000000 0.0000000 0.0000000 0.0000000 0.0000000 0.0000000 0.0000000 0.0000000 0.0000000 0.0000000
NP_CT10n12                         0.0000000 0.0000000 0.0000000 0.0000000 0.0000000 0.0000000 0.0000000 0.0000000 0.0000000 0.0000000 0.0000000 0.0000000 0.0000000 0.0000000  1.0000000 0.0000000 0.0000000 0.0000000 0.0000000 0.0000000 0.0000000 0.0000000 0.0000000 0.0000000 0.0000000 0.0000000 0.0000000 0.0000000 0.0000000 0.0000000 0.0000000 0.0000000 0.0000000 0.0000000 0.0000000 0.0000000 0.0000000 0.0000000 0.0000000 0.0000000 0.0000000 0.0000000 0.0000000 0.0000000 0.0000000 0.0000000 0.0000000 0.0000000 0.0000000 0.0000000 0.0000000 0.0000000 0.0000000 0.0000000 0.0000000 0.0000000 0.0000000 0.0000000 0.0000000 0.0000000 0.0000000 0.0000000 0.0000000 0.0000000 0.0000000 0.0000000 0.0000000 0.0000000 0.0000000 0.0000000 0.0000000 0.0000000 0.0000000 0.0000000 0.0000000 0.0000000 0.0000000 0.0000000 0.0000000 0.0000000 0.0000000 0.0000000 0.0000000 0.0000000 0.0000000 0.0000000 0.0000000 0.0000000 0.0000000 0.0000000 0.0000000 0.0000000 0.0000000 0.0000000 0.0000000 0.0000000 0.0000000 0.0000000 0.0000000 0.0000000 0.0000000 0.0000000 0.0000000 0.0000000 0.0000000 0.0000000 0.0000000 0.0000000 0.0000000 0.0000000 0.0000000 0.0000000 0.0000000 0.0000000 0.0000000 0.0000000 0.0000000 0.0000000 0.0000000 0.0000000
NP_CT10n13                         0.0000000  0.0000030 0.0000000 -0.0000030 -0.0000040  0.0000010 0.0000000 0.0000000 0.0000000 0.0000000 0.0000000 -0.0000010 0.0000000 0.0000000 0.0000000  1.0000000  0.0000040 0.0000000 0.0000000 -0.0000020  0.0000010  0.0000010  0.0000010 -0.0000010  0.0000020 -0.0000020  0.0000060 -0.0000070 0.0000000 -0.0000010  0.0000010 -0.0000010 -0.0000010 0.0000000 0.0000000  0.0000010 -0.0000010 -0.0000010 -0.0000010 -0.0000010  0.0000020 0.0000000 0.0000000 0.0000000 0.0000000 0.0000000 -0.0000010 0.0000000 -0.0000010  0.0000010 0.0000000 0.0000000  0.0000020 -0.0000040 0.0000000  0.0000010 0.0000000 0.0000000  0.0000020 -0.0000010 -0.0000020  0.0000020 0.0000000  0.0000020 -0.0000010 0.0000000 -0.0000110 -0.0000050 -0.0000010 0.0000000  0.0000020 0.0000000 0.0000000 -0.0000010  0.0000020 -0.0000050  0.0000020 -0.0000040 -0.0000020 -0.0000080 -0.0000010  0.0000070 -0.0000010 -0.0000080 0.0000000 0.0000000 -0.0000050  0.0000010  0.0000020 0.0000000 -0.0000090 0.0000000  0.0000040 -0.0000010  0.0000020 -0.0000010  0.0000050 -0.0000020 -0.0000030  0.0000020 0.0000000 0.0000000  0.0000010 -0.0000050 0.0000000 0.0000000  0.0000030 -0.0000010 0.0000000 0.0000000 0.0000000 0.0000000  0.0000020 0.0000000 -0.0000010 0.0000000  0.0000060  0.0000070 -0.0000020 0.0000000
NP_CT10n14                         0.0000000 -0.0000050 0.0000000  0.0000040  0.0000060 -0.0000020 0.0000000 0.0000000 0.0000000 0.0000000 0.0000000  0.0000010 0.0000000 0.0000000 0.0000000  0.0000040  1.0000000 0.0000000 0.0000000  0.0000030 -0.0000020 -0.0000020 -0.0000010  0.0000010 -0.0000030  0.0000020 -0.0000100  0.0000110 -0.0000010  0.0000010 -0.0000010  0.0000010  0.0000010 0.0000000 -0.0000010 -0.0000020  0.0000020  0.0000020  0.0000010  0.0000020 -0.0000030 0.0000000 0.0000000 -0.0000010 0.0000000 0.0000000  0.0000010 -0.0000010  0.0000010 -0.0000010 0.0000000 0.0000000 -0.0000020  0.0000060 0.0000000 -0.0000010  0.0000010 -0.0000010 -0.0000030  0.0000010  0.0000030 -0.0000030 0.0000000 -0.0000040  0.0000010 0.0000000  0.0000170  0.0000080  0.0000020 -0.0000010 -0.0000040 0.0000000 0.0000000  0.0000020 -0.0000040  0.0000080 -0.0000030  0.0000060  0.0000030  0.0000120  0.0000020 -0.0000110  0.0000010  0.0000130 0.0000000 0.0000000  0.0000090 -0.0000010 -0.0000040 0.0000000  0.0000130 0.0000000 -0.0000060  0.0000010 -0.0000030  0.0000020 -0.0000070  0.0000030  0.0000050 -0.0000020 -0.0000010 0.0000000 -0.0000020  0.0000080 0.0000000 0.0000000 -0.0000050  0.0000010 0.0000000 0.0000000 0.0000000 0.0000000 -0.0000030 0.0000000  0.0000010 0.0000000 -0.0000090 -0.0000100  0.0000030  0.0000010
NP_CT10n15                         0.0000000 0.0000000 0.0000000 0.0000000 0.0000000 0.0000000 0.0000000 0.0000000 0.0000000 0.0000000 0.0000000 0.0000000 0.0000000 0.0000000 0.0000000 0.0000000 0.0000000  1.0000000 0.0000000 0.0000000 0.0000000 0.0000000 0.0000000 0.0000000 0.0000000 0.0000000 0.0000000 0.0000000 0.0000000 0.0000000 0.0000000 0.0000000 0.0000000 0.0000000 0.0000000 0.0000000 0.0000000 0.0000000 0.0000000 0.0000000 0.0000000 0.0000000 0.0000000 0.0000000 0.0000000 0.0000000 0.0000000 0.0000000 0.0000000 0.0000000 0.0000000 0.0000000 0.0000000 0.0000000 0.0000000 0.0000000 0.0000000 0.0000000 0.0000000 0.0000000 0.0000000 0.0000000 0.0000000 0.0000000 0.0000000 0.0000000 0.0000000 0.0000000 0.0000000 0.0000000 0.0000000 0.0000000 0.0000000 0.0000000 0.0000000 0.0000000 0.0000000 0.0000000 0.0000000 0.0000000 0.0000000 0.0000000 0.0000000 0.0000000 0.0000000 0.0000000 0.0000000 0.0000000 0.0000000 0.0000000 0.0000000 0.0000000 0.0000000 0.0000000 0.0000000 0.0000000 0.0000000 0.0000000 0.0000000 0.0000000 0.0000000 0.0000000 0.0000000 0.0000000 0.0000000 0.0000000 0.0000000 0.0000000 0.0000000 0.0000000 0.0000000 0.0000000 0.0000000 0.0000000 0.0000000 0.0000000 0.0000000 0.0000000 0.0000000 0.0000000
NP_CT10n16                         0.0000000 0.0000000 0.0000000 0.0000000 0.0000000 0.0000000 0.0000000 0.0000000 0.0000000 0.0000000 0.0000000 0.0000000 0.0000000 0.0000000 0.0000000 0.0000000 0.0000000 0.0000000  1.0000000 0.0000000 0.0000000 0.0000000 0.0000000 0.0000000 0.0000000 0.0000000 0.0000000 0.0000000 0.0000000 0.0000000 0.0000000 0.0000000 0.0000000 0.0000000 0.0000000 0.0000000 0.0000000 0.0000000 0.0000000 0.0000000 0.0000000 0.0000000 0.0000000 0.0000000 0.0000000 0.0000000 0.0000000 0.0000000 0.0000000 0.0000000 0.0000000 0.0000000 0.0000000 0.0000000 0.0000000 0.0000000 0.0000000 0.0000000 0.0000000 0.0000000 0.0000000 0.0000000 0.0000000 0.0000000 0.0000000 0.0000000 0.0000000 0.0000000 0.0000000 0.0000000 0.0000000 0.0000000 0.0000000 0.0000000 0.0000000 0.0000000 0.0000000 0.0000000 0.0000000 0.0000000 0.0000000 0.0000000 0.0000000 0.0000000 0.0000000 0.0000000 0.0000000 0.0000000 0.0000000 0.0000000 0.0000000 0.0000000 0.0000000 0.0000000 0.0000000 0.0000000 0.0000000 0.0000000 0.0000000 0.0000000 0.0000000 0.0000000 0.0000000 0.0000000 0.0000000 0.0000000 0.0000000 0.0000000 0.0000000 0.0000000 0.0000000 0.0000000 0.0000000 0.0000000 0.0000000 0.0000000 0.0000000 0.0000000 0.0000000 0.0000000
NP_CT10n17                         0.0000000  0.0000030 0.0000000 -0.0000020 -0.0000030  0.0000010 0.0000000 0.0000000 0.0000000 0.0000000 0.0000000 -0.0000010 0.0000000 0.0000000 0.0000000 -0.0000020  0.0000030 0.0000000 0.0000000  1.0000000  0.0000010  0.0000010  0.0000010 -0.0000010  0.0000020 -0.0000010  0.0000050 -0.0000060 0.0000000 -0.0000010  0.0000010 -0.0000010 -0.0000010 0.0000000 0.0000000  0.0000010 -0.0000010 -0.0000010 -0.0000010 -0.0000010  0.0000020 0.0000000 0.0000000 0.0000000 0.0000000 0.0000000 -0.0000010 0.0000000 0.0000000 0.0000000 0.0000000 0.0000000  0.0000010 -0.0000030 0.0000000  0.0000010 0.0000000 0.0000000  0.0000020 0.0000000 -0.0000020  0.0000010 0.0000000  0.0000020 -0.0000010 0.0000000 -0.0000090 -0.0000050 -0.0000010  0.0000010  0.0000020 0.0000000 0.0000000 -0.0000010  0.0000020 -0.0000040  0.0000020 -0.0000030 -0.0000020 -0.0000060 -0.0000010  0.0000060 -0.0000010 -0.0000070 0.0000000 0.0000000 -0.0000050  0.0000010  0.0000020 0.0000000 -0.0000060 0.0000000  0.0000030 -0.0000010  0.0000020 -0.0000010  0.0000030 -0.0000010 -0.0000020  0.0000010 0.0000000 0.0000000  0.0000010 -0.0000040 0.0000000 0.0000000  0.0000030 -0.0000010 0.0000000 0.0000000 0.0000000 0.0000000  0.0000010 0.0000000 -0.0000010 0.0000000  0.0000050  0.0000050 -0.0000010 0.0000000
NP_CT10n18                         0.0000000 -0.0000010 0.0000000  0.0000010  0.0000020 -0.0000010 0.0000000 0.0000000 0.0000000 0.0000000 0.0000000 0.0000000 0.0000000 0.0000000 0.0000000  0.0000010 -0.0000020 0.0000000 0.0000000  0.0000010  1.0000000 -0.0000010 0.0000000 0.0000000 -0.0000010  0.0000010 -0.0000030  0.0000030 0.0000000 0.0000000 0.0000000 0.0000000 0.0000000 0.0000000 0.0000000 0.0000000 0.0000000 0.0000000 0.0000000  0.0000010 -0.0000010 0.0000000 0.0000000 0.0000000 0.0000000 0.0000000 0.0000000 0.0000000 0.0000000 0.0000000 0.0000000 0.0000000 -0.0000010  0.0000020 0.0000000 0.0000000 0.0000000 0.0000000 -0.0000010 0.0000000  0.0000010 -0.0000010 0.0000000 -0.0000010 0.0000000 0.0000000  0.0000050  0.0000020  0.0000010 0.0000000 -0.0000010 0.0000000 0.0000000  0.0000010 -0.0000010  0.0000020 -0.0000010  0.0000020  0.0000010  0.0000030  0.0000010 -0.0000030 0.0000000  0.0000040 0.0000000 0.0000000  0.0000030 0.0000000 -0.0000010 0.0000000  0.0000040 0.0000000 -0.0000020 0.0000000 -0.0000010 0.0000000 -0.0000020  0.0000010  0.0000010 -0.0000010 0.0000000 0.0000000 -0.0000010  0.0000020 0.0000000 0.0000000 -0.0000010 0.0000000 0.0000000 0.0000000 0.0000000 0.0000000 -0.0000010 0.0000000 0.0000000 0.0000000 -0.0000030 -0.0000030  0.0000010 0.0000000
NP_CT10n19                         0.0000000 -0.0000020 0.0000000  0.0000010  0.0000020 -0.0000010 0.0000000 0.0000000 0.0000000 0.0000000 0.0000000 0.0000000 0.0000000 0.0000000 0.0000000  0.0000010 -0.0000020 0.0000000 0.0000000  0.0000010 -0.0000010  1.0000000 0.0000000 0.0000000 -0.0000010  0.0000010 -0.0000030  0.0000040 0.0000000 0.0000000 0.0000000 0.0000000 0.0000000 0.0000000 0.0000000 -0.0000010  0.0000010  0.0000010 0.0000000  0.0000010 -0.0000010 0.0000000 0.0000000 0.0000000 0.0000000 0.0000000 0.0000000 0.0000000 0.0000000 0.0000000 0.0000000 0.0000000 -0.0000010  0.0000020 0.0000000 0.0000000 0.0000000 0.0000000 -0.0000010 0.0000000  0.0000010 -0.0000010 0.0000000 -0.0000010 0.0000000 0.0000000  0.0000050  0.0000030  0.0000010 0.0000000 -0.0000010 0.0000000 0.0000000  0.0000010 -0.0000010  0.0000020 -0.0000010  0.0000020  0.0000010  0.0000040  0.0000010 -0.0000030 0.0000000  0.0000040 0.0000000 0.0000000  0.0000030 0.0000000 -0.0000010 0.0000000  0.0000040 0.0000000 -0.0000020 0.0000000 -0.0000010 0.0000000 -0.0000020  0.0000010  0.0000010 -0.0000010 0.0000000 0.0000000 -0.0000010  0.0000030 0.0000000 0.0000000 -0.0000020 0.0000000 0.0000000 0.0000000 0.0000000 0.0000000 -0.0000010 0.0000000 0.0000000 0.0000000 -0.0000030 -0.0000030  0.0000010 0.0000000
NP_CT10n2                          0.0000000 -0.0000010 0.0000000  0.0000010  0.0000010 0.0000000 0.0000000 0.0000000 0.0000000 0.0000000 0.0000000 0.0000000 0.0000000 0.0000000 0.0000000  0.0000010 -0.0000010 0.0000000 0.0000000  0.0000010 0.0000000 0.0000000  1.0000000 0.0000000 0.0000000 0.0000000 -0.0000020  0.0000020 0.0000000 0.0000000 0.0000000 0.0000000 0.0000000 0.0000000 0.0000000 0.0000000 0.0000000 0.0000000 0.0000000 0.0000000 0.0000000 0.0000000 0.0000000 0.0000000 0.0000000 0.0000000 0.0000000 0.0000000 0.0000000 0.0000000 0.0000000 0.0000000 0.0000000  0.0000010 0.0000000 0.0000000 0.0000000 0.0000000 0.0000000 0.0000000 0.0000000 0.0000000 0.0000000 -0.0000010 0.0000000 0.0000000  0.0000030  0.0000010 0.0000000 0.0000000 -0.0000010 0.0000000 0.0000000 0.0000000 -0.0000010  0.0000010 -0.0000010  0.0000010 0.0000000  0.0000020 0.0000000 -0.0000020 0.0000000  0.0000020 0.0000000 0.0000000  0.0000010 0.0000000 -0.0000010 0.0000000  0.0000020 0.0000000 -0.0000010 0.0000000 0.0000000 0.0000000 -0.0000010 0.0000000  0.0000010 0.0000000 0.0000000 0.0000000 0.0000000  0.0000010 0.0000000 0.0000000 -0.0000010 0.0000000 0.0000000 0.0000000 0.0000000 0.0000000 0.0000000 0.0000000 0.0000000 0.0000000 -0.0000010 -0.0000020 0.0000000 0.0000000
NP_CT10n20                         0.0000000  0.0000010 0.0000000 -0.0000010 -0.0000010 0.0000000 0.0000000 0.0000000 0.0000000 0.0000000 0.0000000 0.0000000 0.0000000 0.0000000 0.0000000 -0.0000010  0.0000010 0.0000000 0.0000000 -0.0000010 0.0000000 0.0000000 0.0000000  1.0000000 0.0000000 0.0000000  0.0000020 -0.0000020 0.0000000 0.0000000 0.0000000 0.0000000 0.0000000 0.0000000 0.0000000 0.0000000 0.0000000 0.0000000 0.0000000 0.0000000 0.0000000 0.0000000 0.0000000 0.0000000 0.0000000 0.0000000 0.0000000 0.0000000 0.0000000 0.0000000 0.0000000 0.0000000 0.0000000 -0.0000010 0.0000000 0.0000000 0.0000000 0.0000000  0.0000010 0.0000000 -0.0000010 0.0000000 0.0000000  0.0000010 0.0000000 0.0000000 -0.0000030 -0.0000010 0.0000000 0.0000000  0.0000010 0.0000000 0.0000000 0.0000000  0.0000010 -0.0000010  0.0000010 -0.0000010 0.0000000 -0.0000020 0.0000000  0.0000020 0.0000000 -0.0000020 0.0000000 0.0000000 -0.0000010 0.0000000  0.0000010 0.0000000 -0.0000020 0.0000000  0.0000010 0.0000000 0.0000000 0.0000000  0.0000010 0.0000000 -0.0000010 0.0000000 0.0000000 0.0000000 0.0000000 -0.0000010 0.0000000 0.0000000  0.0000010 0.0000000 0.0000000 0.0000000 0.0000000 0.0000000 0.0000000 0.0000000 0.0000000 0.0000000  0.0000010  0.0000020 0.0000000 0.0000000
NP_CT10n21                         0.0000000 -0.0000020 0.0000000  0.0000020  0.0000030 -0.0000010 0.0000000 0.0000000 0.0000000 0.0000000 0.0000000 0.0000000 0.0000000 0.0000000 0.0000000  0.0000020 -0.0000030 0.0000000 0.0000000  0.0000020 -0.0000010 -0.0000010 0.0000000 0.0000000  1.0000000  0.0000010 -0.0000040  0.0000050 0.0000000  0.0000010 -0.0000010  0.0000010  0.0000010 0.0000000 0.0000000 -0.0000010  0.0000010  0.0000010 0.0000000  0.0000010 -0.0000010 0.0000000 0.0000000 0.0000000 0.0000000 0.0000000 0.0000000 0.0000000 0.0000000 0.0000000 0.0000000 0.0000000 -0.0000010  0.0000030 0.0000000 0.0000000 0.0000000 0.0000000 -0.0000010 0.0000000  0.0000010 -0.0000010 0.0000000 -0.0000020  0.0000010 0.0000000  0.0000080  0.0000040  0.0000010 0.0000000 -0.0000020 0.0000000 0.0000000  0.0000010 -0.0000020  0.0000040 -0.0000020  0.0000030  0.0000010  0.0000050  0.0000010 -0.0000050 0.0000000  0.0000060 0.0000000 0.0000000  0.0000040 -0.0000010 -0.0000020 0.0000000  0.0000060 0.0000000 -0.0000030  0.0000010 -0.0000010  0.0000010 -0.0000030  0.0000010  0.0000020 -0.0000010 0.0000000 0.0000000 -0.0000010  0.0000030 0.0000000 0.0000000 -0.0000020 0.0000000 0.0000000 0.0000000 0.0000000 0.0000000 -0.0000010 0.0000000  0.0000010 0.0000000 -0.0000040 -0.0000050  0.0000010 0.0000000
NP_CT10n22                         0.0000000  0.0000020 0.0000000 -0.0000010 -0.0000020  0.0000010 0.0000000 0.0000000 0.0000000 0.0000000 0.0000000 0.0000000 0.0000000 0.0000000 0.0000000 -0.0000020  0.0000020 0.0000000 0.0000000 -0.0000010  0.0000010  0.0000010 0.0000000 0.0000000  0.0000010  1.0000000  0.0000040 -0.0000040 0.0000000 0.0000000 0.0000000 0.0000000 0.0000000 0.0000000 0.0000000  0.0000010 -0.0000010 -0.0000010 0.0000000 -0.0000010  0.0000010 0.0000000 0.0000000 0.0000000 0.0000000 0.0000000 0.0000000 0.0000000 0.0000000 0.0000000 0.0000000 0.0000000  0.0000010 -0.0000020 0.0000000 0.0000000 0.0000000 0.0000000  0.0000010 0.0000000 -0.0000010  0.0000010 0.0000000  0.0000010 0.0000000 0.0000000 -0.0000060 -0.0000030 -0.0000010 0.0000000  0.0000010 0.0000000 0.0000000 -0.0000010  0.0000010 -0.0000030  0.0000010 -0.0000020 -0.0000010 -0.0000040 -0.0000010  0.0000040 0.0000000 -0.0000050 0.0000000 0.0000000 -0.0000030  0.0000010  0.0000010 0.0000000 -0.0000050 0.0000000  0.0000020 0.0000000  0.0000010 -0.0000010  0.0000030 -0.0000010 -0.0000020  0.0000010 0.0000000 0.0000000  0.0000010 -0.0000030 0.0000000 0.0000000  0.0000020 0.0000000 0.0000000 0.0000000 0.0000000 0.0000000  0.0000010 0.0000000 0.0000000 0.0000000  0.0000030  0.0000040 -0.0000010 0.0000000
NP_CT10n23                         0.0000000 -0.0000070 0.0000000  0.0000060  0.0000080 -0.0000030 0.0000000 0.0000000 0.0000000 0.0000000 0.0000000  0.0000020 0.0000000 0.0000000 0.0000000  0.0000060 -0.0000100 0.0000000 0.0000000  0.0000050 -0.0000030 -0.0000030 -0.0000020  0.0000020 -0.0000040  0.0000040  1.0000000  0.0000170 -0.0000010  0.0000020 -0.0000020  0.0000020  0.0000020 0.0000000 -0.0000010 -0.0000030  0.0000020  0.0000030  0.0000020  0.0000030 -0.0000040 0.0000000 0.0000000 -0.0000010 0.0000000 0.0000000  0.0000010 -0.0000010  0.0000010 -0.0000010 0.0000000 0.0000000 -0.0000030  0.0000090 0.0000000 -0.0000020  0.0000010 -0.0000010 -0.0000050  0.0000010  0.0000050 -0.0000040 0.0000000 -0.0000060  0.0000020 0.0000000  0.0000250  0.0000130  0.0000030 -0.0000010 -0.0000050 0.0000000 0.0000000  0.0000030 -0.0000050  0.0000120 -0.0000050  0.0000090  0.0000040  0.0000180  0.0000030 -0.0000160  0.0000020  0.0000190 0.0000000  0.0000010  0.0000130 -0.0000020 -0.0000060 0.0000000  0.0000200  0.0000010 -0.0000090  0.0000020 -0.0000040  0.0000020 -0.0000110  0.0000040  0.0000070 -0.0000040 -0.0000010 0.0000000 -0.0000030  0.0000110 0.0000000 0.0000000 -0.0000070  0.0000010 0.0000000 0.0000000 0.0000000 0.0000000 -0.0000040 0.0000000  0.0000020 0.0000000 -0.0000140 -0.0000150  0.0000040  0.0000010
NP_CT10n24                         0.0000000  0.0000080 0.0000000 -0.0000070 -0.0000090  0.0000040 0.0000000 0.0000000 0.0000000 -0.0000010 0.0000000 -0.0000020 0.0000000 0.0000000 0.0000000 -0.0000070  0.0000110 0.0000000 0.0000000 -0.0000060  0.0000030  0.0000040  0.0000020 -0.0000020  0.0000050 -0.0000040  0.0000170  1.0000000  0.0000010 -0.0000020  0.0000020 -0.0000020 -0.0000020 0.0000000  0.0000010  0.0000030 -0.0000030 -0.0000030 -0.0000020 -0.0000040  0.0000050  0.0000010 -0.0000010  0.0000010 0.0000000 0.0000000 -0.0000020  0.0000010 -0.0000010  0.0000010 0.0000000 0.0000000  0.0000040 -0.0000090 0.0000000  0.0000020 -0.0000010  0.0000010  0.0000050 -0.0000020 -0.0000050  0.0000040 0.0000000  0.0000070 -0.0000020 0.0000000 -0.0000280 -0.0000150 -0.0000040  0.0000010  0.0000060 0.0000000 0.0000000 -0.0000040  0.0000060 -0.0000130  0.0000060 -0.0000110 -0.0000050 -0.0000200 -0.0000040  0.0000180 -0.0000020 -0.0000220 0.0000000 -0.0000010 -0.0000130  0.0000020  0.0000060 0.0000000 -0.0000220 -0.0000010  0.0000100 -0.0000020  0.0000050 -0.0000030  0.0000120 -0.0000050 -0.0000080  0.0000040  0.0000010 0.0000000  0.0000040 -0.0000130 0.0000000 0.0000000  0.0000090 -0.0000020 0.0000000 0.0000000 0.0000000 0.0000000  0.0000040  0.0000010 -0.0000020 0.0000000  0.0000160  0.0000180 -0.0000050 -0.0000010
NP_CT10n25                         0.0000000 0.0000000 0.0000000 0.0000000  0.0000010 0.0000000 0.0000000 0.0000000 0.0000000 0.0000000 0.0000000 0.0000000 0.0000000 0.0000000 0.0000000 0.0000000 -0.0000010 0.0000000 0.0000000 0.0000000 0.0000000 0.0000000 0.0000000 0.0000000 0.0000000 0.0000000 -0.0000010  0.0000010  1.0000000 0.0000000 0.0000000 0.0000000 0.0000000 0.0000000 0.0000000 0.0000000 0.0000000 0.0000000 0.0000000 0.0000000 0.0000000 0.0000000 0.0000000 0.0000000 0.0000000 0.0000000 0.0000000 0.0000000 0.0000000 0.0000000 0.0000000 0.0000000 0.0000000  0.0000010 0.0000000 0.0000000 0.0000000 0.0000000 0.0000000 0.0000000 0.0000000 0.0000000 0.0000000 0.0000000 0.0000000 0.0000000  0.0000020  0.0000010 0.0000000 0.0000000 0.0000000 0.0000000 0.0000000 0.0000000 0.0000000  0.0000010 0.0000000  0.0000010 0.0000000  0.0000010 0.0000000 -0.0000010 0.0000000  0.0000010 0.0000000 0.0000000  0.0000010 0.0000000 0.0000000 0.0000000  0.0000010 0.0000000 -0.0000010 0.0000000 0.0000000 0.0000000 -0.0000010 0.0000000 0.0000000 0.0000000 0.0000000 0.0000000 0.0000000  0.0000010 0.0000000 0.0000000 -0.0000010 0.0000000 0.0000000 0.0000000 0.0000000 0.0000000 0.0000000 0.0000000 0.0000000 0.0000000 -0.0000010 -0.0000010 0.0000000 0.0000000
NP_CT10n26                         0.0000000  0.0000010 0.0000000 -0.0000010 -0.0000010 0.0000000 0.0000000 0.0000000 0.0000000 0.0000000 0.0000000 0.0000000 0.0000000 0.0000000 0.0000000 -0.0000010  0.0000010 0.0000000 0.0000000 -0.0000010 0.0000000 0.0000000 0.0000000 0.0000000  0.0000010 0.0000000  0.0000020 -0.0000020 0.0000000  1.0000000 0.0000000 0.0000000 0.0000000 0.0000000 0.0000000 0.0000000 0.0000000 0.0000000 0.0000000 0.0000000  0.0000010 0.0000000 0.0000000 0.0000000 0.0000000 0.0000000 0.0000000 0.0000000 0.0000000 0.0000000 0.0000000 0.0000000 0.0000000 -0.0000010 0.0000000 0.0000000 0.0000000 0.0000000  0.0000010 0.0000000 -0.0000010 0.0000000 0.0000000  0.0000010 0.0000000 0.0000000 -0.0000030 -0.0000020 0.0000000 0.0000000  0.0000010 0.0000000 0.0000000 0.0000000  0.0000010 -0.0000010  0.0000010 -0.0000010 -0.0000010 -0.0000020 0.0000000  0.0000020 0.0000000 -0.0000020 0.0000000 0.0000000 -0.0000020 0.0000000  0.0000010 0.0000000 -0.0000030 0.0000000  0.0000010 0.0000000  0.0000010 0.0000000  0.0000010 -0.0000010 -0.0000010 0.0000000 0.0000000 0.0000000 0.0000000 -0.0000010 0.0000000 0.0000000  0.0000010 0.0000000 0.0000000 0.0000000 0.0000000 0.0000000 0.0000000 0.0000000 0.0000000 0.0000000  0.0000020  0.0000020 -0.0000010 0.0000000
NP_CT10n27                         0.0000000 -0.0000010 0.0000000  0.0000010  0.0000010 0.0000000 0.0000000 0.0000000 0.0000000 0.0000000 0.0000000 0.0000000 0.0000000 0.0000000 0.0000000  0.0000010 -0.0000010 0.0000000 0.0000000  0.0000010 0.0000000 0.0000000 0.0000000 0.0000000 -0.0000010 0.0000000 -0.0000020  0.0000020 0.0000000 0.0000000  1.0000000 0.0000000 0.0000000 0.0000000 0.0000000 0.0000000 0.0000000 0.0000000 0.0000000 0.0000000 -0.0000010 0.0000000 0.0000000 0.0000000 0.0000000 0.0000000 0.0000000 0.0000000 0.0000000 0.0000000 0.0000000 0.0000000 0.0000000  0.0000010 0.0000000 0.0000000 0.0000000 0.0000000 -0.0000010 0.0000000  0.0000010 -0.0000010 0.0000000 -0.0000010 0.0000000 0.0000000  0.0000030  0.0000020 0.0000000 0.0000000 -0.0000010 0.0000000 0.0000000 0.0000000 -0.0000010  0.0000020 -0.0000010  0.0000010  0.0000010  0.0000020 0.0000000 -0.0000020 0.0000000  0.0000020 0.0000000 0.0000000  0.0000020 0.0000000 -0.0000010 0.0000000  0.0000030 0.0000000 -0.0000010 0.0000000 -0.0000010 0.0000000 -0.0000010  0.0000010  0.0000010 0.0000000 0.0000000 0.0000000 0.0000000  0.0000010 0.0000000 0.0000000 -0.0000010 0.0000000 0.0000000 0.0000000 0.0000000 0.0000000 0.0000000 0.0000000 0.0000000 0.0000000 -0.0000020 -0.0000020  0.0000010 0.0000000
NP_CT10n28                         0.0000000  0.0000010 0.0000000 -0.0000010 -0.0000010 0.0000000 0.0000000 0.0000000 0.0000000 0.0000000 0.0000000 0.0000000 0.0000000 0.0000000 0.0000000 -0.0000010  0.0000010 0.0000000 0.0000000 -0.0000010 0.0000000 0.0000000 0.0000000 0.0000000  0.0000010 0.0000000  0.0000020 -0.0000020 0.0000000 0.0000000 0.0000000  1.0000000 0.0000000 0.0000000 0.0000000 0.0000000 0.0000000 0.0000000 0.0000000 0.0000000  0.0000010 0.0000000 0.0000000 0.0000000 0.0000000 0.0000000 0.0000000 0.0000000 0.0000000 0.0000000 0.0000000 0.0000000 0.0000000 -0.0000010 0.0000000 0.0000000 0.0000000 0.0000000  0.0000010 0.0000000 -0.0000010 0.0000000 0.0000000  0.0000010 0.0000000 0.0000000 -0.0000030 -0.0000010 0.0000000 0.0000000  0.0000010 0.0000000 0.0000000 0.0000000 0.0000000 -0.0000010  0.0000010 -0.0000010 -0.0000010 -0.0000020 0.0000000  0.0000020 0.0000000 -0.0000020 0.0000000 0.0000000 -0.0000010 0.0000000  0.0000010 0.0000000 -0.0000020 0.0000000  0.0000010 0.0000000  0.0000010 0.0000000  0.0000010 0.0000000 -0.0000010 0.0000000 0.0000000 0.0000000 0.0000000 -0.0000010 0.0000000 0.0000000  0.0000010 0.0000000 0.0000000 0.0000000 0.0000000 0.0000000 0.0000000 0.0000000 0.0000000 0.0000000  0.0000020  0.0000020 0.0000000 0.0000000
NP_CT10n29                         0.0000000  0.0000010 0.0000000 -0.0000010 -0.0000010 0.0000000 0.0000000 0.0000000 0.0000000 0.0000000 0.0000000 0.0000000 0.0000000 0.0000000 0.0000000 -0.0000010  0.0000010 0.0000000 0.0000000 -0.0000010 0.0000000 0.0000000 0.0000000 0.0000000  0.0000010 0.0000000  0.0000020 -0.0000020 0.0000000 0.0000000 0.0000000 0.0000000  1.0000000 0.0000000 0.0000000 0.0000000 0.0000000 0.0000000 0.0000000 0.0000000 0.0000000 0.0000000 0.0000000 0.0000000 0.0000000 0.0000000 0.0000000 0.0000000 0.0000000 0.0000000 0.0000000 0.0000000 0.0000000 -0.0000010 0.0000000 0.0000000 0.0000000 0.0000000  0.0000010 0.0000000 -0.0000010 0.0000000 0.0000000  0.0000010 0.0000000 0.0000000 -0.0000030 -0.0000010 0.0000000 0.0000000  0.0000010 0.0000000 0.0000000 0.0000000  0.0000010 -0.0000010  0.0000010 -0.0000010 -0.0000010 -0.0000020 0.0000000  0.0000020 0.0000000 -0.0000020 0.0000000 0.0000000 -0.0000010 0.0000000  0.0000010 0.0000000 -0.0000020 0.0000000  0.0000010 0.0000000  0.0000010 0.0000000  0.0000010 0.0000000 -0.0000010 0.0000000 0.0000000 0.0000000 0.0000000 -0.0000010 0.0000000 0.0000000  0.0000010 0.0000000 0.0000000 0.0000000 0.0000000 0.0000000 0.0000000 0.0000000 0.0000000 0.0000000  0.0000020  0.0000020 0.0000000 0.0000000
NP_CT10n3                          0.0000000 0.0000000 0.0000000 0.0000000 0.0000000 0.0000000 0.0000000 0.0000000 0.0000000 0.0000000 0.0000000 0.0000000 0.0000000 0.0000000 0.0000000 0.0000000 0.0000000 0.0000000 0.0000000 0.0000000 0.0000000 0.0000000 0.0000000 0.0000000 0.0000000 0.0000000 0.0000000 0.0000000 0.0000000 0.0000000 0.0000000 0.0000000 0.0000000  1.0000000 0.0000000 0.0000000 0.0000000 0.0000000 0.0000000 0.0000000 0.0000000 0.0000000 0.0000000 0.0000000 0.0000000 0.0000000 0.0000000 0.0000000 0.0000000 0.0000000 0.0000000 0.0000000 0.0000000 0.0000000 0.0000000 0.0000000 0.0000000 0.0000000 0.0000000 0.0000000 0.0000000 0.0000000 0.0000000 0.0000000 0.0000000 0.0000000 0.0000000 0.0000000 0.0000000 0.0000000 0.0000000 0.0000000 0.0000000 0.0000000 0.0000000 0.0000000 0.0000000 0.0000000 0.0000000 0.0000000 0.0000000 0.0000000 0.0000000 0.0000000 0.0000000 0.0000000 0.0000000 0.0000000 0.0000000 0.0000000 0.0000000 0.0000000 0.0000000 0.0000000 0.0000000 0.0000000 0.0000000 0.0000000 0.0000000 0.0000000 0.0000000 0.0000000 0.0000000 0.0000000 0.0000000 0.0000000 0.0000000 0.0000000 0.0000000 0.0000000 0.0000000 0.0000000 0.0000000 0.0000000 0.0000000 0.0000000 0.0000000 0.0000000 0.0000000 0.0000000
NP_CT10n30                         0.0000000 -0.0000010 0.0000000 0.0000000  0.0000010 0.0000000 0.0000000 0.0000000 0.0000000 0.0000000 0.0000000 0.0000000 0.0000000 0.0000000 0.0000000 0.0000000 -0.0000010 0.0000000 0.0000000 0.0000000 0.0000000 0.0000000 0.0000000 0.0000000 0.0000000 0.0000000 -0.0000010  0.0000010 0.0000000 0.0000000 0.0000000 0.0000000 0.0000000 0.0000000  1.0000000 0.0000000 0.0000000 0.0000000 0.0000000 0.0000000 0.0000000 0.0000000 0.0000000 0.0000000 0.0000000 0.0000000 0.0000000 0.0000000 0.0000000 0.0000000 0.0000000 0.0000000 0.0000000  0.0000010 0.0000000 0.0000000 0.0000000 0.0000000 0.0000000 0.0000000 0.0000000 0.0000000 0.0000000 0.0000000 0.0000000 0.0000000  0.0000020  0.0000010 0.0000000 0.0000000 0.0000000 0.0000000 0.0000000 0.0000000 0.0000000  0.0000010 0.0000000  0.0000010 0.0000000  0.0000010 0.0000000 -0.0000010 0.0000000  0.0000010 0.0000000 0.0000000  0.0000010 0.0000000 0.0000000 0.0000000  0.0000010 0.0000000 -0.0000010 0.0000000 0.0000000 0.0000000 -0.0000010 0.0000000 0.0000000 0.0000000 0.0000000 0.0000000 0.0000000  0.0000010 0.0000000 0.0000000 0.0000000 0.0000000 0.0000000 0.0000000 0.0000000 0.0000000 0.0000000 0.0000000 0.0000000 0.0000000 -0.0000010 -0.0000010 0.0000000 0.0000000
NP_CT10n31                         0.0000000 -0.0000010 0.0000000  0.0000010  0.0000010 -0.0000010 0.0000000 0.0000000 0.0000000 0.0000000 0.0000000 0.0000000 0.0000000 0.0000000 0.0000000  0.0000010 -0.0000020 0.0000000 0.0000000  0.0000010 0.0000000 -0.0000010 0.0000000 0.0000000 -0.0000010  0.0000010 -0.0000030  0.0000030 0.0000000 0.0000000 0.0000000 0.0000000 0.0000000 0.0000000 0.0000000  1.0000000 0.0000000 0.0000000 0.0000000  0.0000010 -0.0000010 0.0000000 0.0000000 0.0000000 0.0000000 0.0000000 0.0000000 0.0000000 0.0000000 0.0000000 0.0000000 0.0000000 -0.0000010  0.0000020 0.0000000 0.0000000 0.0000000 0.0000000 -0.0000010 0.0000000  0.0000010 -0.0000010 0.0000000 -0.0000010 0.0000000 0.0000000  0.0000040  0.0000020  0.0000010 0.0000000 -0.0000010 0.0000000 0.0000000  0.0000010 -0.0000010  0.0000020 -0.0000010  0.0000020  0.0000010  0.0000030  0.0000010 -0.0000030 0.0000000  0.0000030 0.0000000 0.0000000  0.0000020 0.0000000 -0.0000010 0.0000000  0.0000040 0.0000000 -0.0000020 0.0000000 -0.0000010 0.0000000 -0.0000020  0.0000010  0.0000010 -0.0000010 0.0000000 0.0000000 -0.0000010  0.0000020 0.0000000 0.0000000 -0.0000010 0.0000000 0.0000000 0.0000000 0.0000000 0.0000000 -0.0000010 0.0000000 0.0000000 0.0000000 -0.0000020 -0.0000030  0.0000010 0.0000000
NP_CT10n32                         0.0000000  0.0000010 0.0000000 -0.0000010 -0.0000010  0.0000010 0.0000000 0.0000000 0.0000000 0.0000000 0.0000000 0.0000000 0.0000000 0.0000000 0.0000000 -0.0000010  0.0000020 0.0000000 0.0000000 -0.0000010 0.0000000  0.0000010 0.0000000 0.0000000  0.0000010 -0.0000010  0.0000020 -0.0000030 0.0000000 0.0000000 0.0000000 0.0000000 0.0000000 0.0000000 0.0000000 0.0000000  1.0000000 0.0000000 0.0000000 0.0000000  0.0000010 0.0000000 0.0000000 0.0000000 0.0000000 0.0000000 0.0000000 0.0000000 0.0000000 0.0000000 0.0000000 0.0000000  0.0000010 -0.0000010 0.0000000 0.0000000 0.0000000 0.0000000  0.0000010 0.0000000 -0.0000010  0.0000010 0.0000000  0.0000010 0.0000000 0.0000000 -0.0000040 -0.0000020 -0.0000010 0.0000000  0.0000010 0.0000000 0.0000000 0.0000000  0.0000010 -0.0000020  0.0000010 -0.0000020 -0.0000010 -0.0000030 -0.0000010  0.0000030 0.0000000 -0.0000030 0.0000000 0.0000000 -0.0000020 0.0000000  0.0000010 0.0000000 -0.0000030 0.0000000  0.0000010 0.0000000  0.0000010 0.0000000  0.0000020 -0.0000010 -0.0000010  0.0000010 0.0000000 0.0000000  0.0000010 -0.0000020 0.0000000 0.0000000  0.0000010 0.0000000 0.0000000 0.0000000 0.0000000 0.0000000  0.0000010 0.0000000 0.0000000 0.0000000  0.0000020  0.0000020 -0.0000010 0.0000000
NP_CT10n33                         0.0000000  0.0000010 0.0000000 -0.0000010 -0.0000010 0.0000000 0.0000000 0.0000000 0.0000000 0.0000000 0.0000000 0.0000000 0.0000000 0.0000000 0.0000000 -0.0000010  0.0000020 0.0000000 0.0000000 -0.0000010 0.0000000  0.0000010 0.0000000 0.0000000  0.0000010 -0.0000010  0.0000030 -0.0000030 0.0000000 0.0000000 0.0000000 0.0000000 0.0000000 0.0000000 0.0000000 0.0000000 0.0000000  1.0000000 0.0000000 -0.0000010  0.0000010 0.0000000 0.0000000 0.0000000 0.0000000 0.0000000 0.0000000 0.0000000 0.0000000 0.0000000 0.0000000 0.0000000  0.0000010 -0.0000010 0.0000000 0.0000000 0.0000000 0.0000000  0.0000010 0.0000000 -0.0000010  0.0000010 0.0000000  0.0000010 0.0000000 0.0000000 -0.0000050 -0.0000030 -0.0000010 0.0000000  0.0000010 0.0000000 0.0000000 -0.0000010  0.0000010 -0.0000020  0.0000010 -0.0000010 -0.0000010 -0.0000030 -0.0000010  0.0000030 0.0000000 -0.0000040 0.0000000 0.0000000 -0.0000030 0.0000000  0.0000010 0.0000000 -0.0000030 0.0000000  0.0000020 0.0000000  0.0000010 0.0000000  0.0000020 -0.0000010 -0.0000010  0.0000010 0.0000000 0.0000000  0.0000010 -0.0000020 0.0000000 0.0000000  0.0000010 0.0000000 0.0000000 0.0000000 0.0000000 0.0000000  0.0000010 0.0000000 0.0000000 0.0000000  0.0000030  0.0000030 -0.0000010 0.0000000
NP_CT10n34                         0.0000000  0.0000010 0.0000000 -0.0000010 -0.0000010 0.0000000 0.0000000 0.0000000 0.0000000 0.0000000 0.0000000 0.0000000 0.0000000 0.0000000 0.0000000 -0.0000010  0.0000010 0.0000000 0.0000000 -0.0000010 0.0000000 0.0000000 0.0000000 0.0000000 0.0000000 0.0000000  0.0000020 -0.0000020 0.0000000 0.0000000 0.0000000 0.0000000 0.0000000 0.0000000 0.0000000 0.0000000 0.0000000 0.0000000  1.0000000 0.0000000 0.0000000 0.0000000 0.0000000 0.0000000 0.0000000 0.0000000 0.0000000 0.0000000 0.0000000 0.0000000 0.0000000 0.0000000 0.0000000 -0.0000010 0.0000000 0.0000000 0.0000000 0.0000000 0.0000000 0.0000000 0.0000000 0.0000000 0.0000000  0.0000010 0.0000000 0.0000000 -0.0000020 -0.0000010 0.0000000 0.0000000  0.0000010 0.0000000 0.0000000 0.0000000  0.0000010 -0.0000010 0.0000000 -0.0000010 0.0000000 -0.0000020 0.0000000  0.0000020 0.0000000 -0.0000020 0.0000000 0.0000000 -0.0000010 0.0000000  0.0000010 0.0000000 -0.0000020 0.0000000  0.0000010 0.0000000 0.0000000 0.0000000  0.0000010 0.0000000 -0.0000010 0.0000000 0.0000000 0.0000000 0.0000000 -0.0000010 0.0000000 0.0000000  0.0000010 0.0000000 0.0000000 0.0000000 0.0000000 0.0000000 0.0000000 0.0000000 0.0000000 0.0000000  0.0000010  0.0000020 0.0000000 0.0000000
NP_CT10n35                         0.0000000  0.0000010 0.0000000 -0.0000010 -0.0000020  0.0000010 0.0000000 0.0000000 0.0000000 0.0000000 0.0000000 0.0000000 0.0000000 0.0000000 0.0000000 -0.0000010  0.0000020 0.0000000 0.0000000 -0.0000010  0.0000010  0.0000010 0.0000000 0.0000000  0.0000010 -0.0000010  0.0000030 -0.0000040 0.0000000 0.0000000 0.0000000 0.0000000 0.0000000 0.0000000 0.0000000  0.0000010 0.0000000 -0.0000010 0.0000000  1.0000000  0.0000010 0.0000000 0.0000000 0.0000000 0.0000000 0.0000000 0.0000000 0.0000000 0.0000000 0.0000000 0.0000000 0.0000000  0.0000010 -0.0000020 0.0000000 0.0000000 0.0000000 0.0000000  0.0000010 0.0000000 -0.0000010  0.0000010 0.0000000  0.0000010 0.0000000 0.0000000 -0.0000060 -0.0000030 -0.0000010 0.0000000  0.0000010 0.0000000 0.0000000 -0.0000010  0.0000010 -0.0000020  0.0000010 -0.0000020 -0.0000010 -0.0000030 -0.0000010  0.0000030 0.0000000 -0.0000040 0.0000000 0.0000000 -0.0000030 0.0000000  0.0000010 0.0000000 -0.0000030 0.0000000  0.0000020 0.0000000  0.0000010 0.0000000  0.0000020 -0.0000010 -0.0000010  0.0000010 0.0000000 0.0000000  0.0000010 -0.0000020 0.0000000 0.0000000  0.0000010 0.0000000 0.0000000 0.0000000 0.0000000 0.0000000  0.0000010 0.0000000 0.0000000 0.0000000  0.0000030  0.0000030 -0.0000010 0.0000000
NP_CT10n36                         0.0000000 -0.0000020 0.0000000  0.0000020  0.0000030 -0.0000010 0.0000000 0.0000000 0.0000000 0.0000000 0.0000000 0.0000000 0.0000000 0.0000000 0.0000000  0.0000020 -0.0000030 0.0000000 0.0000000  0.0000020 -0.0000010 -0.0000010 0.0000000 0.0000000 -0.0000010  0.0000010 -0.0000040  0.0000050 0.0000000  0.0000010 -0.0000010  0.0000010 0.0000000 0.0000000 0.0000000 -0.0000010  0.0000010  0.0000010 0.0000000  0.0000010  1.0000000 0.0000000 0.0000000 0.0000000 0.0000000 0.0000000 0.0000000 0.0000000 0.0000000 0.0000000 0.0000000 0.0000000 -0.0000010  0.0000030 0.0000000 -0.0000010 0.0000000 0.0000000 -0.0000010 0.0000000  0.0000010 -0.0000010 0.0000000 -0.0000020  0.0000010 0.0000000  0.0000070  0.0000040  0.0000010 0.0000000 -0.0000020 0.0000000 0.0000000  0.0000010 -0.0000020  0.0000030 -0.0000010  0.0000030  0.0000010  0.0000050  0.0000010 -0.0000050 0.0000000  0.0000060 0.0000000 0.0000000  0.0000040 -0.0000010 -0.0000020 0.0000000  0.0000060 0.0000000 -0.0000030  0.0000010 -0.0000010  0.0000010 -0.0000030  0.0000010  0.0000020 -0.0000010 0.0000000 0.0000000 -0.0000010  0.0000030 0.0000000 0.0000000 -0.0000020 0.0000000 0.0000000 0.0000000 0.0000000 0.0000000 -0.0000010 0.0000000  0.0000010 0.0000000 -0.0000040 -0.0000050  0.0000010 0.0000000
NP_CT10n37                         0.0000000 0.0000000 0.0000000 0.0000000 0.0000000 0.0000000 0.0000000 0.0000000 0.0000000 0.0000000 0.0000000 0.0000000 0.0000000 0.0000000 0.0000000 0.0000000 0.0000000 0.0000000 0.0000000 0.0000000 0.0000000 0.0000000 0.0000000 0.0000000 0.0000000 0.0000000 0.0000000  0.0000010 0.0000000 0.0000000 0.0000000 0.0000000 0.0000000 0.0000000 0.0000000 0.0000000 0.0000000 0.0000000 0.0000000 0.0000000 0.0000000  1.0000000 0.0000000 0.0000000 0.0000000 0.0000000 0.0000000 0.0000000 0.0000000 0.0000000 0.0000000 0.0000000 0.0000000 0.0000000 0.0000000 0.0000000 0.0000000 0.0000000 0.0000000 0.0000000 0.0000000 0.0000000 0.0000000 0.0000000 0.0000000 0.0000000  0.0000010 0.0000000 0.0000000 0.0000000 0.0000000 0.0000000 0.0000000 0.0000000 0.0000000 0.0000000 0.0000000 0.0000000 0.0000000  0.0000010 0.0000000 0.0000000 0.0000000  0.0000010 0.0000000 0.0000000 0.0000000 0.0000000 0.0000000 0.0000000  0.0000010 0.0000000 0.0000000 0.0000000 0.0000000 0.0000000 0.0000000 0.0000000 0.0000000 0.0000000 0.0000000 0.0000000 0.0000000 0.0000000 0.0000000 0.0000000 0.0000000 0.0000000 0.0000000 0.0000000 0.0000000 0.0000000 0.0000000 0.0000000 0.0000000 0.0000000 0.0000000 0.0000000 0.0000000 0.0000000
NP_CT10n38                         0.0000000 0.0000000 0.0000000 0.0000000 0.0000000 0.0000000 0.0000000 0.0000000 0.0000000 0.0000000 0.0000000 0.0000000 0.0000000 0.0000000 0.0000000 0.0000000 0.0000000 0.0000000 0.0000000 0.0000000 0.0000000 0.0000000 0.0000000 0.0000000 0.0000000 0.0000000 0.0000000 -0.0000010 0.0000000 0.0000000 0.0000000 0.0000000 0.0000000 0.0000000 0.0000000 0.0000000 0.0000000 0.0000000 0.0000000 0.0000000 0.0000000 0.0000000  1.0000000 0.0000000 0.0000000 0.0000000 0.0000000 0.0000000 0.0000000 0.0000000 0.0000000 0.0000000 0.0000000 0.0000000 0.0000000 0.0000000 0.0000000 0.0000000 0.0000000 0.0000000 0.0000000 0.0000000 0.0000000 0.0000000 0.0000000 0.0000000 -0.0000010 0.0000000 0.0000000 0.0000000 0.0000000 0.0000000 0.0000000 0.0000000 0.0000000 0.0000000 0.0000000 0.0000000 0.0000000 -0.0000010 0.0000000 0.0000000 0.0000000 -0.0000010 0.0000000 0.0000000 0.0000000 0.0000000 0.0000000 0.0000000 -0.0000010 0.0000000 0.0000000 0.0000000 0.0000000 0.0000000 0.0000000 0.0000000 0.0000000 0.0000000 0.0000000 0.0000000 0.0000000 0.0000000 0.0000000 0.0000000 0.0000000 0.0000000 0.0000000 0.0000000 0.0000000 0.0000000 0.0000000 0.0000000 0.0000000 0.0000000 0.0000000 0.0000000 0.0000000 0.0000000
NP_CT10n39                         0.0000000 -0.0000010 0.0000000 0.0000000  0.0000010 0.0000000 0.0000000 0.0000000 0.0000000 0.0000000 0.0000000 0.0000000 0.0000000 0.0000000 0.0000000 0.0000000 -0.0000010 0.0000000 0.0000000 0.0000000 0.0000000 0.0000000 0.0000000 0.0000000 0.0000000 0.0000000 -0.0000010  0.0000010 0.0000000 0.0000000 0.0000000 0.0000000 0.0000000 0.0000000 0.0000000 0.0000000 0.0000000 0.0000000 0.0000000 0.0000000 0.0000000 0.0000000 0.0000000  1.0000000 0.0000000 0.0000000 0.0000000 0.0000000 0.0000000 0.0000000 0.0000000 0.0000000 0.0000000  0.0000010 0.0000000 0.0000000 0.0000000 0.0000000 0.0000000 0.0000000 0.0000000 0.0000000 0.0000000 0.0000000 0.0000000 0.0000000  0.0000020  0.0000010 0.0000000 0.0000000 0.0000000 0.0000000 0.0000000 0.0000000 0.0000000  0.0000010 0.0000000  0.0000010 0.0000000  0.0000010 0.0000000 -0.0000010 0.0000000  0.0000010 0.0000000 0.0000000  0.0000010 0.0000000 0.0000000 0.0000000  0.0000010 0.0000000 -0.0000010 0.0000000 0.0000000 0.0000000 -0.0000010 0.0000000 0.0000000 0.0000000 0.0000000 0.0000000 0.0000000  0.0000010 0.0000000 0.0000000 -0.0000010 0.0000000 0.0000000 0.0000000 0.0000000 0.0000000 0.0000000 0.0000000 0.0000000 0.0000000 -0.0000010 -0.0000010 0.0000000 0.0000000
NP_CT10n4                          0.0000000 0.0000000 0.0000000 0.0000000 0.0000000 0.0000000 0.0000000 0.0000000 0.0000000 0.0000000 0.0000000 0.0000000 0.0000000 0.0000000 0.0000000 0.0000000 0.0000000 0.0000000 0.0000000 0.0000000 0.0000000 0.0000000 0.0000000 0.0000000 0.0000000 0.0000000 0.0000000 0.0000000 0.0000000 0.0000000 0.0000000 0.0000000 0.0000000 0.0000000 0.0000000 0.0000000 0.0000000 0.0000000 0.0000000 0.0000000 0.0000000 0.0000000 0.0000000 0.0000000  1.0000000 0.0000000 0.0000000 0.0000000 0.0000000 0.0000000 0.0000000 0.0000000 0.0000000 0.0000000 0.0000000 0.0000000 0.0000000 0.0000000 0.0000000 0.0000000 0.0000000 0.0000000 0.0000000 0.0000000 0.0000000 0.0000000 0.0000000 0.0000000 0.0000000 0.0000000 0.0000000 0.0000000 0.0000000 0.0000000 0.0000000 0.0000000 0.0000000 0.0000000 0.0000000 0.0000000 0.0000000 0.0000000 0.0000000 0.0000000 0.0000000 0.0000000 0.0000000 0.0000000 0.0000000 0.0000000 0.0000000 0.0000000 0.0000000 0.0000000 0.0000000 0.0000000 0.0000000 0.0000000 0.0000000 0.0000000 0.0000000 0.0000000 0.0000000 0.0000000 0.0000000 0.0000000 0.0000000 0.0000000 0.0000000 0.0000000 0.0000000 0.0000000 0.0000000 0.0000000 0.0000000 0.0000000 0.0000000 0.0000000 0.0000000 0.0000000
NP_CT10n40                         0.0000000 0.0000000 0.0000000 0.0000000 0.0000000 0.0000000 0.0000000 0.0000000 0.0000000 0.0000000 0.0000000 0.0000000 0.0000000 0.0000000 0.0000000 0.0000000 0.0000000 0.0000000 0.0000000 0.0000000 0.0000000 0.0000000 0.0000000 0.0000000 0.0000000 0.0000000 0.0000000 0.0000000 0.0000000 0.0000000 0.0000000 0.0000000 0.0000000 0.0000000 0.0000000 0.0000000 0.0000000 0.0000000 0.0000000 0.0000000 0.0000000 0.0000000 0.0000000 0.0000000 0.0000000  1.0000000 0.0000000 0.0000000 0.0000000 0.0000000 0.0000000 0.0000000 0.0000000 0.0000000 0.0000000 0.0000000 0.0000000 0.0000000 0.0000000 0.0000000 0.0000000 0.0000000 0.0000000 0.0000000 0.0000000 0.0000000  0.0000010 0.0000000 0.0000000 0.0000000 0.0000000 0.0000000 0.0000000 0.0000000 0.0000000 0.0000000 0.0000000 0.0000000 0.0000000 0.0000000 0.0000000 0.0000000 0.0000000 0.0000000 0.0000000 0.0000000 0.0000000 0.0000000 0.0000000 0.0000000 0.0000000 0.0000000 0.0000000 0.0000000 0.0000000 0.0000000 0.0000000 0.0000000 0.0000000 0.0000000 0.0000000 0.0000000 0.0000000 0.0000000 0.0000000 0.0000000 0.0000000 0.0000000 0.0000000 0.0000000 0.0000000 0.0000000 0.0000000 0.0000000 0.0000000 0.0000000 0.0000000 0.0000000 0.0000000 0.0000000
NP_CT10n41                         0.0000000  0.0000010 0.0000000 -0.0000010 -0.0000010 0.0000000 0.0000000 0.0000000 0.0000000 0.0000000 0.0000000 0.0000000 0.0000000 0.0000000 0.0000000 -0.0000010  0.0000010 0.0000000 0.0000000 -0.0000010 0.0000000 0.0000000 0.0000000 0.0000000 0.0000000 0.0000000  0.0000010 -0.0000020 0.0000000 0.0000000 0.0000000 0.0000000 0.0000000 0.0000000 0.0000000 0.0000000 0.0000000 0.0000000 0.0000000 0.0000000 0.0000000 0.0000000 0.0000000 0.0000000 0.0000000 0.0000000  1.0000000 0.0000000 0.0000000 0.0000000 0.0000000 0.0000000 0.0000000 -0.0000010 0.0000000 0.0000000 0.0000000 0.0000000 0.0000000 0.0000000 0.0000000 0.0000000 0.0000000  0.0000010 0.0000000 0.0000000 -0.0000020 -0.0000010 0.0000000 0.0000000  0.0000010 0.0000000 0.0000000 0.0000000  0.0000010 -0.0000010  0.0000010 -0.0000010 0.0000000 -0.0000020 0.0000000  0.0000020 0.0000000 -0.0000020 0.0000000 0.0000000 -0.0000010 0.0000000  0.0000010 0.0000000 -0.0000020 0.0000000  0.0000010 0.0000000 0.0000000 0.0000000  0.0000010 0.0000000 -0.0000010 0.0000000 0.0000000 0.0000000 0.0000000 -0.0000010 0.0000000 0.0000000  0.0000010 0.0000000 0.0000000 0.0000000 0.0000000 0.0000000 0.0000000 0.0000000 0.0000000 0.0000000  0.0000010  0.0000020 0.0000000 0.0000000
NP_CT10n42                         0.0000000 0.0000000 0.0000000 0.0000000 0.0000000 0.0000000 0.0000000 0.0000000 0.0000000 0.0000000 0.0000000 0.0000000 0.0000000 0.0000000 0.0000000 0.0000000 -0.0000010 0.0000000 0.0000000 0.0000000 0.0000000 0.0000000 0.0000000 0.0000000 0.0000000 0.0000000 -0.0000010  0.0000010 0.0000000 0.0000000 0.0000000 0.0000000 0.0000000 0.0000000 0.0000000 0.0000000 0.0000000 0.0000000 0.0000000 0.0000000 0.0000000 0.0000000 0.0000000 0.0000000 0.0000000 0.0000000 0.0000000  1.0000000 0.0000000 0.0000000 0.0000000 0.0000000 0.0000000 0.0000000 0.0000000 0.0000000 0.0000000 0.0000000 0.0000000 0.0000000 0.0000000 0.0000000 0.0000000 0.0000000 0.0000000 0.0000000  0.0000010  0.0000010 0.0000000 0.0000000 0.0000000 0.0000000 0.0000000 0.0000000 0.0000000  0.0000010 0.0000000  0.0000010 0.0000000  0.0000010 0.0000000 -0.0000010 0.0000000  0.0000010 0.0000000 0.0000000  0.0000010 0.0000000 0.0000000 0.0000000  0.0000010 0.0000000 0.0000000 0.0000000 0.0000000 0.0000000 -0.0000010 0.0000000 0.0000000 0.0000000 0.0000000 0.0000000 0.0000000  0.0000010 0.0000000 0.0000000 0.0000000 0.0000000 0.0000000 0.0000000 0.0000000 0.0000000 0.0000000 0.0000000 0.0000000 0.0000000 -0.0000010 -0.0000010 0.0000000 0.0000000
NP_CT10n43                         0.0000000  0.0000010 0.0000000 0.0000000 -0.0000010 0.0000000 0.0000000 0.0000000 0.0000000 0.0000000 0.0000000 0.0000000 0.0000000 0.0000000 0.0000000 -0.0000010  0.0000010 0.0000000 0.0000000 0.0000000 0.0000000 0.0000000 0.0000000 0.0000000 0.0000000 0.0000000  0.0000010 -0.0000010 0.0000000 0.0000000 0.0000000 0.0000000 0.0000000 0.0000000 0.0000000 0.0000000 0.0000000 0.0000000 0.0000000 0.0000000 0.0000000 0.0000000 0.0000000 0.0000000 0.0000000 0.0000000 0.0000000 0.0000000  1.0000000 0.0000000 0.0000000 0.0000000 0.0000000 -0.0000010 0.0000000 0.0000000 0.0000000 0.0000000 0.0000000 0.0000000 0.0000000 0.0000000 0.0000000 0.0000000 0.0000000 0.0000000 -0.0000020 -0.0000010 0.0000000 0.0000000 0.0000000 0.0000000 0.0000000 0.0000000 0.0000000 -0.0000010 0.0000000 -0.0000010 0.0000000 -0.0000020 0.0000000  0.0000010 0.0000000 -0.0000020 0.0000000 0.0000000 -0.0000010 0.0000000 0.0000000 0.0000000 -0.0000020 0.0000000  0.0000010 0.0000000 0.0000000 0.0000000  0.0000010 0.0000000 -0.0000010 0.0000000 0.0000000 0.0000000 0.0000000 -0.0000010 0.0000000 0.0000000  0.0000010 0.0000000 0.0000000 0.0000000 0.0000000 0.0000000 0.0000000 0.0000000 0.0000000 0.0000000  0.0000010  0.0000010 0.0000000 0.0000000
NP_CT10n44                         0.0000000 -0.0000010 0.0000000 0.0000000  0.0000010 0.0000000 0.0000000 0.0000000 0.0000000 0.0000000 0.0000000 0.0000000 0.0000000 0.0000000 0.0000000  0.0000010 -0.0000010 0.0000000 0.0000000 0.0000000 0.0000000 0.0000000 0.0000000 0.0000000 0.0000000 0.0000000 -0.0000010  0.0000010 0.0000000 0.0000000 0.0000000 0.0000000 0.0000000 0.0000000 0.0000000 0.0000000 0.0000000 0.0000000 0.0000000 0.0000000 0.0000000 0.0000000 0.0000000 0.0000000 0.0000000 0.0000000 0.0000000 0.0000000 0.0000000  1.0000000 0.0000000 0.0000000 0.0000000  0.0000010 0.0000000 0.0000000 0.0000000 0.0000000 0.0000000 0.0000000 0.0000000 0.0000000 0.0000000 0.0000000 0.0000000 0.0000000  0.0000020  0.0000010 0.0000000 0.0000000 0.0000000 0.0000000 0.0000000 0.0000000 0.0000000  0.0000010 0.0000000  0.0000010 0.0000000  0.0000010 0.0000000 -0.0000010 0.0000000  0.0000020 0.0000000 0.0000000  0.0000010 0.0000000 0.0000000 0.0000000  0.0000020 0.0000000 -0.0000010 0.0000000 0.0000000 0.0000000 -0.0000010 0.0000000  0.0000010 0.0000000 0.0000000 0.0000000 0.0000000  0.0000010 0.0000000 0.0000000 -0.0000010 0.0000000 0.0000000 0.0000000 0.0000000 0.0000000 0.0000000 0.0000000 0.0000000 0.0000000 -0.0000010 -0.0000010 0.0000000 0.0000000
NP_CT10n45                         0.0000000 0.0000000 0.0000000 0.0000000 0.0000000 0.0000000 0.0000000 0.0000000 0.0000000 0.0000000 0.0000000 0.0000000 0.0000000 0.0000000 0.0000000 0.0000000 0.0000000 0.0000000 0.0000000 0.0000000 0.0000000 0.0000000 0.0000000 0.0000000 0.0000000 0.0000000 0.0000000 0.0000000 0.0000000 0.0000000 0.0000000 0.0000000 0.0000000 0.0000000 0.0000000 0.0000000 0.0000000 0.0000000 0.0000000 0.0000000 0.0000000 0.0000000 0.0000000 0.0000000 0.0000000 0.0000000 0.0000000 0.0000000 0.0000000 0.0000000  1.0000000 0.0000000 0.0000000 0.0000000 0.0000000 0.0000000 0.0000000 0.0000000 0.0000000 0.0000000 0.0000000 0.0000000 0.0000000 0.0000000 0.0000000 0.0000000 0.0000000 0.0000000 0.0000000 0.0000000 0.0000000 0.0000000 0.0000000 0.0000000 0.0000000 0.0000000 0.0000000 0.0000000 0.0000000 0.0000000 0.0000000 0.0000000 0.0000000 0.0000000 0.0000000 0.0000000 0.0000000 0.0000000 0.0000000 0.0000000 0.0000000 0.0000000 0.0000000 0.0000000 0.0000000 0.0000000 0.0000000 0.0000000 0.0000000 0.0000000 0.0000000 0.0000000 0.0000000 0.0000000 0.0000000 0.0000000 0.0000000 0.0000000 0.0000000 0.0000000 0.0000000 0.0000000 0.0000000 0.0000000 0.0000000 0.0000000 0.0000000 0.0000000 0.0000000 0.0000000
NP_CT10n46                         0.0000000 0.0000000 0.0000000 0.0000000 0.0000000 0.0000000 0.0000000 0.0000000 0.0000000 0.0000000 0.0000000 0.0000000 0.0000000 0.0000000 0.0000000 0.0000000 0.0000000 0.0000000 0.0000000 0.0000000 0.0000000 0.0000000 0.0000000 0.0000000 0.0000000 0.0000000 0.0000000 0.0000000 0.0000000 0.0000000 0.0000000 0.0000000 0.0000000 0.0000000 0.0000000 0.0000000 0.0000000 0.0000000 0.0000000 0.0000000 0.0000000 0.0000000 0.0000000 0.0000000 0.0000000 0.0000000 0.0000000 0.0000000 0.0000000 0.0000000 0.0000000  1.0000000 0.0000000 0.0000000 0.0000000 0.0000000 0.0000000 0.0000000 0.0000000 0.0000000 0.0000000 0.0000000 0.0000000 0.0000000 0.0000000 0.0000000 0.0000000 0.0000000 0.0000000 0.0000000 0.0000000 0.0000000 0.0000000 0.0000000 0.0000000 0.0000000 0.0000000 0.0000000 0.0000000 0.0000000 0.0000000 0.0000000 0.0000000 0.0000000 0.0000000 0.0000000 0.0000000 0.0000000 0.0000000 0.0000000 0.0000000 0.0000000 0.0000000 0.0000000 0.0000000 0.0000000 0.0000000 0.0000000 0.0000000 0.0000000 0.0000000 0.0000000 0.0000000 0.0000000 0.0000000 0.0000000 0.0000000 0.0000000 0.0000000 0.0000000 0.0000000 0.0000000 0.0000000 0.0000000 0.0000000 0.0000000 0.0000000 0.0000000 0.0000000 0.0000000
NP_CT10n47                         0.0000000 -0.0000020 0.0000000  0.0000010  0.0000020 -0.0000010 0.0000000 0.0000000 0.0000000 0.0000000 0.0000000 0.0000000 0.0000000 0.0000000 0.0000000  0.0000020 -0.0000020 0.0000000 0.0000000  0.0000010 -0.0000010 -0.0000010 0.0000000 0.0000000 -0.0000010  0.0000010 -0.0000030  0.0000040 0.0000000 0.0000000 0.0000000 0.0000000 0.0000000 0.0000000 0.0000000 -0.0000010  0.0000010  0.0000010 0.0000000  0.0000010 -0.0000010 0.0000000 0.0000000 0.0000000 0.0000000 0.0000000 0.0000000 0.0000000 0.0000000 0.0000000 0.0000000 0.0000000  1.0000000  0.0000020 0.0000000 0.0000000 0.0000000 0.0000000 -0.0000010 0.0000000  0.0000010 -0.0000010 0.0000000 -0.0000010 0.0000000 0.0000000  0.0000050  0.0000030  0.0000010 0.0000000 -0.0000010 0.0000000 0.0000000  0.0000010 -0.0000010  0.0000030 -0.0000010  0.0000020  0.0000010  0.0000040  0.0000010 -0.0000040 0.0000000  0.0000040 0.0000000 0.0000000  0.0000030 0.0000000 -0.0000010 0.0000000  0.0000050 0.0000000 -0.0000020 0.0000000 -0.0000010  0.0000010 -0.0000030  0.0000010  0.0000010 -0.0000010 0.0000000 0.0000000 -0.0000010  0.0000030 0.0000000 0.0000000 -0.0000020 0.0000000 0.0000000 0.0000000 0.0000000 0.0000000 -0.0000010 0.0000000 0.0000000 0.0000000 -0.0000030 -0.0000040  0.0000010 0.0000000
NP_CT10n48                         0.0000000  0.0000040 0.0000000 -0.0000030 -0.0000050  0.0000020 0.0000000 0.0000000 0.0000000 0.0000000 0.0000000 -0.0000010 0.0000000 0.0000000 0.0000000 -0.0000040  0.0000060 0.0000000 0.0000000 -0.0000030  0.0000020  0.0000020  0.0000010 -0.0000010  0.0000030 -0.0000020  0.0000090 -0.0000090  0.0000010 -0.0000010  0.0000010 -0.0000010 -0.0000010 0.0000000  0.0000010  0.0000020 -0.0000010 -0.0000010 -0.0000010 -0.0000020  0.0000030 0.0000000 0.0000000  0.0000010 0.0000000 0.0000000 -0.0000010 0.0000000 -0.0000010  0.0000010 0.0000000 0.0000000  0.0000020  1.0000000 0.0000000  0.0000010 -0.0000010  0.0000010  0.0000030 -0.0000010 -0.0000030  0.0000020 0.0000000  0.0000030 -0.0000010 0.0000000 -0.0000150 -0.0000080 -0.0000020  0.0000010  0.0000030 0.0000000 0.0000000 -0.0000020  0.0000030 -0.0000070  0.0000030 -0.0000050 -0.0000030 -0.0000090 -0.0000020  0.0000100 -0.0000010 -0.0000110 0.0000000 0.0000000 -0.0000070  0.0000010  0.0000030 0.0000000 -0.0000110 0.0000000  0.0000050 -0.0000010  0.0000020 -0.0000010  0.0000060 -0.0000020 -0.0000040  0.0000020  0.0000010 0.0000000  0.0000020 -0.0000070 0.0000000 0.0000000  0.0000050 -0.0000010 0.0000000 0.0000000 0.0000000 0.0000000  0.0000020 0.0000000 -0.0000010 0.0000000  0.0000080  0.0000090 -0.0000030 0.0000000
NP_CT10n49                         0.0000000 0.0000000 0.0000000 0.0000000 0.0000000 0.0000000 0.0000000 0.0000000 0.0000000 0.0000000 0.0000000 0.0000000 0.0000000 0.0000000 0.0000000 0.0000000 0.0000000 0.0000000 0.0000000 0.0000000 0.0000000 0.0000000 0.0000000 0.0000000 0.0000000 0.0000000 0.0000000 0.0000000 0.0000000 0.0000000 0.0000000 0.0000000 0.0000000 0.0000000 0.0000000 0.0000000 0.0000000 0.0000000 0.0000000 0.0000000 0.0000000 0.0000000 0.0000000 0.0000000 0.0000000 0.0000000 0.0000000 0.0000000 0.0000000 0.0000000 0.0000000 0.0000000 0.0000000 0.0000000  1.0000000 0.0000000 0.0000000 0.0000000 0.0000000 0.0000000 0.0000000 0.0000000 0.0000000 0.0000000 0.0000000 0.0000000  0.0000010 0.0000000 0.0000000 0.0000000 0.0000000 0.0000000 0.0000000 0.0000000 0.0000000 0.0000000 0.0000000 0.0000000 0.0000000 0.0000000 0.0000000 0.0000000 0.0000000  0.0000010 0.0000000 0.0000000 0.0000000 0.0000000 0.0000000 0.0000000  0.0000010 0.0000000 0.0000000 0.0000000 0.0000000 0.0000000 0.0000000 0.0000000 0.0000000 0.0000000 0.0000000 0.0000000 0.0000000 0.0000000 0.0000000 0.0000000 0.0000000 0.0000000 0.0000000 0.0000000 0.0000000 0.0000000 0.0000000 0.0000000 0.0000000 0.0000000 0.0000000 0.0000000 0.0000000 0.0000000
NP_CT10n5                          0.0000000 -0.0000010 0.0000000  0.0000010  0.0000010 0.0000000 0.0000000 0.0000000 0.0000000 0.0000000 0.0000000 0.0000000 0.0000000 0.0000000 0.0000000  0.0000010 -0.0000010 0.0000000 0.0000000  0.0000010 0.0000000 0.0000000 0.0000000 0.0000000 0.0000000 0.0000000 -0.0000020  0.0000020 0.0000000 0.0000000 0.0000000 0.0000000 0.0000000 0.0000000 0.0000000 0.0000000 0.0000000 0.0000000 0.0000000 0.0000000 -0.0000010 0.0000000 0.0000000 0.0000000 0.0000000 0.0000000 0.0000000 0.0000000 0.0000000 0.0000000 0.0000000 0.0000000 0.0000000  0.0000010 0.0000000  1.0000000 0.0000000 0.0000000 0.0000000 0.0000000 0.0000000 0.0000000 0.0000000 -0.0000010 0.0000000 0.0000000  0.0000020  0.0000010 0.0000000 0.0000000 -0.0000010 0.0000000 0.0000000 0.0000000 -0.0000010  0.0000010 -0.0000010  0.0000010  0.0000010  0.0000020 0.0000000 -0.0000020 0.0000000  0.0000020 0.0000000 0.0000000  0.0000010 0.0000000 -0.0000010 0.0000000  0.0000020 0.0000000 -0.0000010 0.0000000 0.0000000 0.0000000 -0.0000010 0.0000000  0.0000010 0.0000000 0.0000000 0.0000000 0.0000000  0.0000010 0.0000000 0.0000000 -0.0000010 0.0000000 0.0000000 0.0000000 0.0000000 0.0000000 0.0000000 0.0000000 0.0000000 0.0000000 -0.0000010 -0.0000020  0.0000010 0.0000000
NP_CT10n50                         0.0000000 0.0000000 0.0000000 0.0000000 -0.0000010 0.0000000 0.0000000 0.0000000 0.0000000 0.0000000 0.0000000 0.0000000 0.0000000 0.0000000 0.0000000 0.0000000  0.0000010 0.0000000 0.0000000 0.0000000 0.0000000 0.0000000 0.0000000 0.0000000 0.0000000 0.0000000  0.0000010 -0.0000010 0.0000000 0.0000000 0.0000000 0.0000000 0.0000000 0.0000000 0.0000000 0.0000000 0.0000000 0.0000000 0.0000000 0.0000000 0.0000000 0.0000000 0.0000000 0.0000000 0.0000000 0.0000000 0.0000000 0.0000000 0.0000000 0.0000000 0.0000000 0.0000000 0.0000000 -0.0000010 0.0000000 0.0000000  1.0000000 0.0000000 0.0000000 0.0000000 0.0000000 0.0000000 0.0000000 0.0000000 0.0000000 0.0000000 -0.0000020 -0.0000010 0.0000000 0.0000000 0.0000000 0.0000000 0.0000000 0.0000000 0.0000000 -0.0000010 0.0000000 -0.0000010 0.0000000 -0.0000010 0.0000000  0.0000010 0.0000000 -0.0000010 0.0000000 0.0000000 -0.0000010 0.0000000 0.0000000 0.0000000 -0.0000010 0.0000000  0.0000010 0.0000000 0.0000000 0.0000000  0.0000010 0.0000000 0.0000000 0.0000000 0.0000000 0.0000000 0.0000000 -0.0000010 0.0000000 0.0000000 0.0000000 0.0000000 0.0000000 0.0000000 0.0000000 0.0000000 0.0000000 0.0000000 0.0000000 0.0000000  0.0000010  0.0000010 0.0000000 0.0000000
NP_CT10n51                         0.0000000 0.0000000 0.0000000 0.0000000 0.0000000 0.0000000 0.0000000 0.0000000 0.0000000 0.0000000 0.0000000 0.0000000 0.0000000 0.0000000 0.0000000 0.0000000 -0.0000010 0.0000000 0.0000000 0.0000000 0.0000000 0.0000000 0.0000000 0.0000000 0.0000000 0.0000000 -0.0000010  0.0000010 0.0000000 0.0000000 0.0000000 0.0000000 0.0000000 0.0000000 0.0000000 0.0000000 0.0000000 0.0000000 0.0000000 0.0000000 0.0000000 0.0000000 0.0000000 0.0000000 0.0000000 0.0000000 0.0000000 0.0000000 0.0000000 0.0000000 0.0000000 0.0000000 0.0000000  0.0000010 0.0000000 0.0000000 0.0000000  1.0000000 0.0000000 0.0000000 0.0000000 0.0000000 0.0000000 0.0000000 0.0000000 0.0000000  0.0000010  0.0000010 0.0000000 0.0000000 0.0000000 0.0000000 0.0000000 0.0000000 0.0000000  0.0000010 0.0000000  0.0000010 0.0000000  0.0000010 0.0000000 -0.0000010 0.0000000  0.0000010 0.0000000 0.0000000  0.0000010 0.0000000 0.0000000 0.0000000  0.0000010 0.0000000 -0.0000010 0.0000000 0.0000000 0.0000000 -0.0000010 0.0000000 0.0000000 0.0000000 0.0000000 0.0000000 0.0000000  0.0000010 0.0000000 0.0000000 0.0000000 0.0000000 0.0000000 0.0000000 0.0000000 0.0000000 0.0000000 0.0000000 0.0000000 0.0000000 -0.0000010 -0.0000010 0.0000000 0.0000000
NP_CT10n52                         0.0000000 -0.0000020 0.0000000  0.0000020  0.0000030 -0.0000010 0.0000000 0.0000000 0.0000000 0.0000000 0.0000000  0.0000010 0.0000000 0.0000000 0.0000000  0.0000020 -0.0000030 0.0000000 0.0000000  0.0000020 -0.0000010 -0.0000010 0.0000000  0.0000010 -0.0000010  0.0000010 -0.0000050  0.0000050 0.0000000  0.0000010 -0.0000010  0.0000010  0.0000010 0.0000000 0.0000000 -0.0000010  0.0000010  0.0000010 0.0000000  0.0000010 -0.0000010 0.0000000 0.0000000 0.0000000 0.0000000 0.0000000 0.0000000 0.0000000 0.0000000 0.0000000 0.0000000 0.0000000 -0.0000010  0.0000030 0.0000000 0.0000000 0.0000000 0.0000000  1.0000000 0.0000000  0.0000010 -0.0000010 0.0000000 -0.0000020  0.0000010 0.0000000  0.0000080  0.0000040  0.0000010 0.0000000 -0.0000020 0.0000000 0.0000000  0.0000010 -0.0000020  0.0000040 -0.0000020  0.0000030  0.0000010  0.0000060  0.0000010 -0.0000050 0.0000000  0.0000060 0.0000000 0.0000000  0.0000040 -0.0000010 -0.0000020 0.0000000  0.0000060 0.0000000 -0.0000030  0.0000010 -0.0000010  0.0000010 -0.0000030  0.0000010  0.0000020 -0.0000010 0.0000000 0.0000000 -0.0000010  0.0000040 0.0000000 0.0000000 -0.0000020 0.0000000 0.0000000 0.0000000 0.0000000 0.0000000 -0.0000010 0.0000000  0.0000010 0.0000000 -0.0000040 -0.0000050  0.0000010 0.0000000
NP_CT10n6                          0.0000000  0.0000010 0.0000000 -0.0000010 -0.0000010 0.0000000 0.0000000 0.0000000 0.0000000 0.0000000 0.0000000 0.0000000 0.0000000 0.0000000 0.0000000 -0.0000010  0.0000010 0.0000000 0.0000000 0.0000000 0.0000000 0.0000000 0.0000000 0.0000000 0.0000000 0.0000000  0.0000010 -0.0000020 0.0000000 0.0000000 0.0000000 0.0000000 0.0000000 0.0000000 0.0000000 0.0000000 0.0000000 0.0000000 0.0000000 0.0000000 0.0000000 0.0000000 0.0000000 0.0000000 0.0000000 0.0000000 0.0000000 0.0000000 0.0000000 0.0000000 0.0000000 0.0000000 0.0000000 -0.0000010 0.0000000 0.0000000 0.0000000 0.0000000 0.0000000  1.0000000 0.0000000 0.0000000 0.0000000  0.0000010 0.0000000 0.0000000 -0.0000020 -0.0000010 0.0000000 0.0000000  0.0000010 0.0000000 0.0000000 0.0000000  0.0000010 -0.0000010 0.0000000 -0.0000010 0.0000000 -0.0000020 0.0000000  0.0000020 0.0000000 -0.0000020 0.0000000 0.0000000 -0.0000010 0.0000000  0.0000010 0.0000000 -0.0000020 0.0000000  0.0000010 0.0000000 0.0000000 0.0000000  0.0000010 0.0000000 -0.0000010 0.0000000 0.0000000 0.0000000 0.0000000 -0.0000010 0.0000000 0.0000000  0.0000010 0.0000000 0.0000000 0.0000000 0.0000000 0.0000000 0.0000000 0.0000000 0.0000000 0.0000000  0.0000010  0.0000020 0.0000000 0.0000000
NP_CT10n7                          0.0000000  0.0000020 0.0000000 -0.0000020 -0.0000030  0.0000010 0.0000000 0.0000000 0.0000000 0.0000000 0.0000000 -0.0000010 0.0000000 0.0000000 0.0000000 -0.0000020  0.0000030 0.0000000 0.0000000 -0.0000020  0.0000010  0.0000010 0.0000000 -0.0000010  0.0000010 -0.0000010  0.0000050 -0.0000050 0.0000000 -0.0000010  0.0000010 -0.0000010 -0.0000010 0.0000000 0.0000000  0.0000010 -0.0000010 -0.0000010 0.0000000 -0.0000010  0.0000010 0.0000000 0.0000000 0.0000000 0.0000000 0.0000000 0.0000000 0.0000000 0.0000000 0.0000000 0.0000000 0.0000000  0.0000010 -0.0000030 0.0000000 0.0000000 0.0000000 0.0000000  0.0000010 0.0000000  1.0000000  0.0000010 0.0000000  0.0000020 -0.0000010 0.0000000 -0.0000080 -0.0000040 -0.0000010 0.0000000  0.0000020 0.0000000 0.0000000 -0.0000010  0.0000020 -0.0000040  0.0000020 -0.0000030 -0.0000010 -0.0000060 -0.0000010  0.0000050 0.0000000 -0.0000060 0.0000000 0.0000000 -0.0000040  0.0000010  0.0000020 0.0000000 -0.0000060 0.0000000  0.0000030 -0.0000010  0.0000010 -0.0000010  0.0000030 -0.0000010 -0.0000020  0.0000010 0.0000000 0.0000000  0.0000010 -0.0000040 0.0000000 0.0000000  0.0000020 0.0000000 0.0000000 0.0000000 0.0000000 0.0000000  0.0000010 0.0000000 -0.0000010 0.0000000  0.0000040  0.0000050 -0.0000010 0.0000000
NP_CT10n8                          0.0000000 -0.0000020 0.0000000  0.0000020  0.0000020 -0.0000010 0.0000000 0.0000000 0.0000000 0.0000000 0.0000000 0.0000000 0.0000000 0.0000000 0.0000000  0.0000020 -0.0000030 0.0000000 0.0000000  0.0000010 -0.0000010 -0.0000010 0.0000000 0.0000000 -0.0000010  0.0000010 -0.0000040  0.0000040 0.0000000 0.0000000 -0.0000010 0.0000000 0.0000000 0.0000000 0.0000000 -0.0000010  0.0000010  0.0000010 0.0000000  0.0000010 -0.0000010 0.0000000 0.0000000 0.0000000 0.0000000 0.0000000 0.0000000 0.0000000 0.0000000 0.0000000 0.0000000 0.0000000 -0.0000010  0.0000020 0.0000000 0.0000000 0.0000000 0.0000000 -0.0000010 0.0000000  0.0000010  1.0000000 0.0000000 -0.0000020 0.0000000 0.0000000  0.0000070  0.0000030  0.0000010 0.0000000 -0.0000010 0.0000000 0.0000000  0.0000010 -0.0000010  0.0000030 -0.0000010  0.0000030  0.0000010  0.0000050  0.0000010 -0.0000040 0.0000000  0.0000050 0.0000000 0.0000000  0.0000040 -0.0000010 -0.0000020 0.0000000  0.0000050 0.0000000 -0.0000020 0.0000000 -0.0000010  0.0000010 -0.0000030  0.0000010  0.0000020 -0.0000010 0.0000000 0.0000000 -0.0000010  0.0000030 0.0000000 0.0000000 -0.0000020 0.0000000 0.0000000 0.0000000 0.0000000 0.0000000 -0.0000010 0.0000000 0.0000000 0.0000000 -0.0000040 -0.0000040  0.0000010 0.0000000
NP_CT10n9                          0.0000000 0.0000000 0.0000000 0.0000000 0.0000000 0.0000000 0.0000000 0.0000000 0.0000000 0.0000000 0.0000000 0.0000000 0.0000000 0.0000000 0.0000000 0.0000000 0.0000000 0.0000000 0.0000000 0.0000000 0.0000000 0.0000000 0.0000000 0.0000000 0.0000000 0.0000000 0.0000000 0.0000000 0.0000000 0.0000000 0.0000000 0.0000000 0.0000000 0.0000000 0.0000000 0.0000000 0.0000000 0.0000000 0.0000000 0.0000000 0.0000000 0.0000000 0.0000000 0.0000000 0.0000000 0.0000000 0.0000000 0.0000000 0.0000000 0.0000000 0.0000000 0.0000000 0.0000000 0.0000000 0.0000000 0.0000000 0.0000000 0.0000000 0.0000000 0.0000000 0.0000000 0.0000000  1.0000000 0.0000000 0.0000000 0.0000000 0.0000000 0.0000000 0.0000000 0.0000000 0.0000000 0.0000000 0.0000000 0.0000000 0.0000000 0.0000000 0.0000000 0.0000000 0.0000000 0.0000000 0.0000000 0.0000000 0.0000000 0.0000000 0.0000000 0.0000000 0.0000000 0.0000000 0.0000000 0.0000000 0.0000000 0.0000000 0.0000000 0.0000000 0.0000000 0.0000000 0.0000000 0.0000000 0.0000000 0.0000000 0.0000000 0.0000000 0.0000000 0.0000000 0.0000000 0.0000000 0.0000000 0.0000000 0.0000000 0.0000000 0.0000000 0.0000000 0.0000000 0.0000000 0.0000000 0.0000000 0.0000000 0.0000000 0.0000000 0.0000000
NP_ctautag                         0.0000000 -0.0000030 0.0000000  0.0000020  0.0000030 -0.0000010 0.0000000 0.0000000 0.0000000 0.0000000 0.0000000  0.0000010 0.0000000 0.0000000 0.0000000  0.0000020 -0.0000040 0.0000000 0.0000000  0.0000020 -0.0000010 -0.0000010 -0.0000010  0.0000010 -0.0000020  0.0000010 -0.0000060  0.0000070 0.0000000  0.0000010 -0.0000010  0.0000010  0.0000010 0.0000000 0.0000000 -0.0000010  0.0000010  0.0000010  0.0000010  0.0000010 -0.0000020 0.0000000 0.0000000 0.0000000 0.0000000 0.0000000  0.0000010 0.0000000 0.0000000 0.0000000 0.0000000 0.0000000 -0.0000010  0.0000030 0.0000000 -0.0000010 0.0000000 0.0000000 -0.0000020  0.0000010  0.0000020 -0.0000020 0.0000000  1.0000000  0.0000010 0.0000000  0.0000100  0.0000050  0.0000010 0.0000000 -0.0000020 0.0000000 0.0000000  0.0000010 -0.0000020  0.0000050 -0.0000020  0.0000040  0.0000020  0.0000070  0.0000010 -0.0000060  0.0000010  0.0000080 0.0000000 0.0000000  0.0000060 -0.0000010 -0.0000020 0.0000000  0.0000080 0.0000000 -0.0000040  0.0000010 -0.0000020  0.0000010 -0.0000040  0.0000020  0.0000030 -0.0000010 0.0000000 0.0000000 -0.0000010  0.0000050 0.0000000 0.0000000 -0.0000030  0.0000010 0.0000000 0.0000000 0.0000000 0.0000000 -0.0000020 0.0000000  0.0000010 0.0000000 -0.0000060 -0.0000060  0.0000020 0.0000000
NP_Electronr                       0.0000000  0.0000010 0.0000000 -0.0000010 -0.0000010 0.0000000 0.0000000 0.0000000 0.0000000 0.0000000 0.0000000 0.0000000 0.0000000 0.0000000 0.0000000 -0.0000010  0.0000010 0.0000000 0.0000000 -0.0000010 0.0000000 0.0000000 0.0000000 0.0000000  0.0000010 0.0000000  0.0000020 -0.0000020 0.0000000 0.0000000 0.0000000 0.0000000 0.0000000 0.0000000 0.0000000 0.0000000 0.0000000 0.0000000 0.0000000 0.0000000  0.0000010 0.0000000 0.0000000 0.0000000 0.0000000 0.0000000 0.0000000 0.0000000 0.0000000 0.0000000 0.0000000 0.0000000 0.0000000 -0.0000010 0.0000000 0.0000000 0.0000000 0.0000000  0.0000010 0.0000000 -0.0000010 0.0000000 0.0000000  0.0000010  1.0000000 0.0000000 -0.0000040 -0.0000020 0.0000000 0.0000000  0.0000010 0.0000000 0.0000000 0.0000000  0.0000010 -0.0000020  0.0000010 -0.0000010 -0.0000010 -0.0000020 -0.0000010  0.0000020 0.0000000 -0.0000030 0.0000000 0.0000000 -0.0000020 0.0000000  0.0000010 0.0000000 -0.0000020 0.0000000  0.0000010 0.0000000 0.0000000 0.0000000  0.0000010 -0.0000010 -0.0000010  0.0000010 0.0000000 0.0000000 0.0000000 -0.0000020 0.0000000 0.0000000  0.0000010 0.0000000 0.0000000 0.0000000 0.0000000 0.0000000  0.0000010 0.0000000 0.0000000 0.0000000  0.0000020  0.0000020 -0.0000010 0.0000000
NP_Electrons                       0.0000000 0.0000000 0.0000000 0.0000000 0.0000000 0.0000000 0.0000000 0.0000000 0.0000000 0.0000000 0.0000000 0.0000000 0.0000000 0.0000000 0.0000000 0.0000000 0.0000000 0.0000000 0.0000000 0.0000000 0.0000000 0.0000000 0.0000000 0.0000000 0.0000000 0.0000000 0.0000000 0.0000000 0.0000000 0.0000000 0.0000000 0.0000000 0.0000000 0.0000000 0.0000000 0.0000000 0.0000000 0.0000000 0.0000000 0.0000000 0.0000000 0.0000000 0.0000000 0.0000000 0.0000000 0.0000000 0.0000000 0.0000000 0.0000000 0.0000000 0.0000000 0.0000000 0.0000000 0.0000000 0.0000000 0.0000000 0.0000000 0.0000000 0.0000000 0.0000000 0.0000000 0.0000000 0.0000000 0.0000000 0.0000000  1.0000000 0.0000000 0.0000000 0.0000000 0.0000000 0.0000000 0.0000000 0.0000000 0.0000000 0.0000000 0.0000000 0.0000000 0.0000000 0.0000000 0.0000000 0.0000000 0.0000000 0.0000000 0.0000000 0.0000000 0.0000000 0.0000000 0.0000000 0.0000000 0.0000000 0.0000000 0.0000000 0.0000000 0.0000000 0.0000000 0.0000000 0.0000000 0.0000000 0.0000000 0.0000000 0.0000000 0.0000000 0.0000000 0.0000000 0.0000000 0.0000000 0.0000000 0.0000000 0.0000000 0.0000000 0.0000000 0.0000000 0.0000000 0.0000000 0.0000000 0.0000000 0.0000000 0.0000000 0.0000000 0.0000000
NP_JetBJesUnc                      -0.0000010  0.0000130 0.0000000 -0.0000100 -0.0000140  0.0000060 0.0000000 0.0000000 0.0000000 -0.0000010 0.0000000 -0.0000030 0.0000000 -0.0000010 0.0000000 -0.0000110  0.0000170 0.0000000 0.0000000 -0.0000090  0.0000050  0.0000050  0.0000030 -0.0000030  0.0000080 -0.0000060  0.0000250 -0.0000280  0.0000020 -0.0000030  0.0000030 -0.0000030 -0.0000030 0.0000000  0.0000020  0.0000040 -0.0000040 -0.0000050 -0.0000020 -0.0000060  0.0000070  0.0000010 -0.0000010  0.0000020 0.0000000  0.0000010 -0.0000020  0.0000010 -0.0000020  0.0000020 0.0000000 0.0000000  0.0000050 -0.0000150  0.0000010  0.0000020 -0.0000020  0.0000010  0.0000080 -0.0000020 -0.0000080  0.0000070 0.0000000  0.0000100 -0.0000040 0.0000000  1.0000000 -0.0000220 -0.0000060  0.0000010  0.0000100 0.0000000 0.0000000 -0.0000060  0.0000100 -0.0000210  0.0000090 -0.0000170 -0.0000080 -0.0000310 -0.0000060  0.0000280 -0.0000030 -0.0000330 0.0000000 -0.0000010 -0.0000260  0.0000040  0.0000100  0.0000010 -0.0000350 -0.0000010  0.0000160 -0.0000030  0.0000070 -0.0000040  0.0000190 -0.0000070 -0.0000110  0.0000060  0.0000020 0.0000000  0.0000060 -0.0000200 -0.0000010 0.0000000  0.0000130 -0.0000030 0.0000000 0.0000000 0.0000000 0.0000000  0.0000070  0.0000010 -0.0000030 -0.0000010  0.0000250  0.0000270 -0.0000080 -0.0000020
NP_JetEtaIntercalibrationModel     0.0000000  0.0000060 0.0000000 -0.0000050 -0.0000080  0.0000030 0.0000000 0.0000000 0.0000000 0.0000000 0.0000000 -0.0000010 0.0000000 0.0000000 0.0000000 -0.0000050  0.0000080 0.0000000 0.0000000 -0.0000050  0.0000020  0.0000030  0.0000010 -0.0000010  0.0000040 -0.0000030  0.0000130 -0.0000150  0.0000010 -0.0000020  0.0000020 -0.0000010 -0.0000010 0.0000000  0.0000010  0.0000020 -0.0000020 -0.0000030 -0.0000010 -0.0000030  0.0000040 0.0000000 0.0000000  0.0000010 0.0000000 0.0000000 -0.0000010  0.0000010 -0.0000010  0.0000010 0.0000000 0.0000000  0.0000030 -0.0000080 0.0000000  0.0000010 -0.0000010  0.0000010  0.0000040 -0.0000010 -0.0000040  0.0000030 0.0000000  0.0000050 -0.0000020 0.0000000 -0.0000220  1.0000000 -0.0000030  0.0000010  0.0000050 0.0000000 0.0000000 -0.0000030  0.0000050 -0.0000100  0.0000040 -0.0000090 -0.0000040 -0.0000160 -0.0000030  0.0000140 -0.0000020 -0.0000170 0.0000000 0.0000000 -0.0000130  0.0000020  0.0000050 0.0000000 -0.0000180 0.0000000  0.0000080 -0.0000020  0.0000040 -0.0000020  0.0000100 -0.0000040 -0.0000060  0.0000030  0.0000010 0.0000000  0.0000030 -0.0000110 0.0000000 0.0000000  0.0000070 -0.0000010 0.0000000 0.0000000 0.0000000 0.0000000  0.0000040 0.0000000 -0.0000020 0.0000000  0.0000130  0.0000140 -0.0000040 -0.0000010
NP_JetEtaIntercalibrationTotalStat 0.0000000  0.0000020 0.0000000 -0.0000010 -0.0000020  0.0000010 0.0000000 0.0000000 0.0000000 0.0000000 0.0000000 0.0000000 0.0000000 0.0000000 0.0000000 -0.0000010  0.0000020 0.0000000 0.0000000 -0.0000010  0.0000010  0.0000010 0.0000000 0.0000000  0.0000010 -0.0000010  0.0000030 -0.0000040 0.0000000 0.0000000 0.0000000 0.0000000 0.0000000 0.0000000 0.0000000  0.0000010 -0.0000010 -0.0000010 0.0000000 -0.0000010  0.0000010 0.0000000 0.0000000 0.0000000 0.0000000 0.0000000 0.0000000 0.0000000 0.0000000 0.0000000 0.0000000 0.0000000  0.0000010 -0.0000020 0.0000000 0.0000000 0.0000000 0.0000000  0.0000010 0.0000000 -0.0000010  0.0000010 0.0000000  0.0000010 0.0000000 0.0000000 -0.0000060 -0.0000030  1.0000000 0.0000000  0.0000010 0.0000000 0.0000000 -0.0000010  0.0000010 -0.0000030  0.0000010 -0.0000020 -0.0000010 -0.0000040 -0.0000010  0.0000040 0.0000000 -0.0000040 0.0000000 0.0000000 -0.0000030  0.0000010  0.0000010 0.0000000 -0.0000050 0.0000000  0.0000020 0.0000000  0.0000010 -0.0000010  0.0000030 -0.0000010 -0.0000020  0.0000010 0.0000000 0.0000000  0.0000010 -0.0000030 0.0000000 0.0000000  0.0000020 0.0000000 0.0000000 0.0000000 0.0000000 0.0000000  0.0000010 0.0000000 0.0000000 0.0000000  0.0000040  0.0000040 -0.0000010 0.0000000
NP_Jetflavorcomp                   0.0000000 0.0000000 0.0000000 0.0000000  0.0000010 0.0000000 0.0000000 0.0000000 0.0000000 0.0000000 0.0000000 0.0000000 0.0000000 0.0000000 0.0000000 0.0000000 -0.0000010 0.0000000 0.0000000  0.0000010 0.0000000 0.0000000 0.0000000 0.0000000 0.0000000 0.0000000 -0.0000010  0.0000010 0.0000000 0.0000000 0.0000000 0.0000000 0.0000000 0.0000000 0.0000000 0.0000000 0.0000000 0.0000000 0.0000000 0.0000000 0.0000000 0.0000000 0.0000000 0.0000000 0.0000000 0.0000000 0.0000000 0.0000000 0.0000000 0.0000000 0.0000000 0.0000000 0.0000000  0.0000010 0.0000000 0.0000000 0.0000000 0.0000000 0.0000000 0.0000000 0.0000000 0.0000000 0.0000000 0.0000000 0.0000000 0.0000000  0.0000010  0.0000010 0.0000000  1.0000000 0.0000000 0.0000000 0.0000000 0.0000000 0.0000000 0.0000000 0.0000000 0.0000000 0.0000000  0.0000010 0.0000000 0.0000000 0.0000000  0.0000010 0.0000000 0.0000000 -0.0000020 0.0000000 0.0000000 0.0000000  0.0000010 0.0000000 0.0000000 0.0000000 0.0000000 0.0000000 0.0000000 0.0000000 0.0000000 0.0000000 0.0000000 0.0000000 0.0000000 0.0000000 0.0000000 0.0000000 0.0000000 0.0000000 0.0000000 0.0000000 0.0000000 0.0000000 0.0000000 0.0000000 0.0000000 0.0000000 0.0000000 -0.0000010 0.0000000 0.0000000
NP_Jetflavorresponse               0.0000000 -0.0000030 0.0000000  0.0000020  0.0000030 -0.0000010 0.0000000 0.0000000 0.0000000 0.0000000 0.0000000  0.0000010 0.0000000 0.0000000 0.0000000  0.0000020 -0.0000040 0.0000000 0.0000000  0.0000020 -0.0000010 -0.0000010 -0.0000010  0.0000010 -0.0000020  0.0000010 -0.0000050  0.0000060 0.0000000  0.0000010 -0.0000010  0.0000010  0.0000010 0.0000000 0.0000000 -0.0000010  0.0000010  0.0000010  0.0000010  0.0000010 -0.0000020 0.0000000 0.0000000 0.0000000 0.0000000 0.0000000  0.0000010 0.0000000 0.0000000 0.0000000 0.0000000 0.0000000 -0.0000010  0.0000030 0.0000000 -0.0000010 0.0000000 0.0000000 -0.0000020  0.0000010  0.0000020 -0.0000010 0.0000000 -0.0000020  0.0000010 0.0000000  0.0000100  0.0000050  0.0000010 0.0000000  1.0000000 0.0000000 0.0000000  0.0000010 -0.0000030  0.0000050 -0.0000020  0.0000040  0.0000020  0.0000070  0.0000020 -0.0000070  0.0000010  0.0000070 0.0000000 0.0000000  0.0000070 -0.0000010 -0.0000020 0.0000000  0.0000080 0.0000000 -0.0000040  0.0000010 -0.0000010  0.0000010 -0.0000040  0.0000020  0.0000030 -0.0000010 0.0000000 0.0000000 -0.0000010  0.0000050 0.0000000 0.0000000 -0.0000030  0.0000010 0.0000000 0.0000000 0.0000000 0.0000000 -0.0000020 0.0000000  0.0000010 0.0000000 -0.0000060 -0.0000060  0.0000020 0.0000000
NP_Jetjeff                         0.0000000 0.0000000 0.0000000 0.0000000 0.0000000 0.0000000 0.0000000 0.0000000 0.0000000 0.0000000 0.0000000 0.0000000 0.0000000 0.0000000 0.0000000 0.0000000 0.0000000 0.0000000 0.0000000 0.0000000 0.0000000 0.0000000 0.0000000 0.0000000 0.0000000 0.0000000 0.0000000 0.0000000 0.0000000 0.0000000 0.0000000 0.0000000 0.0000000 0.0000000 0.0000000 0.0000000 0.0000000 0.0000000 0.0000000 0.0000000 0.0000000 0.0000000 0.0000000 0.0000000 0.0000000 0.0000000 0.0000000 0.0000000 0.0000000 0.0000000 0.0000000 0.0000000 0.0000000 0.0000000 0.0000000 0.0000000 0.0000000 0.0000000 0.0000000 0.0000000 0.0000000 0.0000000 0.0000000 0.0000000 0.0000000 0.0000000 0.0000000 0.0000000 0.0000000 0.0000000 0.0000000  1.0000000 0.0000000 0.0000000 0.0000000 0.0000000 0.0000000 0.0000000 0.0000000 0.0000000 0.0000000 0.0000000 0.0000000 0.0000000 0.0000000 0.0000000 0.0000000 0.0000000 0.0000000 0.0000000 0.0000000 0.0000000 0.0000000 0.0000000 0.0000000 0.0000000 0.0000000 0.0000000 0.0000000 0.0000000 0.0000000 0.0000000 0.0000000 0.0000000 0.0000000 0.0000000 0.0000000 0.0000000 0.0000000 0.0000000 0.0000000 0.0000000 0.0000000 0.0000000 0.0000000 0.0000000 0.0000000 0.0000000 0.0000000 0.0000000
NP_JetJERdiff                      0.0000000 0.0000000 0.0000000 0.0000000 0.0000000 0.0000000 0.0000000 0.0000000 0.0000000 0.0000000 0.0000000 0.0000000 0.0000000 0.0000000 0.0000000 0.0000000 0.0000000 0.0000000 0.0000000 0.0000000 0.0000000 0.0000000 0.0000000 0.0000000 0.0000000 0.0000000 0.0000000 0.0000000 0.0000000 0.0000000 0.0000000 0.0000000 0.0000000 0.0000000 0.0000000 0.0000000 0.0000000 0.0000000 0.0000000 0.0000000 0.0000000 0.0000000 0.0000000 0.0000000 0.0000000 0.0000000 0.0000000 0.0000000 0.0000000 0.0000000 0.0000000 0.0000000 0.0000000 0.0000000 0.0000000 0.0000000 0.0000000 0.0000000 0.0000000 0.0000000 0.0000000 0.0000000 0.0000000 0.0000000 0.0000000 0.0000000 0.0000000 0.0000000 0.0000000 0.0000000 0.0000000 0.0000000  1.0000000 0.0000000 0.0000000 0.0000000 0.0000000 0.0000000 0.0000000 0.0000000 0.0000000 0.0000000 0.0000000 0.0000000 0.0000000 0.0000000 0.0000000 0.0000000 0.0000000 0.0000000 0.0000000 0.0000000 0.0000000 0.0000000 0.0000000 0.0000000 0.0000000 0.0000000 0.0000000 0.0000000 0.0000000 0.0000000 0.0000000 0.0000000 0.0000000 0.0000000 0.0000000 0.0000000 0.0000000 0.0000000 0.0000000 0.0000000 0.0000000 0.0000000 0.0000000 0.0000000 0.0000000 0.0000000 0.0000000 0.0000000
NP_JetJERnoiseforward              0.0000000  0.0000020 0.0000000 -0.0000010 -0.0000020  0.0000010 0.0000000 0.0000000 0.0000000 0.0000000 0.0000000 0.0000000 0.0000000 0.0000000 0.0000000 -0.0000010  0.0000020 0.0000000 0.0000000 -0.0000010  0.0000010  0.0000010 0.0000000 0.0000000  0.0000010 -0.0000010  0.0000030 -0.0000040 0.0000000 0.0000000 0.0000000 0.0000000 0.0000000 0.0000000 0.0000000  0.0000010 0.0000000 -0.0000010 0.0000000 -0.0000010  0.0000010 0.0000000 0.0000000 0.0000000 0.0000000 0.0000000 0.0000000 0.0000000 0.0000000 0.0000000 0.0000000 0.0000000  0.0000010 -0.0000020 0.0000000 0.0000000 0.0000000 0.0000000  0.0000010 0.0000000 -0.0000010  0.0000010 0.0000000  0.0000010 0.0000000 0.0000000 -0.0000060 -0.0000030 -0.0000010 0.0000000  0.0000010 0.0000000 0.0000000  1.0000000  0.0000010 -0.0000030  0.0000010 -0.0000020 -0.0000010 -0.0000040 -0.0000010  0.0000040 0.0000000 -0.0000040 0.0000000 0.0000000 -0.0000030 0.0000000  0.0000010 0.0000000 -0.0000040 0.0000000  0.0000020 0.0000000  0.0000010 -0.0000010  0.0000020 -0.0000010 -0.0000010  0.0000010 0.0000000 0.0000000  0.0000010 -0.0000030 0.0000000 0.0000000  0.0000020 0.0000000 0.0000000 0.0000000 0.0000000 0.0000000  0.0000010 0.0000000 0.0000000 0.0000000  0.0000030  0.0000030 -0.0000010 0.0000000
NP_JetJERnp0                       0.0000000 -0.0000030 0.0000000  0.0000020  0.0000030 -0.0000010 0.0000000 0.0000000 0.0000000 0.0000000 0.0000000  0.0000010 0.0000000 0.0000000 0.0000000  0.0000020 -0.0000040 0.0000000 0.0000000  0.0000020 -0.0000010 -0.0000010 -0.0000010  0.0000010 -0.0000020  0.0000010 -0.0000050  0.0000060 0.0000000  0.0000010 -0.0000010 0.0000000  0.0000010 0.0000000 0.0000000 -0.0000010  0.0000010  0.0000010  0.0000010  0.0000010 -0.0000020 0.0000000 0.0000000 0.0000000 0.0000000 0.0000000  0.0000010 0.0000000 0.0000000 0.0000000 0.0000000 0.0000000 -0.0000010  0.0000030 0.0000000 -0.0000010 0.0000000 0.0000000 -0.0000020  0.0000010  0.0000020 -0.0000010 0.0000000 -0.0000020  0.0000010 0.0000000  0.0000100  0.0000050  0.0000010 0.0000000 -0.0000030 0.0000000 0.0000000  0.0000010  1.0000000  0.0000050 -0.0000020  0.0000040  0.0000020  0.0000070  0.0000020 -0.0000070  0.0000010  0.0000080 0.0000000 0.0000000  0.0000070 -0.0000010 -0.0000020 0.0000000  0.0000080 0.0000000 -0.0000040  0.0000010 -0.0000010  0.0000010 -0.0000040  0.0000020  0.0000020 -0.0000010 -0.0000010 0.0000000 -0.0000010  0.0000050 0.0000000 0.0000000 -0.0000030  0.0000010 0.0000000 0.0000000 0.0000000 0.0000000 -0.0000020 0.0000000  0.0000010 0.0000000 -0.0000060 -0.0000060  0.0000020 0.0000000
NP_JetJERnp1                       0.0000000  0.0000060 0.0000000 -0.0000050 -0.0000060  0.0000030 0.0000000 0.0000000 0.0000000 0.0000000 0.0000000 -0.0000010 0.0000000 0.0000000 0.0000000 -0.0000050  0.0000080 0.0000000 0.0000000 -0.0000040  0.0000020  0.0000020  0.0000010 -0.0000010  0.0000040 -0.0000030  0.0000120 -0.0000130  0.0000010 -0.0000010  0.0000020 -0.0000010 -0.0000010 0.0000000  0.0000010  0.0000020 -0.0000020 -0.0000020 -0.0000010 -0.0000020  0.0000030 0.0000000 0.0000000  0.0000010 0.0000000 0.0000000 -0.0000010  0.0000010 -0.0000010  0.0000010 0.0000000 0.0000000  0.0000030 -0.0000070 0.0000000  0.0000010 -0.0000010  0.0000010  0.0000040 -0.0000010 -0.0000040  0.0000030 0.0000000  0.0000050 -0.0000020 0.0000000 -0.0000210 -0.0000100 -0.0000030 0.0000000  0.0000050 0.0000000 0.0000000 -0.0000030  0.0000050  1.0000000  0.0000050 -0.0000080 -0.0000050 -0.0000150 -0.0000040  0.0000140 -0.0000010 -0.0000170 0.0000000 0.0000000 -0.0000130  0.0000020  0.0000040 0.0000000 -0.0000160 0.0000000  0.0000070 -0.0000010  0.0000030 -0.0000020  0.0000080 -0.0000030 -0.0000060  0.0000030  0.0000010 0.0000000  0.0000030 -0.0000110 0.0000000 0.0000000  0.0000070 -0.0000010 0.0000000 0.0000000 0.0000000 0.0000000  0.0000040 0.0000000 -0.0000010 0.0000000  0.0000120  0.0000130 -0.0000040 -0.0000010
NP_JetJERnp2                       0.0000000 -0.0000030 0.0000000  0.0000020  0.0000030 -0.0000010 0.0000000 0.0000000 0.0000000 0.0000000 0.0000000  0.0000010 0.0000000 0.0000000 0.0000000  0.0000020 -0.0000030 0.0000000 0.0000000  0.0000020 -0.0000010 -0.0000010 -0.0000010  0.0000010 -0.0000020  0.0000010 -0.0000050  0.0000060 0.0000000  0.0000010 -0.0000010  0.0000010  0.0000010 0.0000000 0.0000000 -0.0000010  0.0000010  0.0000010 0.0000000  0.0000010 -0.0000010 0.0000000 0.0000000 0.0000000 0.0000000 0.0000000  0.0000010 0.0000000 0.0000000 0.0000000 0.0000000 0.0000000 -0.0000010  0.0000030 0.0000000 -0.0000010 0.0000000 0.0000000 -0.0000020 0.0000000  0.0000020 -0.0000010 0.0000000 -0.0000020  0.0000010 0.0000000  0.0000090  0.0000040  0.0000010 0.0000000 -0.0000020 0.0000000 0.0000000  0.0000010 -0.0000020  0.0000050  1.0000000  0.0000040  0.0000020  0.0000070  0.0000010 -0.0000060  0.0000010  0.0000060 0.0000000 0.0000000  0.0000070 -0.0000010 -0.0000020 0.0000000  0.0000080 0.0000000 -0.0000030  0.0000010 -0.0000020  0.0000010 -0.0000040  0.0000020  0.0000020 -0.0000010 0.0000000 0.0000000 -0.0000010  0.0000050 0.0000000 0.0000000 -0.0000030  0.0000010 0.0000000 0.0000000 0.0000000 0.0000000 -0.0000020 0.0000000  0.0000010 0.0000000 -0.0000050 -0.0000050  0.0000020 0.0000000
NP_JetJERnp3                       0.0000000  0.0000050 0.0000000 -0.0000040 -0.0000050  0.0000020 0.0000000 0.0000000 0.0000000 0.0000000 0.0000000 -0.0000010 0.0000000 0.0000000 0.0000000 -0.0000040  0.0000060 0.0000000 0.0000000 -0.0000030  0.0000020  0.0000020  0.0000010 -0.0000010  0.0000030 -0.0000020  0.0000090 -0.0000110  0.0000010 -0.0000010  0.0000010 -0.0000010 -0.0000010 0.0000000  0.0000010  0.0000020 -0.0000020 -0.0000010 -0.0000010 -0.0000020  0.0000030 0.0000000 0.0000000  0.0000010 0.0000000 0.0000000 -0.0000010  0.0000010 -0.0000010  0.0000010 0.0000000 0.0000000  0.0000020 -0.0000050 0.0000000  0.0000010 -0.0000010  0.0000010  0.0000030 -0.0000010 -0.0000030  0.0000030 0.0000000  0.0000040 -0.0000010 0.0000000 -0.0000170 -0.0000090 -0.0000020 0.0000000  0.0000040 0.0000000 0.0000000 -0.0000020  0.0000040 -0.0000080  0.0000040  1.0000000 -0.0000030 -0.0000120 -0.0000020  0.0000110 -0.0000010 -0.0000130 0.0000000 0.0000000 -0.0000110  0.0000010  0.0000040 0.0000000 -0.0000140 0.0000000  0.0000060 -0.0000010  0.0000030 -0.0000020  0.0000070 -0.0000030 -0.0000040  0.0000020  0.0000010 0.0000000  0.0000020 -0.0000080 0.0000000 0.0000000  0.0000050 -0.0000010 0.0000000 0.0000000 0.0000000 0.0000000  0.0000030 0.0000000 -0.0000010 0.0000000  0.0000100  0.0000100 -0.0000030 -0.0000010
NP_JetJERnp4                       0.0000000  0.0000020 0.0000000 -0.0000020 -0.0000030  0.0000010 0.0000000 0.0000000 0.0000000 0.0000000 0.0000000 0.0000000 0.0000000 0.0000000 0.0000000 -0.0000020  0.0000030 0.0000000 0.0000000 -0.0000020  0.0000010  0.0000010 0.0000000 0.0000000  0.0000010 -0.0000010  0.0000040 -0.0000050 0.0000000 -0.0000010  0.0000010 -0.0000010 -0.0000010 0.0000000 0.0000000  0.0000010 -0.0000010 -0.0000010 0.0000000 -0.0000010  0.0000010 0.0000000 0.0000000 0.0000000 0.0000000 0.0000000 0.0000000 0.0000000 0.0000000 0.0000000 0.0000000 0.0000000  0.0000010 -0.0000030 0.0000000  0.0000010 0.0000000 0.0000000  0.0000010 0.0000000 -0.0000010  0.0000010 0.0000000  0.0000020 -0.0000010 0.0000000 -0.0000080 -0.0000040 -0.0000010 0.0000000  0.0000020 0.0000000 0.0000000 -0.0000010  0.0000020 -0.0000050  0.0000020 -0.0000030  1.0000000 -0.0000060 -0.0000020  0.0000060 -0.0000010 -0.0000060 0.0000000 0.0000000 -0.0000050  0.0000010  0.0000020 0.0000000 -0.0000070 0.0000000  0.0000030 0.0000000  0.0000010 -0.0000010  0.0000040 -0.0000010 -0.0000020  0.0000010  0.0000010 0.0000000  0.0000010 -0.0000040 0.0000000 0.0000000  0.0000030 -0.0000010 0.0000000 0.0000000 0.0000000 0.0000000  0.0000010 0.0000000 0.0000000 0.0000000  0.0000050  0.0000050 -0.0000020 0.0000000
NP_JetJERnp5                       0.0000000  0.0000090 0.0000000 -0.0000070 -0.0000090  0.0000040 0.0000000 0.0000000 0.0000000 0.0000000 0.0000000 -0.0000020 0.0000000 0.0000000 0.0000000 -0.0000080  0.0000120 0.0000000 0.0000000 -0.0000060  0.0000030  0.0000040  0.0000020 -0.0000020  0.0000050 -0.0000040  0.0000180 -0.0000200  0.0000010 -0.0000020  0.0000020 -0.0000020 -0.0000020 0.0000000  0.0000010  0.0000030 -0.0000030 -0.0000030 -0.0000020 -0.0000030  0.0000050  0.0000010 -0.0000010  0.0000010 0.0000000 0.0000000 -0.0000020  0.0000010 -0.0000020  0.0000010 0.0000000 0.0000000  0.0000040 -0.0000090 0.0000000  0.0000020 -0.0000010  0.0000010  0.0000060 -0.0000020 -0.0000060  0.0000050 0.0000000  0.0000070 -0.0000020 0.0000000 -0.0000310 -0.0000160 -0.0000040  0.0000010  0.0000070 0.0000000 0.0000000 -0.0000040  0.0000070 -0.0000150  0.0000070 -0.0000120 -0.0000060  1.0000000 -0.0000040  0.0000210 -0.0000020 -0.0000240 0.0000000 -0.0000010 -0.0000200  0.0000030  0.0000070  0.0000010 -0.0000260 -0.0000010  0.0000120 -0.0000020  0.0000050 -0.0000030  0.0000140 -0.0000050 -0.0000080  0.0000050  0.0000010 0.0000000  0.0000040 -0.0000150 0.0000000 0.0000000  0.0000100 -0.0000020 0.0000000 0.0000000 0.0000000 0.0000000  0.0000050  0.0000010 -0.0000020 0.0000000  0.0000190  0.0000190 -0.0000060 -0.0000010
NP_JetJERnp6                       0.0000000  0.0000020 0.0000000 -0.0000010 -0.0000020  0.0000010 0.0000000 0.0000000 0.0000000 0.0000000 0.0000000 0.0000000 0.0000000 0.0000000 0.0000000 -0.0000010  0.0000020 0.0000000 0.0000000 -0.0000010  0.0000010  0.0000010 0.0000000 0.0000000  0.0000010 -0.0000010  0.0000030 -0.0000040 0.0000000 0.0000000 0.0000000 0.0000000 0.0000000 0.0000000 0.0000000  0.0000010 -0.0000010 -0.0000010 0.0000000 -0.0000010  0.0000010 0.0000000 0.0000000 0.0000000 0.0000000 0.0000000 0.0000000 0.0000000 0.0000000 0.0000000 0.0000000 0.0000000  0.0000010 -0.0000020 0.0000000 0.0000000 0.0000000 0.0000000  0.0000010 0.0000000 -0.0000010  0.0000010 0.0000000  0.0000010 -0.0000010 0.0000000 -0.0000060 -0.0000030 -0.0000010 0.0000000  0.0000020 0.0000000 0.0000000 -0.0000010  0.0000020 -0.0000040  0.0000010 -0.0000020 -0.0000020 -0.0000040  1.0000000  0.0000040 -0.0000010 -0.0000040 0.0000000 0.0000000 -0.0000040  0.0000010  0.0000010 0.0000000 -0.0000050 0.0000000  0.0000020 0.0000000  0.0000010 -0.0000010  0.0000030 -0.0000010 -0.0000010  0.0000010 0.0000000 0.0000000  0.0000010 -0.0000030 0.0000000 0.0000000  0.0000020 -0.0000010 0.0000000 0.0000000 0.0000000 0.0000000  0.0000010 0.0000000 0.0000000 0.0000000  0.0000040  0.0000040 -0.0000010 0.0000000
NP_JetJERnp7                       0.0000000 -0.0000080 0.0000000  0.0000070  0.0000090 -0.0000040 0.0000000 0.0000000 0.0000000 0.0000000 0.0000000  0.0000020 0.0000000 0.0000000 0.0000000  0.0000070 -0.0000110 0.0000000 0.0000000  0.0000060 -0.0000030 -0.0000030 -0.0000020  0.0000020 -0.0000050  0.0000040 -0.0000160  0.0000180 -0.0000010  0.0000020 -0.0000020  0.0000020  0.0000020 0.0000000 -0.0000010 -0.0000030  0.0000030  0.0000030  0.0000020  0.0000030 -0.0000050 0.0000000 0.0000000 -0.0000010 0.0000000 0.0000000  0.0000020 -0.0000010  0.0000010 -0.0000010 0.0000000 0.0000000 -0.0000040  0.0000100 0.0000000 -0.0000020  0.0000010 -0.0000010 -0.0000050  0.0000020  0.0000050 -0.0000040 0.0000000 -0.0000060  0.0000020 0.0000000  0.0000280  0.0000140  0.0000040 0.0000000 -0.0000070 0.0000000 0.0000000  0.0000040 -0.0000070  0.0000140 -0.0000060  0.0000110  0.0000060  0.0000210  0.0000040  1.0000000  0.0000020  0.0000210 0.0000000  0.0000010  0.0000180 -0.0000030 -0.0000060 -0.0000010  0.0000230  0.0000010 -0.0000100  0.0000020 -0.0000050  0.0000030 -0.0000120  0.0000050  0.0000070 -0.0000040 -0.0000010 0.0000000 -0.0000040  0.0000140 0.0000000 0.0000000 -0.0000090  0.0000020 0.0000000 0.0000000 0.0000000 0.0000000 -0.0000050 -0.0000010  0.0000020 0.0000000 -0.0000170 -0.0000180  0.0000060  0.0000010
NP_JetJERnp8                       0.0000000  0.0000010 0.0000000 -0.0000010 -0.0000010 0.0000000 0.0000000 0.0000000 0.0000000 0.0000000 0.0000000 0.0000000 0.0000000 0.0000000 0.0000000 -0.0000010  0.0000010 0.0000000 0.0000000 -0.0000010 0.0000000 0.0000000 0.0000000 0.0000000 0.0000000 0.0000000  0.0000020 -0.0000020 0.0000000 0.0000000 0.0000000 0.0000000 0.0000000 0.0000000 0.0000000 0.0000000 0.0000000 0.0000000 0.0000000 0.0000000 0.0000000 0.0000000 0.0000000 0.0000000 0.0000000 0.0000000 0.0000000 0.0000000 0.0000000 0.0000000 0.0000000 0.0000000 0.0000000 -0.0000010 0.0000000 0.0000000 0.0000000 0.0000000 0.0000000 0.0000000 0.0000000 0.0000000 0.0000000  0.0000010 0.0000000 0.0000000 -0.0000030 -0.0000020 0.0000000 0.0000000  0.0000010 0.0000000 0.0000000 0.0000000  0.0000010 -0.0000010  0.0000010 -0.0000010 -0.0000010 -0.0000020 -0.0000010  0.0000020  1.0000000 -0.0000020 0.0000000 0.0000000 -0.0000010 0.0000000  0.0000010 0.0000000 -0.0000020 0.0000000  0.0000010 0.0000000 0.0000000 0.0000000  0.0000010 0.0000000 -0.0000010 0.0000000 0.0000000 0.0000000 0.0000000 -0.0000010 0.0000000 0.0000000  0.0000010 0.0000000 0.0000000 0.0000000 0.0000000 0.0000000 0.0000000 0.0000000 0.0000000 0.0000000  0.0000020  0.0000020 -0.0000010 0.0000000
NP_JetJESDet1                      -0.0000010  0.0000100 0.0000000 -0.0000080 -0.0000100  0.0000040 0.0000000 0.0000000 0.0000000 -0.0000010 0.0000000 -0.0000020 0.0000000 0.0000000 0.0000000 -0.0000080  0.0000130 0.0000000 0.0000000 -0.0000070  0.0000040  0.0000040  0.0000020 -0.0000020  0.0000060 -0.0000050  0.0000190 -0.0000220  0.0000010 -0.0000020  0.0000020 -0.0000020 -0.0000020 0.0000000  0.0000010  0.0000030 -0.0000030 -0.0000040 -0.0000020 -0.0000040  0.0000060  0.0000010 -0.0000010  0.0000010 0.0000000 0.0000000 -0.0000020  0.0000010 -0.0000020  0.0000020 0.0000000 0.0000000  0.0000040 -0.0000110  0.0000010  0.0000020 -0.0000010  0.0000010  0.0000060 -0.0000020 -0.0000060  0.0000050 0.0000000  0.0000080 -0.0000030 0.0000000 -0.0000330 -0.0000170 -0.0000040  0.0000010  0.0000070 0.0000000 0.0000000 -0.0000040  0.0000080 -0.0000170  0.0000060 -0.0000130 -0.0000060 -0.0000240 -0.0000040  0.0000210 -0.0000020  1.0000000 0.0000000 -0.0000010 -0.0000190  0.0000030  0.0000070  0.0000010 -0.0000270 -0.0000010  0.0000120 -0.0000020  0.0000060 -0.0000030  0.0000140 -0.0000060 -0.0000090  0.0000050  0.0000010 0.0000000  0.0000050 -0.0000160 -0.0000010 0.0000000  0.0000100 -0.0000020 0.0000000 0.0000000 0.0000000 0.0000000  0.0000050  0.0000010 -0.0000020 0.0000000  0.0000190  0.0000210 -0.0000060 -0.0000010
NP_JetJESDet2                      0.0000000 0.0000000 0.0000000 0.0000000 0.0000000 0.0000000 0.0000000 0.0000000 0.0000000 0.0000000 0.0000000 0.0000000 0.0000000 0.0000000 0.0000000 0.0000000 0.0000000 0.0000000 0.0000000 0.0000000 0.0000000 0.0000000 0.0000000 0.0000000 0.0000000 0.0000000 0.0000000 0.0000000 0.0000000 0.0000000 0.0000000 0.0000000 0.0000000 0.0000000 0.0000000 0.0000000 0.0000000 0.0000000 0.0000000 0.0000000 0.0000000 0.0000000 0.0000000 0.0000000 0.0000000 0.0000000 0.0000000 0.0000000 0.0000000 0.0000000 0.0000000 0.0000000 0.0000000 0.0000000 0.0000000 0.0000000 0.0000000 0.0000000 0.0000000 0.0000000 0.0000000 0.0000000 0.0000000 0.0000000 0.0000000 0.0000000 0.0000000 0.0000000 0.0000000 0.0000000 0.0000000 0.0000000 0.0000000 0.0000000 0.0000000 0.0000000 0.0000000 0.0000000 0.0000000 0.0000000 0.0000000 0.0000000 0.0000000 0.0000000  1.0000000 0.0000000 0.0000000 0.0000000 0.0000000 0.0000000 0.0000000 0.0000000 0.0000000 0.0000000 0.0000000 0.0000000 0.0000000 0.0000000 0.0000000 0.0000000 0.0000000 0.0000000 0.0000000 0.0000000 0.0000000 0.0000000 0.0000000 0.0000000 0.0000000 0.0000000 0.0000000 0.0000000 0.0000000 0.0000000 0.0000000 0.0000000 0.0000000 0.0000000 0.0000000 0.0000000
NP_JetJESDet3                      0.0000000 0.0000000 0.0000000 0.0000000 0.0000000 0.0000000 0.0000000 0.0000000 0.0000000 0.0000000 0.0000000 0.0000000 0.0000000 0.0000000 0.0000000 0.0000000 0.0000000 0.0000000 0.0000000 0.0000000 0.0000000 0.0000000 0.0000000 0.0000000 0.0000000 0.0000000  0.0000010 -0.0000010 0.0000000 0.0000000 0.0000000 0.0000000 0.0000000 0.0000000 0.0000000 0.0000000 0.0000000 0.0000000 0.0000000 0.0000000 0.0000000 0.0000000 0.0000000 0.0000000 0.0000000 0.0000000 0.0000000 0.0000000 0.0000000 0.0000000 0.0000000 0.0000000 0.0000000 0.0000000 0.0000000 0.0000000 0.0000000 0.0000000 0.0000000 0.0000000 0.0000000 0.0000000 0.0000000 0.0000000 0.0000000 0.0000000 -0.0000010 0.0000000 0.0000000 0.0000000 0.0000000 0.0000000 0.0000000 0.0000000 0.0000000 0.0000000 0.0000000 0.0000000 0.0000000 -0.0000010 0.0000000  0.0000010 0.0000000 -0.0000010 0.0000000  1.0000000 0.0000000 0.0000000 0.0000000 0.0000000 -0.0000010 0.0000000 0.0000000 0.0000000 0.0000000 0.0000000 0.0000000 0.0000000 0.0000000 0.0000000 0.0000000 0.0000000 0.0000000 0.0000000 0.0000000 0.0000000 0.0000000 0.0000000 0.0000000 0.0000000 0.0000000 0.0000000 0.0000000 0.0000000 0.0000000 0.0000000 0.0000000  0.0000010 0.0000000 0.0000000
NP_JetJESMix1                      0.0000000  0.0000080  0.0000010 -0.0000060 -0.0000070  0.0000040 0.0000000 0.0000000 0.0000000 0.0000000 0.0000000 -0.0000010 0.0000000 0.0000000 0.0000000 -0.0000050  0.0000090 0.0000000 0.0000000 -0.0000050  0.0000030  0.0000030  0.0000010 -0.0000010  0.0000040 -0.0000030  0.0000130 -0.0000130  0.0000010 -0.0000020  0.0000020 -0.0000010 -0.0000010 0.0000000  0.0000010  0.0000020 -0.0000020 -0.0000030 -0.0000010 -0.0000030  0.0000040 0.0000000 0.0000000  0.0000010 0.0000000 0.0000000 -0.0000010  0.0000010 -0.0000010  0.0000010 0.0000000 0.0000000  0.0000030 -0.0000070 0.0000000  0.0000010 -0.0000010  0.0000010  0.0000040 -0.0000010 -0.0000040  0.0000040 0.0000000  0.0000060 -0.0000020 0.0000000 -0.0000260 -0.0000130 -0.0000030 -0.0000020  0.0000070 0.0000000 0.0000000 -0.0000030  0.0000070 -0.0000130  0.0000070 -0.0000110 -0.0000050 -0.0000200 -0.0000040  0.0000180 -0.0000010 -0.0000190 0.0000000 0.0000000  1.0000000  0.0000020  0.0000050  0.0000010 -0.0000230 0.0000000  0.0000090 -0.0000020  0.0000050 -0.0000020  0.0000100 -0.0000040 -0.0000070  0.0000040  0.0000010  0.0000020  0.0000030 -0.0000140 0.0000000 0.0000000  0.0000090 -0.0000020 0.0000000 0.0000000 0.0000000 0.0000000  0.0000050  0.0000010 -0.0000020 0.0000000  0.0000130  0.0000150 -0.0000060 -0.0000010
NP_JetJESMix2                      0.0000000 -0.0000010 0.0000000  0.0000010  0.0000010 -0.0000010 0.0000000 0.0000000 0.0000000 0.0000000 0.0000000 0.0000000 0.0000000 0.0000000 0.0000000  0.0000010 -0.0000010 0.0000000 0.0000000  0.0000010 0.0000000 0.0000000 0.0000000 0.0000000 -0.0000010  0.0000010 -0.0000020  0.0000020 0.0000000 0.0000000 0.0000000 0.0000000 0.0000000 0.0000000 0.0000000 0.0000000 0.0000000 0.0000000 0.0000000 0.0000000 -0.0000010 0.0000000 0.0000000 0.0000000 0.0000000 0.0000000 0.0000000 0.0000000 0.0000000 0.0000000 0.0000000 0.0000000 0.0000000  0.0000010 0.0000000 0.0000000 0.0000000 0.0000000 -0.0000010 0.0000000  0.0000010 -0.0000010 0.0000000 -0.0000010 0.0000000 0.0000000  0.0000040  0.0000020  0.0000010 0.0000000 -0.0000010 0.0000000 0.0000000 0.0000000 -0.0000010  0.0000020 -0.0000010  0.0000010  0.0000010  0.0000030  0.0000010 -0.0000030 0.0000000  0.0000030 0.0000000 0.0000000  0.0000020  1.0000000 -0.0000010 0.0000000  0.0000030 0.0000000 -0.0000010 0.0000000 -0.0000010 0.0000000 -0.0000020  0.0000010  0.0000010 -0.0000010 0.0000000 0.0000000 -0.0000010  0.0000020 0.0000000 0.0000000 -0.0000010 0.0000000 0.0000000 0.0000000 0.0000000 0.0000000 -0.0000010 0.0000000 0.0000000 0.0000000 -0.0000020 -0.0000020  0.0000010 0.0000000
NP_JetJESMix3                      0.0000000 -0.0000030 0.0000000  0.0000020  0.0000030 -0.0000010 0.0000000 0.0000000 0.0000000 0.0000000 0.0000000  0.0000010 0.0000000 0.0000000 0.0000000  0.0000020 -0.0000040 0.0000000 0.0000000  0.0000020 -0.0000010 -0.0000010 -0.0000010  0.0000010 -0.0000020  0.0000010 -0.0000060  0.0000060 0.0000000  0.0000010 -0.0000010  0.0000010  0.0000010 0.0000000 0.0000000 -0.0000010  0.0000010  0.0000010  0.0000010  0.0000010 -0.0000020 0.0000000 0.0000000 0.0000000 0.0000000 0.0000000  0.0000010 0.0000000 0.0000000 0.0000000 0.0000000 0.0000000 -0.0000010  0.0000030 0.0000000 -0.0000010 0.0000000 0.0000000 -0.0000020  0.0000010  0.0000020 -0.0000020 0.0000000 -0.0000020  0.0000010 0.0000000  0.0000100  0.0000050  0.0000010 0.0000000 -0.0000020 0.0000000 0.0000000  0.0000010 -0.0000020  0.0000040 -0.0000020  0.0000040  0.0000020  0.0000070  0.0000010 -0.0000060  0.0000010  0.0000070 0.0000000 0.0000000  0.0000050 -0.0000010  1.0000000 0.0000000  0.0000080 0.0000000 -0.0000040  0.0000010 -0.0000020  0.0000010 -0.0000040  0.0000020  0.0000030 -0.0000010 0.0000000 0.0000000 -0.0000010  0.0000050 0.0000000 0.0000000 -0.0000030  0.0000010 0.0000000 0.0000000 0.0000000 0.0000000 -0.0000020 0.0000000  0.0000010 0.0000000 -0.0000060 -0.0000060  0.0000020 0.0000000
NP_JetJESMix4                      0.0000000 0.0000000 0.0000000 0.0000000 0.0000000 0.0000000 0.0000000 0.0000000 0.0000000 0.0000000 0.0000000 0.0000000 0.0000000 0.0000000 0.0000000 0.0000000 0.0000000 0.0000000 0.0000000 0.0000000 0.0000000 0.0000000 0.0000000 0.0000000 0.0000000 0.0000000 0.0000000 0.0000000 0.0000000 0.0000000 0.0000000 0.0000000 0.0000000 0.0000000 0.0000000 0.0000000 0.0000000 0.0000000 0.0000000 0.0000000 0.0000000 0.0000000 0.0000000 0.0000000 0.0000000 0.0000000 0.0000000 0.0000000 0.0000000 0.0000000 0.0000000 0.0000000 0.0000000 0.0000000 0.0000000 0.0000000 0.0000000 0.0000000 0.0000000 0.0000000 0.0000000 0.0000000 0.0000000 0.0000000 0.0000000 0.0000000  0.0000010 0.0000000 0.0000000 0.0000000 0.0000000 0.0000000 0.0000000 0.0000000 0.0000000 0.0000000 0.0000000 0.0000000 0.0000000  0.0000010 0.0000000 -0.0000010 0.0000000  0.0000010 0.0000000 0.0000000  0.0000010 0.0000000 0.0000000  1.0000000  0.0000010 0.0000000 0.0000000 0.0000000 0.0000000 0.0000000 0.0000000 0.0000000 0.0000000 0.0000000 0.0000000 0.0000000 0.0000000 0.0000000 0.0000000 0.0000000 0.0000000 0.0000000 0.0000000 0.0000000 0.0000000 0.0000000 0.0000000 0.0000000 0.0000000 0.0000000 0.0000000 0.0000000 0.0000000 0.0000000
NP_JetJESModel1                    -0.0000010  0.0000100 0.0000000 -0.0000080 -0.0000110  0.0000050 0.0000000 0.0000000 0.0000000 -0.0000010 0.0000000 -0.0000020 0.0000000 0.0000000 0.0000000 -0.0000090  0.0000130 0.0000000 0.0000000 -0.0000060  0.0000040  0.0000040  0.0000020 -0.0000020  0.0000060 -0.0000050  0.0000200 -0.0000220  0.0000010 -0.0000030  0.0000030 -0.0000020 -0.0000020 0.0000000  0.0000010  0.0000040 -0.0000030 -0.0000030 -0.0000020 -0.0000030  0.0000060  0.0000010 -0.0000010  0.0000010 0.0000000 0.0000000 -0.0000020  0.0000010 -0.0000020  0.0000020 0.0000000 0.0000000  0.0000050 -0.0000110  0.0000010  0.0000020 -0.0000010  0.0000010  0.0000060 -0.0000020 -0.0000060  0.0000050 0.0000000  0.0000080 -0.0000020 0.0000000 -0.0000350 -0.0000180 -0.0000050  0.0000010  0.0000080 0.0000000 0.0000000 -0.0000040  0.0000080 -0.0000160  0.0000080 -0.0000140 -0.0000070 -0.0000260 -0.0000050  0.0000230 -0.0000020 -0.0000270 0.0000000 -0.0000010 -0.0000230  0.0000030  0.0000080  0.0000010  1.0000000 -0.0000010  0.0000130 -0.0000020  0.0000060 -0.0000030  0.0000150 -0.0000060 -0.0000090  0.0000050  0.0000010 0.0000000  0.0000050 -0.0000180 -0.0000010 0.0000000  0.0000110 -0.0000020 0.0000000 0.0000000 0.0000000 0.0000000  0.0000060  0.0000010 -0.0000020 0.0000000  0.0000200  0.0000220 -0.0000070 -0.0000010
NP_JetJESModel2                    0.0000000 0.0000000 0.0000000 0.0000000 0.0000000 0.0000000 0.0000000 0.0000000 0.0000000 0.0000000 0.0000000 0.0000000 0.0000000 0.0000000 0.0000000 0.0000000 0.0000000 0.0000000 0.0000000 0.0000000 0.0000000 0.0000000 0.0000000 0.0000000 0.0000000 0.0000000  0.0000010 -0.0000010 0.0000000 0.0000000 0.0000000 0.0000000 0.0000000 0.0000000 0.0000000 0.0000000 0.0000000 0.0000000 0.0000000 0.0000000 0.0000000 0.0000000 0.0000000 0.0000000 0.0000000 0.0000000 0.0000000 0.0000000 0.0000000 0.0000000 0.0000000 0.0000000 0.0000000 0.0000000 0.0000000 0.0000000 0.0000000 0.0000000 0.0000000 0.0000000 0.0000000 0.0000000 0.0000000 0.0000000 0.0000000 0.0000000 -0.0000010 0.0000000 0.0000000 0.0000000 0.0000000 0.0000000 0.0000000 0.0000000 0.0000000 0.0000000 0.0000000 0.0000000 0.0000000 -0.0000010 0.0000000  0.0000010 0.0000000 -0.0000010 0.0000000 0.0000000 0.0000000 0.0000000 0.0000000 0.0000000 -0.0000010  1.0000000 0.0000000 0.0000000 0.0000000 0.0000000 0.0000000 0.0000000 0.0000000 0.0000000 0.0000000 0.0000000 0.0000000 0.0000000 0.0000000 0.0000000 0.0000000 0.0000000 0.0000000 0.0000000 0.0000000 0.0000000 0.0000000 0.0000000 0.0000000 0.0000000 0.0000000  0.0000010 0.0000000 0.0000000
NP_JetJESModel3                    0.0000000 -0.0000050 0.0000000  0.0000040  0.0000050 -0.0000020 0.0000000 0.0000000 0.0000000 0.0000000 0.0000000  0.0000010 0.0000000 0.0000000 0.0000000  0.0000040 -0.0000060 0.0000000 0.0000000  0.0000030 -0.0000020 -0.0000020 -0.0000010  0.0000010 -0.0000030  0.0000020 -0.0000090  0.0000100 -0.0000010  0.0000010 -0.0000010  0.0000010  0.0000010 0.0000000 -0.0000010 -0.0000020  0.0000010  0.0000020  0.0000010  0.0000020 -0.0000030 0.0000000 0.0000000 -0.0000010 0.0000000 0.0000000  0.0000010 0.0000000  0.0000010 -0.0000010 0.0000000 0.0000000 -0.0000020  0.0000050 0.0000000 -0.0000010  0.0000010 -0.0000010 -0.0000030  0.0000010  0.0000030 -0.0000020 0.0000000 -0.0000040  0.0000010 0.0000000  0.0000160  0.0000080  0.0000020 0.0000000 -0.0000040 0.0000000 0.0000000  0.0000020 -0.0000040  0.0000070 -0.0000030  0.0000060  0.0000030  0.0000120  0.0000020 -0.0000100  0.0000010  0.0000120 0.0000000 0.0000000  0.0000090 -0.0000010 -0.0000040 0.0000000  0.0000130 0.0000000  1.0000000  0.0000010 -0.0000030  0.0000010 -0.0000070  0.0000030  0.0000040 -0.0000020 -0.0000010 0.0000000 -0.0000020  0.0000080 0.0000000 0.0000000 -0.0000050  0.0000010 0.0000000 0.0000000 0.0000000 0.0000000 -0.0000030 0.0000000  0.0000010 0.0000000 -0.0000090 -0.0000100  0.0000030  0.0000010
NP_JetJESModel4                    0.0000000  0.0000010 0.0000000 -0.0000010 -0.0000010 0.0000000 0.0000000 0.0000000 0.0000000 0.0000000 0.0000000 0.0000000 0.0000000 0.0000000 0.0000000 -0.0000010  0.0000010 0.0000000 0.0000000 -0.0000010 0.0000000 0.0000000 0.0000000 0.0000000  0.0000010 0.0000000  0.0000020 -0.0000020 0.0000000 0.0000000 0.0000000 0.0000000 0.0000000 0.0000000 0.0000000 0.0000000 0.0000000 0.0000000 0.0000000 0.0000000  0.0000010 0.0000000 0.0000000 0.0000000 0.0000000 0.0000000 0.0000000 0.0000000 0.0000000 0.0000000 0.0000000 0.0000000 0.0000000 -0.0000010 0.0000000 0.0000000 0.0000000 0.0000000  0.0000010 0.0000000 -0.0000010 0.0000000 0.0000000  0.0000010 0.0000000 0.0000000 -0.0000030 -0.0000020 0.0000000 0.0000000  0.0000010 0.0000000 0.0000000 0.0000000  0.0000010 -0.0000010  0.0000010 -0.0000010 0.0000000 -0.0000020 0.0000000  0.0000020 0.0000000 -0.0000020 0.0000000 0.0000000 -0.0000020 0.0000000  0.0000010 0.0000000 -0.0000020 0.0000000  0.0000010  1.0000000  0.0000010 0.0000000  0.0000010 -0.0000010 -0.0000010  0.0000010 0.0000000 0.0000000  0.0000010 -0.0000020 0.0000000 0.0000000  0.0000010 0.0000000 0.0000000 0.0000000 0.0000000 0.0000000 0.0000000 0.0000000 0.0000000 0.0000000  0.0000020  0.0000020 0.0000000 0.0000000
NP_JetJESStat1                     0.0000000 -0.0000020 0.0000000  0.0000020  0.0000030 -0.0000010 0.0000000 0.0000000 0.0000000 0.0000000 0.0000000 0.0000000 0.0000000 0.0000000 0.0000000  0.0000020 -0.0000030 0.0000000 0.0000000  0.0000020 -0.0000010 -0.0000010 0.0000000 0.0000000 -0.0000010  0.0000010 -0.0000040  0.0000050 0.0000000  0.0000010 -0.0000010  0.0000010  0.0000010 0.0000000 0.0000000 -0.0000010  0.0000010  0.0000010 0.0000000  0.0000010 -0.0000010 0.0000000 0.0000000 0.0000000 0.0000000 0.0000000 0.0000000 0.0000000 0.0000000 0.0000000 0.0000000 0.0000000 -0.0000010  0.0000020 0.0000000 0.0000000 0.0000000 0.0000000 -0.0000010 0.0000000  0.0000010 -0.0000010 0.0000000 -0.0000020 0.0000000 0.0000000  0.0000070  0.0000040  0.0000010 0.0000000 -0.0000010 0.0000000 0.0000000  0.0000010 -0.0000010  0.0000030 -0.0000020  0.0000030  0.0000010  0.0000050  0.0000010 -0.0000050 0.0000000  0.0000060 0.0000000 0.0000000  0.0000050 -0.0000010 -0.0000020 0.0000000  0.0000060 0.0000000 -0.0000030  0.0000010  1.0000000  0.0000010 -0.0000030  0.0000010  0.0000020 -0.0000010 0.0000000 0.0000000 -0.0000010  0.0000040 0.0000000 0.0000000 -0.0000020 0.0000000 0.0000000 0.0000000 0.0000000 0.0000000 -0.0000010 0.0000000  0.0000010 0.0000000 -0.0000040 -0.0000050  0.0000010 0.0000000
NP_JetJESStat2                     0.0000000  0.0000010 0.0000000 -0.0000010 -0.0000010  0.0000010 0.0000000 0.0000000 0.0000000 0.0000000 0.0000000 0.0000000 0.0000000 0.0000000 0.0000000 -0.0000010  0.0000020 0.0000000 0.0000000 -0.0000010 0.0000000 0.0000000 0.0000000 0.0000000  0.0000010 -0.0000010  0.0000020 -0.0000030 0.0000000 0.0000000 0.0000000 0.0000000 0.0000000 0.0000000 0.0000000 0.0000000 0.0000000 0.0000000 0.0000000 0.0000000  0.0000010 0.0000000 0.0000000 0.0000000 0.0000000 0.0000000 0.0000000 0.0000000 0.0000000 0.0000000 0.0000000 0.0000000  0.0000010 -0.0000010 0.0000000 0.0000000 0.0000000 0.0000000  0.0000010 0.0000000 -0.0000010  0.0000010 0.0000000  0.0000010 0.0000000 0.0000000 -0.0000040 -0.0000020 -0.0000010 0.0000000  0.0000010 0.0000000 0.0000000 -0.0000010  0.0000010 -0.0000020  0.0000010 -0.0000020 -0.0000010 -0.0000030 -0.0000010  0.0000030 0.0000000 -0.0000030 0.0000000 0.0000000 -0.0000020 0.0000000  0.0000010 0.0000000 -0.0000030 0.0000000  0.0000010 0.0000000  0.0000010  1.0000000  0.0000020 -0.0000010 -0.0000010  0.0000010 0.0000000 0.0000000  0.0000010 -0.0000020 0.0000000 0.0000000  0.0000010 0.0000000 0.0000000 0.0000000 0.0000000 0.0000000  0.0000010 0.0000000 0.0000000 0.0000000  0.0000020  0.0000030 -0.0000010 0.0000000
NP_JetJESStat3                     0.0000000 -0.0000050 0.0000000  0.0000040  0.0000050 -0.0000020 0.0000000 0.0000000 0.0000000 0.0000000 0.0000000  0.0000010 0.0000000 0.0000000 0.0000000  0.0000050 -0.0000070 0.0000000 0.0000000  0.0000030 -0.0000020 -0.0000020 -0.0000010  0.0000010 -0.0000030  0.0000030 -0.0000110  0.0000120 -0.0000010  0.0000010 -0.0000010  0.0000010  0.0000010 0.0000000 -0.0000010 -0.0000020  0.0000020  0.0000020  0.0000010  0.0000020 -0.0000030 0.0000000 0.0000000 -0.0000010 0.0000000 0.0000000  0.0000010 -0.0000010  0.0000010 -0.0000010 0.0000000 0.0000000 -0.0000030  0.0000060 0.0000000 -0.0000010  0.0000010 -0.0000010 -0.0000030  0.0000010  0.0000030 -0.0000030 0.0000000 -0.0000040  0.0000010 0.0000000  0.0000190  0.0000100  0.0000030 0.0000000 -0.0000040 0.0000000 0.0000000  0.0000020 -0.0000040  0.0000080 -0.0000040  0.0000070  0.0000040  0.0000140  0.0000030 -0.0000120  0.0000010  0.0000140 0.0000000 0.0000000  0.0000100 -0.0000020 -0.0000040 0.0000000  0.0000150 0.0000000 -0.0000070  0.0000010 -0.0000030  0.0000020  1.0000000  0.0000030  0.0000050 -0.0000030 -0.0000010 0.0000000 -0.0000030  0.0000090 0.0000000 0.0000000 -0.0000060  0.0000010 0.0000000 0.0000000 0.0000000 0.0000000 -0.0000030 0.0000000  0.0000010 0.0000000 -0.0000110 -0.0000120  0.0000040  0.0000010
NP_JetJESStat4                     0.0000000  0.0000020 0.0000000 -0.0000020 -0.0000020  0.0000010 0.0000000 0.0000000 0.0000000 0.0000000 0.0000000 0.0000000 0.0000000 0.0000000 0.0000000 -0.0000020  0.0000030 0.0000000 0.0000000 -0.0000010  0.0000010  0.0000010 0.0000000 0.0000000  0.0000010 -0.0000010  0.0000040 -0.0000050 0.0000000 -0.0000010  0.0000010 0.0000000 0.0000000 0.0000000 0.0000000  0.0000010 -0.0000010 -0.0000010 0.0000000 -0.0000010  0.0000010 0.0000000 0.0000000 0.0000000 0.0000000 0.0000000 0.0000000 0.0000000 0.0000000 0.0000000 0.0000000 0.0000000  0.0000010 -0.0000020 0.0000000 0.0000000 0.0000000 0.0000000  0.0000010 0.0000000 -0.0000010  0.0000010 0.0000000  0.0000020 -0.0000010 0.0000000 -0.0000070 -0.0000040 -0.0000010 0.0000000  0.0000020 0.0000000 0.0000000 -0.0000010  0.0000020 -0.0000030  0.0000020 -0.0000030 -0.0000010 -0.0000050 -0.0000010  0.0000050 0.0000000 -0.0000060 0.0000000 0.0000000 -0.0000040  0.0000010  0.0000020 0.0000000 -0.0000060 0.0000000  0.0000030 -0.0000010  0.0000010 -0.0000010  0.0000030  1.0000000 -0.0000020  0.0000010 0.0000000 0.0000000  0.0000010 -0.0000040 0.0000000 0.0000000  0.0000020 0.0000000 0.0000000 0.0000000 0.0000000 0.0000000  0.0000010 0.0000000 -0.0000010 0.0000000  0.0000040  0.0000050 -0.0000010 0.0000000
NP_Jetjvf                          0.0000000  0.0000030 0.0000000 -0.0000030 -0.0000040  0.0000010 0.0000000 0.0000000 0.0000000 0.0000000 0.0000000 -0.0000010 0.0000000 0.0000000 0.0000000 -0.0000030  0.0000050 0.0000000 0.0000000 -0.0000020  0.0000010  0.0000010  0.0000010 -0.0000010  0.0000020 -0.0000020  0.0000070 -0.0000080 0.0000000 -0.0000010  0.0000010 -0.0000010 -0.0000010 0.0000000 0.0000000  0.0000010 -0.0000010 -0.0000010 -0.0000010 -0.0000010  0.0000020 0.0000000 0.0000000 0.0000000 0.0000000 0.0000000 -0.0000010 0.0000000 -0.0000010  0.0000010 0.0000000 0.0000000  0.0000010 -0.0000040 0.0000000  0.0000010 0.0000000 0.0000000  0.0000020 -0.0000010 -0.0000020  0.0000020 0.0000000  0.0000030 -0.0000010 0.0000000 -0.0000110 -0.0000060 -0.0000020 0.0000000  0.0000030 0.0000000 0.0000000 -0.0000010  0.0000020 -0.0000060  0.0000020 -0.0000040 -0.0000020 -0.0000080 -0.0000010  0.0000070 -0.0000010 -0.0000090 0.0000000 0.0000000 -0.0000070  0.0000010  0.0000030 0.0000000 -0.0000090 0.0000000  0.0000040 -0.0000010  0.0000020 -0.0000010  0.0000050 -0.0000020  1.0000000  0.0000020 0.0000000 0.0000000  0.0000020 -0.0000050 0.0000000 0.0000000  0.0000030 -0.0000010 0.0000000 0.0000000 0.0000000 0.0000000  0.0000020 0.0000000 -0.0000010 0.0000000  0.0000060  0.0000070 -0.0000020 0.0000000
NP_Jetmistag                       0.0000000 -0.0000020 0.0000000  0.0000010  0.0000020 -0.0000010 0.0000000 0.0000000 0.0000000 0.0000000 0.0000000 0.0000000 0.0000000 0.0000000 0.0000000  0.0000020 -0.0000020 0.0000000 0.0000000  0.0000010 -0.0000010 -0.0000010 0.0000000 0.0000000 -0.0000010  0.0000010 -0.0000040  0.0000040 0.0000000 0.0000000 0.0000000 0.0000000 0.0000000 0.0000000 0.0000000 -0.0000010  0.0000010  0.0000010 0.0000000  0.0000010 -0.0000010 0.0000000 0.0000000 0.0000000 0.0000000 0.0000000 0.0000000 0.0000000 0.0000000 0.0000000 0.0000000 0.0000000 -0.0000010  0.0000020 0.0000000 0.0000000 0.0000000 0.0000000 -0.0000010 0.0000000  0.0000010 -0.0000010 0.0000000 -0.0000010  0.0000010 0.0000000  0.0000060  0.0000030  0.0000010 0.0000000 -0.0000010 0.0000000 0.0000000  0.0000010 -0.0000010  0.0000030 -0.0000010  0.0000020  0.0000010  0.0000050  0.0000010 -0.0000040 0.0000000  0.0000050 0.0000000 0.0000000  0.0000040 -0.0000010 -0.0000010 0.0000000  0.0000050 0.0000000 -0.0000020  0.0000010 -0.0000010  0.0000010 -0.0000030  0.0000010  0.0000020  1.0000000 0.0000000 0.0000000 -0.0000010  0.0000030 0.0000000 0.0000000 -0.0000020 0.0000000 0.0000000 0.0000000 0.0000000 0.0000000 -0.0000010 0.0000000 0.0000000 0.0000000 -0.0000040 -0.0000040  0.0000010 0.0000000
NP_JetPileupOffsetMu               0.0000000 -0.0000010 0.0000000 0.0000000  0.0000010 0.0000000 0.0000000 0.0000000 0.0000000 0.0000000 0.0000000 0.0000000 0.0000000 0.0000000 0.0000000 0.0000000 -0.0000010 0.0000000 0.0000000 0.0000000 0.0000000 0.0000000 0.0000000 0.0000000 0.0000000 0.0000000 -0.0000010  0.0000010 0.0000000 0.0000000 0.0000000 0.0000000 0.0000000 0.0000000 0.0000000 0.0000000 0.0000000 0.0000000 0.0000000 0.0000000 0.0000000 0.0000000 0.0000000 0.0000000 0.0000000 0.0000000 0.0000000 0.0000000 0.0000000 0.0000000 0.0000000 0.0000000 0.0000000  0.0000010 0.0000000 0.0000000 0.0000000 0.0000000 0.0000000 0.0000000 0.0000000 0.0000000 0.0000000 0.0000000 0.0000000 0.0000000  0.0000020  0.0000010 0.0000000 0.0000000 0.0000000 0.0000000 0.0000000 0.0000000 -0.0000010  0.0000010 0.0000000  0.0000010  0.0000010  0.0000010 0.0000000 -0.0000010 0.0000000  0.0000010 0.0000000 0.0000000  0.0000010 0.0000000 0.0000000 0.0000000  0.0000010 0.0000000 -0.0000010 0.0000000 0.0000000 0.0000000 -0.0000010 0.0000000 0.0000000 0.0000000  1.0000000 0.0000000 0.0000000  0.0000010 0.0000000 0.0000000 -0.0000010 0.0000000 0.0000000 0.0000000 0.0000000 0.0000000 0.0000000 0.0000000 0.0000000 0.0000000 -0.0000010 -0.0000010 0.0000000 0.0000000
NP_JetPileupOffsetNPV              0.0000000 0.0000000 0.0000000 0.0000000 0.0000000 0.0000000 0.0000000 0.0000000 0.0000000 0.0000000 0.0000000 0.0000000 0.0000000 0.0000000 0.0000000 0.0000000 0.0000000 0.0000000 0.0000000 0.0000000 0.0000000 0.0000000 0.0000000 0.0000000 0.0000000 0.0000000 0.0000000 0.0000000 0.0000000 0.0000000 0.0000000 0.0000000 0.0000000 0.0000000 0.0000000 0.0000000 0.0000000 0.0000000 0.0000000 0.0000000 0.0000000 0.0000000 0.0000000 0.0000000 0.0000000 0.0000000 0.0000000 0.0000000 0.0000000 0.0000000 0.0000000 0.0000000 0.0000000 0.0000000 0.0000000 0.0000000 0.0000000 0.0000000 0.0000000 0.0000000 0.0000000 0.0000000 0.0000000 0.0000000 0.0000000 0.0000000 0.0000000 0.0000000 0.0000000 0.0000000 0.0000000 0.0000000 0.0000000 0.0000000 0.0000000 0.0000000 0.0000000 0.0000000 0.0000000 0.0000000 0.0000000 0.0000000 0.0000000 0.0000000 0.0000000 0.0000000  0.0000020 0.0000000 0.0000000 0.0000000 0.0000000 0.0000000 0.0000000 0.0000000 0.0000000 0.0000000 0.0000000 0.0000000 0.0000000 0.0000000 0.0000000  1.0000000 0.0000000 0.0000000 0.0000000 0.0000000 0.0000000 0.0000000 0.0000000 0.0000000 0.0000000 0.0000000 0.0000000 0.0000000 0.0000000 0.0000000 0.0000000 0.0000000 0.0000000 0.0000000
NP_JetPileupPt                     0.0000000 -0.0000020 0.0000000  0.0000010  0.0000020 -0.0000010 0.0000000 0.0000000 0.0000000 0.0000000 0.0000000 0.0000000 0.0000000 0.0000000 0.0000000  0.0000010 -0.0000020 0.0000000 0.0000000  0.0000010 -0.0000010 -0.0000010 0.0000000 0.0000000 -0.0000010  0.0000010 -0.0000030  0.0000040 0.0000000 0.0000000 0.0000000 0.0000000 0.0000000 0.0000000 0.0000000 -0.0000010  0.0000010  0.0000010 0.0000000  0.0000010 -0.0000010 0.0000000 0.0000000 0.0000000 0.0000000 0.0000000 0.0000000 0.0000000 0.0000000 0.0000000 0.0000000 0.0000000 -0.0000010  0.0000020 0.0000000 0.0000000 0.0000000 0.0000000 -0.0000010 0.0000000  0.0000010 -0.0000010 0.0000000 -0.0000010 0.0000000 0.0000000  0.0000060  0.0000030  0.0000010 0.0000000 -0.0000010 0.0000000 0.0000000  0.0000010 -0.0000010  0.0000030 -0.0000010  0.0000020  0.0000010  0.0000040  0.0000010 -0.0000040 0.0000000  0.0000050 0.0000000 0.0000000  0.0000030 -0.0000010 -0.0000010 0.0000000  0.0000050 0.0000000 -0.0000020  0.0000010 -0.0000010  0.0000010 -0.0000030  0.0000010  0.0000020 -0.0000010 0.0000000 0.0000000  1.0000000  0.0000030 0.0000000 0.0000000 -0.0000020 0.0000000 0.0000000 0.0000000 0.0000000 0.0000000 -0.0000010 0.0000000 0.0000000 0.0000000 -0.0000040 -0.0000040  0.0000010 0.0000000
NP_JetPileupRho                    0.0000000  0.0000060 0.0000000 -0.0000050 -0.0000060  0.0000030 0.0000000 0.0000000 0.0000000 0.0000000 0.0000000 -0.0000010 0.0000000 0.0000000 0.0000000 -0.0000050  0.0000080 0.0000000 0.0000000 -0.0000040  0.0000020  0.0000030  0.0000010 -0.0000010  0.0000030 -0.0000030  0.0000110 -0.0000130  0.0000010 -0.0000010  0.0000010 -0.0000010 -0.0000010 0.0000000  0.0000010  0.0000020 -0.0000020 -0.0000020 -0.0000010 -0.0000020  0.0000030 0.0000000 0.0000000  0.0000010 0.0000000 0.0000000 -0.0000010  0.0000010 -0.0000010  0.0000010 0.0000000 0.0000000  0.0000030 -0.0000070 0.0000000  0.0000010 -0.0000010  0.0000010  0.0000040 -0.0000010 -0.0000040  0.0000030 0.0000000  0.0000050 -0.0000020 0.0000000 -0.0000200 -0.0000110 -0.0000030 0.0000000  0.0000050 0.0000000 0.0000000 -0.0000030  0.0000050 -0.0000110  0.0000050 -0.0000080 -0.0000040 -0.0000150 -0.0000030  0.0000140 -0.0000010 -0.0000160 0.0000000 0.0000000 -0.0000140  0.0000020  0.0000050 0.0000000 -0.0000180 0.0000000  0.0000080 -0.0000020  0.0000040 -0.0000020  0.0000090 -0.0000040 -0.0000050  0.0000030  0.0000010 0.0000000  0.0000030  1.0000000 0.0000000 0.0000000  0.0000070 -0.0000010 0.0000000 0.0000000 0.0000000 0.0000000  0.0000040 0.0000000 -0.0000020 0.0000000  0.0000130  0.0000130 -0.0000040 -0.0000010
NP_JetPunchThrough                 0.0000000 0.0000000 0.0000000 0.0000000 0.0000000 0.0000000 0.0000000 0.0000000 0.0000000 0.0000000 0.0000000 0.0000000 0.0000000 0.0000000 0.0000000 0.0000000 0.0000000 0.0000000 0.0000000 0.0000000 0.0000000 0.0000000 0.0000000 0.0000000 0.0000000 0.0000000 0.0000000 0.0000000 0.0000000 0.0000000 0.0000000 0.0000000 0.0000000 0.0000000 0.0000000 0.0000000 0.0000000 0.0000000 0.0000000 0.0000000 0.0000000 0.0000000 0.0000000 0.0000000 0.0000000 0.0000000 0.0000000 0.0000000 0.0000000 0.0000000 0.0000000 0.0000000 0.0000000 0.0000000 0.0000000 0.0000000 0.0000000 0.0000000 0.0000000 0.0000000 0.0000000 0.0000000 0.0000000 0.0000000 0.0000000 0.0000000 -0.0000010 0.0000000 0.0000000 0.0000000 0.0000000 0.0000000 0.0000000 0.0000000 0.0000000 0.0000000 0.0000000 0.0000000 0.0000000 0.0000000 0.0000000 0.0000000 0.0000000 -0.0000010 0.0000000 0.0000000 0.0000000 0.0000000 0.0000000 0.0000000 -0.0000010 0.0000000 0.0000000 0.0000000 0.0000000 0.0000000 0.0000000 0.0000000 0.0000000 0.0000000 0.0000000 0.0000000 0.0000000 0.0000000  1.0000000 0.0000000 0.0000000 0.0000000 0.0000000 0.0000000 0.0000000 0.0000000 0.0000000 0.0000000 0.0000000 0.0000000 0.0000000 0.0000000 0.0000000 0.0000000
NP_JetSinglePart                   0.0000000 0.0000000 0.0000000 0.0000000 0.0000000 0.0000000 0.0000000 0.0000000 0.0000000 0.0000000 0.0000000 0.0000000 0.0000000 0.0000000 0.0000000 0.0000000 0.0000000 0.0000000 0.0000000 0.0000000 0.0000000 0.0000000 0.0000000 0.0000000 0.0000000 0.0000000 0.0000000 0.0000000 0.0000000 0.0000000 0.0000000 0.0000000 0.0000000 0.0000000 0.0000000 0.0000000 0.0000000 0.0000000 0.0000000 0.0000000 0.0000000 0.0000000 0.0000000 0.0000000 0.0000000 0.0000000 0.0000000 0.0000000 0.0000000 0.0000000 0.0000000 0.0000000 0.0000000 0.0000000 0.0000000 0.0000000 0.0000000 0.0000000 0.0000000 0.0000000 0.0000000 0.0000000 0.0000000 0.0000000 0.0000000 0.0000000 0.0000000 0.0000000 0.0000000 0.0000000 0.0000000 0.0000000 0.0000000 0.0000000 0.0000000 0.0000000 0.0000000 0.0000000 0.0000000 0.0000000 0.0000000 0.0000000 0.0000000 0.0000000 0.0000000 0.0000000 0.0000000 0.0000000 0.0000000 0.0000000 0.0000000 0.0000000 0.0000000 0.0000000 0.0000000 0.0000000 0.0000000 0.0000000 0.0000000 0.0000000 0.0000000 0.0000000 0.0000000 0.0000000 0.0000000  1.0000000 0.0000000 0.0000000 0.0000000 0.0000000 0.0000000 0.0000000 0.0000000 0.0000000 0.0000000 0.0000000 0.0000000 0.0000000 0.0000000 0.0000000
NP_METres                          0.0000000 -0.0000040 0.0000000  0.0000030  0.0000040 -0.0000020 0.0000000 0.0000000 0.0000000 0.0000000 0.0000000  0.0000010 0.0000000 0.0000000 0.0000000  0.0000030 -0.0000050 0.0000000 0.0000000  0.0000030 -0.0000010 -0.0000020 -0.0000010  0.0000010 -0.0000020  0.0000020 -0.0000070  0.0000090 -0.0000010  0.0000010 -0.0000010  0.0000010  0.0000010 0.0000000 0.0000000 -0.0000010  0.0000010  0.0000010  0.0000010  0.0000010 -0.0000020 0.0000000 0.0000000 -0.0000010 0.0000000 0.0000000  0.0000010 0.0000000  0.0000010 -0.0000010 0.0000000 0.0000000 -0.0000020  0.0000050 0.0000000 -0.0000010 0.0000000 0.0000000 -0.0000020  0.0000010  0.0000020 -0.0000020 0.0000000 -0.0000030  0.0000010 0.0000000  0.0000130  0.0000070  0.0000020 0.0000000 -0.0000030 0.0000000 0.0000000  0.0000020 -0.0000030  0.0000070 -0.0000030  0.0000050  0.0000030  0.0000100  0.0000020 -0.0000090  0.0000010  0.0000100 0.0000000 0.0000000  0.0000090 -0.0000010 -0.0000030 0.0000000  0.0000110 0.0000000 -0.0000050  0.0000010 -0.0000020  0.0000010 -0.0000060  0.0000020  0.0000030 -0.0000020 -0.0000010 0.0000000 -0.0000020  0.0000070 0.0000000 0.0000000  1.0000000  0.0000010 0.0000000 0.0000000 0.0000000 0.0000000 -0.0000020 0.0000000  0.0000010 0.0000000 -0.0000080 -0.0000080  0.0000030  0.0000010
NP_METsc                           0.0000000  0.0000010 0.0000000 -0.0000010 -0.0000010 0.0000000 0.0000000 0.0000000 0.0000000 0.0000000 0.0000000 0.0000000 0.0000000 0.0000000 0.0000000 -0.0000010  0.0000010 0.0000000 0.0000000 -0.0000010 0.0000000 0.0000000 0.0000000 0.0000000 0.0000000 0.0000000  0.0000010 -0.0000020 0.0000000 0.0000000 0.0000000 0.0000000 0.0000000 0.0000000 0.0000000 0.0000000 0.0000000 0.0000000 0.0000000 0.0000000 0.0000000 0.0000000 0.0000000 0.0000000 0.0000000 0.0000000 0.0000000 0.0000000 0.0000000 0.0000000 0.0000000 0.0000000 0.0000000 -0.0000010 0.0000000 0.0000000 0.0000000 0.0000000 0.0000000 0.0000000 0.0000000 0.0000000 0.0000000  0.0000010 0.0000000 0.0000000 -0.0000030 -0.0000010 0.0000000 0.0000000  0.0000010 0.0000000 0.0000000 0.0000000  0.0000010 -0.0000010  0.0000010 -0.0000010 -0.0000010 -0.0000020 -0.0000010  0.0000020 0.0000000 -0.0000020 0.0000000 0.0000000 -0.0000020 0.0000000  0.0000010 0.0000000 -0.0000020 0.0000000  0.0000010 0.0000000 0.0000000 0.0000000  0.0000010 0.0000000 -0.0000010 0.0000000 0.0000000 0.0000000 0.0000000 -0.0000010 0.0000000 0.0000000  0.0000010  1.0000000 0.0000000 0.0000000 0.0000000 0.0000000 0.0000000 0.0000000 0.0000000 0.0000000  0.0000020  0.0000020 -0.0000010 0.0000000
NP_Muonidres                       0.0000000 0.0000000 0.0000000 0.0000000 0.0000000 0.0000000 0.0000000 0.0000000 0.0000000 0.0000000 0.0000000 0.0000000 0.0000000 0.0000000 0.0000000 0.0000000 0.0000000 0.0000000 0.0000000 0.0000000 0.0000000 0.0000000 0.0000000 0.0000000 0.0000000 0.0000000 0.0000000 0.0000000 0.0000000 0.0000000 0.0000000 0.0000000 0.0000000 0.0000000 0.0000000 0.0000000 0.0000000 0.0000000 0.0000000 0.0000000 0.0000000 0.0000000 0.0000000 0.0000000 0.0000000 0.0000000 0.0000000 0.0000000 0.0000000 0.0000000 0.0000000 0.0000000 0.0000000 0.0000000 0.0000000 0.0000000 0.0000000 0.0000000 0.0000000 0.0000000 0.0000000 0.0000000 0.0000000 0.0000000 0.0000000 0.0000000 0.0000000 0.0000000 0.0000000 0.0000000 0.0000000 0.0000000 0.0000000 0.0000000 0.0000000 0.0000000 0.0000000 0.0000000 0.0000000 0.0000000 0.0000000 0.0000000 0.0000000 0.0000000 0.0000000 0.0000000 0.0000000 0.0000000 0.0000000 0.0000000 0.0000000 0.0000000 0.0000000 0.0000000 0.0000000 0.0000000 0.0000000 0.0000000 0.0000000 0.0000000 0.0000000 0.0000000 0.0000000 0.0000000 0.0000000 0.0000000 0.0000000 0.0000000  1.0000000 0.0000000 0.0000000 0.0000000 0.0000000 0.0000000 0.0000000 0.0000000 0.0000000 0.0000000 0.0000000 0.0000000
NP_Muonmsres                       0.0000000 0.0000000 0.0000000 0.0000000 0.0000000 0.0000000 0.0000000 0.0000000 0.0000000 0.0000000 0.0000000 0.0000000 0.0000000 0.0000000 0.0000000 0.0000000 0.0000000 0.0000000 0.0000000 0.0000000 0.0000000 0.0000000 0.0000000 0.0000000 0.0000000 0.0000000 0.0000000 0.0000000 0.0000000 0.0000000 0.0000000 0.0000000 0.0000000 0.0000000 0.0000000 0.0000000 0.0000000 0.0000000 0.0000000 0.0000000 0.0000000 0.0000000 0.0000000 0.0000000 0.0000000 0.0000000 0.0000000 0.0000000 0.0000000 0.0000000 0.0000000 0.0000000 0.0000000 0.0000000 0.0000000 0.0000000 0.0000000 0.0000000 0.0000000 0.0000000 0.0000000 0.0000000 0.0000000 0.0000000 0.0000000 0.0000000 0.0000000 0.0000000 0.0000000 0.0000000 0.0000000 0.0000000 0.0000000 0.0000000 0.0000000 0.0000000 0.0000000 0.0000000 0.0000000 0.0000000 0.0000000 0.0000000 0.0000000 0.0000000 0.0000000 0.0000000 0.0000000 0.0000000 0.0000000 0.0000000 0.0000000 0.0000000 0.0000000 0.0000000 0.0000000 0.0000000 0.0000000 0.0000000 0.0000000 0.0000000 0.0000000 0.0000000 0.0000000 0.0000000 0.0000000 0.0000000 0.0000000 0.0000000 0.0000000  1.0000000 0.0000000 0.0000000 0.0000000 0.0000000 0.0000000 0.0000000 0.0000000 0.0000000 0.0000000 0.0000000
NP_Muonsc                          0.0000000 0.0000000 0.0000000 0.0000000 0.0000000 0.0000000 0.0000000 0.0000000 0.0000000 0.0000000 0.0000000 0.0000000 0.0000000 0.0000000 0.0000000 0.0000000 0.0000000 0.0000000 0.0000000 0.0000000 0.0000000 0.0000000 0.0000000 0.0000000 0.0000000 0.0000000 0.0000000 0.0000000 0.0000000 0.0000000 0.0000000 0.0000000 0.0000000 0.0000000 0.0000000 0.0000000 0.0000000 0.0000000 0.0000000 0.0000000 0.0000000 0.0000000 0.0000000 0.0000000 0.0000000 0.0000000 0.0000000 0.0000000 0.0000000 0.0000000 0.0000000 0.0000000 0.0000000 0.0000000 0.0000000 0.0000000 0.0000000 0.0000000 0.0000000 0.0000000 0.0000000 0.0000000 0.0000000 0.0000000 0.0000000 0.0000000 0.0000000 0.0000000 0.0000000 0.0000000 0.0000000 0.0000000 0.0000000 0.0000000 0.0000000 0.0000000 0.0000000 0.0000000 0.0000000 0.0000000 0.0000000 0.0000000 0.0000000 0.0000000 0.0000000 0.0000000 0.0000000 0.0000000 0.0000000 0.0000000 0.0000000 0.0000000 0.0000000 0.0000000 0.0000000 0.0000000 0.0000000 0.0000000 0.0000000 0.0000000 0.0000000 0.0000000 0.0000000 0.0000000 0.0000000 0.0000000 0.0000000 0.0000000 0.0000000 0.0000000  1.0000000 0.0000000 0.0000000 0.0000000 0.0000000 0.0000000 0.0000000 0.0000000 0.0000000 0.0000000
NP_QCDMMFAKEALTERNATE              0.0000000 0.0000000 0.0000000 0.0000000 0.0000000 0.0000000 0.0000000 0.0000000 0.0000000 0.0000000 0.0000000 0.0000000 0.0000000 0.0000000 0.0000000 0.0000000 0.0000000 0.0000000 0.0000000 0.0000000 0.0000000 0.0000000 0.0000000 0.0000000 0.0000000 0.0000000 0.0000000 0.0000000 0.0000000 0.0000000 0.0000000 0.0000000 0.0000000 0.0000000 0.0000000 0.0000000 0.0000000 0.0000000 0.0000000 0.0000000 0.0000000 0.0000000 0.0000000 0.0000000 0.0000000 0.0000000 0.0000000 0.0000000 0.0000000 0.0000000 0.0000000 0.0000000 0.0000000 0.0000000 0.0000000 0.0000000 0.0000000 0.0000000 0.0000000 0.0000000 0.0000000 0.0000000 0.0000000 0.0000000 0.0000000 0.0000000 0.0000000 0.0000000 0.0000000 0.0000000 0.0000000 0.0000000 0.0000000 0.0000000 0.0000000 0.0000000 0.0000000 0.0000000 0.0000000 0.0000000 0.0000000 0.0000000 0.0000000 0.0000000 0.0000000 0.0000000 0.0000000 0.0000000 0.0000000 0.0000000 0.0000000 0.0000000 0.0000000 0.0000000 0.0000000 0.0000000 0.0000000 0.0000000 0.0000000 0.0000000 0.0000000 0.0000000 0.0000000 0.0000000 0.0000000 0.0000000 0.0000000 0.0000000 0.0000000 0.0000000 0.0000000  1.0000000 0.0000000 0.0000000 0.0000000 0.0000000 0.0000000 0.0000000 0.0000000 0.0000000
NP_QCDMMFAKEMCUP                   0.0000000 -0.0000020 0.0000000  0.0000020  0.0000020 -0.0000010 0.0000000 0.0000000 0.0000000 0.0000000 0.0000000 0.0000000 0.0000000 0.0000000 0.0000000  0.0000020 -0.0000030 0.0000000 0.0000000  0.0000010 -0.0000010 -0.0000010 0.0000000 0.0000000 -0.0000010  0.0000010 -0.0000040  0.0000040 0.0000000 0.0000000 0.0000000 0.0000000 0.0000000 0.0000000 0.0000000 -0.0000010  0.0000010  0.0000010 0.0000000  0.0000010 -0.0000010 0.0000000 0.0000000 0.0000000 0.0000000 0.0000000 0.0000000 0.0000000 0.0000000 0.0000000 0.0000000 0.0000000 -0.0000010  0.0000020 0.0000000 0.0000000 0.0000000 0.0000000 -0.0000010 0.0000000  0.0000010 -0.0000010 0.0000000 -0.0000020  0.0000010 0.0000000  0.0000070  0.0000040  0.0000010 0.0000000 -0.0000020 0.0000000 0.0000000  0.0000010 -0.0000020  0.0000040 -0.0000020  0.0000030  0.0000010  0.0000050  0.0000010 -0.0000050 0.0000000  0.0000050 0.0000000 0.0000000  0.0000050 -0.0000010 -0.0000020 0.0000000  0.0000060 0.0000000 -0.0000030 0.0000000 -0.0000010  0.0000010 -0.0000030  0.0000010  0.0000020 -0.0000010 0.0000000 0.0000000 -0.0000010  0.0000040 0.0000000 0.0000000 -0.0000020 0.0000000 0.0000000 0.0000000 0.0000000 0.0000000  1.0000000 0.0000000 0.0000000 0.0000000 -0.0000050 -0.0000040  0.0000020 0.0000000
NP_QCDMMPARALTERNATE               0.0000000 0.0000000 0.0000000 0.0000000 0.0000000 0.0000000 0.0000000 0.0000000 0.0000000 0.0000000 0.0000000 0.0000000 0.0000000 0.0000000 0.0000000 0.0000000 0.0000000 0.0000000 0.0000000 0.0000000 0.0000000 0.0000000 0.0000000 0.0000000 0.0000000 0.0000000 0.0000000  0.0000010 0.0000000 0.0000000 0.0000000 0.0000000 0.0000000 0.0000000 0.0000000 0.0000000 0.0000000 0.0000000 0.0000000 0.0000000 0.0000000 0.0000000 0.0000000 0.0000000 0.0000000 0.0000000 0.0000000 0.0000000 0.0000000 0.0000000 0.0000000 0.0000000 0.0000000 0.0000000 0.0000000 0.0000000 0.0000000 0.0000000 0.0000000 0.0000000 0.0000000 0.0000000 0.0000000 0.0000000 0.0000000 0.0000000  0.0000010 0.0000000 0.0000000 0.0000000 0.0000000 0.0000000 0.0000000 0.0000000 0.0000000 0.0000000 0.0000000 0.0000000 0.0000000  0.0000010 0.0000000 -0.0000010 0.0000000  0.0000010 0.0000000 0.0000000  0.0000010 0.0000000 0.0000000 0.0000000  0.0000010 0.0000000 0.0000000 0.0000000 0.0000000 0.0000000 0.0000000 0.0000000 0.0000000 0.0000000 0.0000000 0.0000000 0.0000000 0.0000000 0.0000000 0.0000000 0.0000000 0.0000000 0.0000000 0.0000000 0.0000000 0.0000000 0.0000000  1.0000000 0.0000000 0.0000000 0.0000000 -0.0000010 0.0000000 0.0000000
NP_QCDMMREALALTERNATE              0.0000000  0.0000010 0.0000000 -0.0000010 -0.0000010 0.0000000 0.0000000 0.0000000 0.0000000 0.0000000 0.0000000 0.0000000 0.0000000 0.0000000 0.0000000 -0.0000010  0.0000010 0.0000000 0.0000000 -0.0000010 0.0000000 0.0000000 0.0000000 0.0000000  0.0000010 0.0000000  0.0000020 -0.0000020 0.0000000 0.0000000 0.0000000 0.0000000 0.0000000 0.0000000 0.0000000 0.0000000 0.0000000 0.0000000 0.0000000 0.0000000  0.0000010 0.0000000 0.0000000 0.0000000 0.0000000 0.0000000 0.0000000 0.0000000 0.0000000 0.0000000 0.0000000 0.0000000 0.0000000 -0.0000010 0.0000000 0.0000000 0.0000000 0.0000000  0.0000010 0.0000000 -0.0000010 0.0000000 0.0000000  0.0000010 0.0000000 0.0000000 -0.0000030 -0.0000020 0.0000000 0.0000000  0.0000010 0.0000000 0.0000000 0.0000000  0.0000010 -0.0000010  0.0000010 -0.0000010 0.0000000 -0.0000020 0.0000000  0.0000020 0.0000000 -0.0000020 0.0000000 0.0000000 -0.0000020 0.0000000  0.0000010 0.0000000 -0.0000020 0.0000000  0.0000010 0.0000000  0.0000010 0.0000000  0.0000010 -0.0000010 -0.0000010 0.0000000 0.0000000 0.0000000 0.0000000 -0.0000020 0.0000000 0.0000000  0.0000010 0.0000000 0.0000000 0.0000000 0.0000000 0.0000000 0.0000000 0.0000000  1.0000000 0.0000000  0.0000020  0.0000020 0.0000000 0.0000000
NP_SINGLETOPNORMUP                 0.0000000 0.0000000 0.0000000 0.0000000 0.0000000 0.0000000 0.0000000 0.0000000 0.0000000 0.0000000 0.0000000 0.0000000 0.0000000 0.0000000 0.0000000 0.0000000 0.0000000 0.0000000 0.0000000 0.0000000 0.0000000 0.0000000 0.0000000 0.0000000 0.0000000 0.0000000 0.0000000 0.0000000 0.0000000 0.0000000 0.0000000 0.0000000 0.0000000 0.0000000 0.0000000 0.0000000 0.0000000 0.0000000 0.0000000 0.0000000 0.0000000 0.0000000 0.0000000 0.0000000 0.0000000 0.0000000 0.0000000 0.0000000 0.0000000 0.0000000 0.0000000 0.0000000 0.0000000 0.0000000 0.0000000 0.0000000 0.0000000 0.0000000 0.0000000 0.0000000 0.0000000 0.0000000 0.0000000 0.0000000 0.0000000 0.0000000 -0.0000010 0.0000000 0.0000000 0.0000000 0.0000000 0.0000000 0.0000000 0.0000000 0.0000000 0.0000000 0.0000000 0.0000000 0.0000000 0.0000000 0.0000000 0.0000000 0.0000000 0.0000000 0.0000000 0.0000000 0.0000000 0.0000000 0.0000000 0.0000000 0.0000000 0.0000000 0.0000000 0.0000000 0.0000000 0.0000000 0.0000000 0.0000000 0.0000000 0.0000000 0.0000000 0.0000000 0.0000000 0.0000000 0.0000000 0.0000000 0.0000000 0.0000000 0.0000000 0.0000000 0.0000000 0.0000000 0.0000000 0.0000000 0.0000000  1.0000000 0.0000000 0.0000000 0.0000000 0.0000000
NP_TtbarColorReconnection          0.0000000 -0.0000070 0.0000000  0.0000060  0.0000080 -0.0000030 0.0000000 0.0000000 0.0000000 0.0000000 0.0000000  0.0000020 0.0000000 0.0000000 0.0000000  0.0000060 -0.0000090 0.0000000 0.0000000  0.0000050 -0.0000030 -0.0000030 -0.0000010  0.0000010 -0.0000040  0.0000030 -0.0000140  0.0000160 -0.0000010  0.0000020 -0.0000020  0.0000020  0.0000020 0.0000000 -0.0000010 -0.0000020  0.0000020  0.0000030  0.0000010  0.0000030 -0.0000040 0.0000000 0.0000000 -0.0000010 0.0000000 0.0000000  0.0000010 -0.0000010  0.0000010 -0.0000010 0.0000000 0.0000000 -0.0000030  0.0000080 0.0000000 -0.0000010  0.0000010 -0.0000010 -0.0000040  0.0000010  0.0000040 -0.0000040 0.0000000 -0.0000060  0.0000020 0.0000000  0.0000250  0.0000130  0.0000040 0.0000000 -0.0000060 0.0000000 0.0000000  0.0000030 -0.0000060  0.0000120 -0.0000050  0.0000100  0.0000050  0.0000190  0.0000040 -0.0000170  0.0000020  0.0000190 0.0000000 0.0000000  0.0000130 -0.0000020 -0.0000060 0.0000000  0.0000200 0.0000000 -0.0000090  0.0000020 -0.0000040  0.0000020 -0.0000110  0.0000040  0.0000060 -0.0000040 -0.0000010 0.0000000 -0.0000040  0.0000130 0.0000000 0.0000000 -0.0000080  0.0000020 0.0000000 0.0000000 0.0000000 0.0000000 -0.0000050 0.0000000  0.0000020 0.0000000  1.0000000 -0.0000150  0.0000050  0.0000010
NP_TtbarShowerHadronization        0.0000000 -0.0000080 0.0000000  0.0000060  0.0000080 -0.0000040 0.0000000 0.0000000 0.0000000 0.0000000 0.0000000  0.0000020 0.0000000 0.0000000 0.0000000  0.0000070 -0.0000100 0.0000000 0.0000000  0.0000050 -0.0000030 -0.0000030 -0.0000020  0.0000020 -0.0000050  0.0000040 -0.0000150  0.0000180 -0.0000010  0.0000020 -0.0000020  0.0000020  0.0000020 0.0000000 -0.0000010 -0.0000030  0.0000020  0.0000030  0.0000020  0.0000030 -0.0000050 0.0000000 0.0000000 -0.0000010 0.0000000 0.0000000  0.0000020 -0.0000010  0.0000010 -0.0000010 0.0000000 0.0000000 -0.0000040  0.0000090 0.0000000 -0.0000020  0.0000010 -0.0000010 -0.0000050  0.0000020  0.0000050 -0.0000040 0.0000000 -0.0000060  0.0000020 0.0000000  0.0000270  0.0000140  0.0000040 -0.0000010 -0.0000060 0.0000000 0.0000000  0.0000030 -0.0000060  0.0000130 -0.0000050  0.0000100  0.0000050  0.0000190  0.0000040 -0.0000180  0.0000020  0.0000210 0.0000000  0.0000010  0.0000150 -0.0000020 -0.0000060 0.0000000  0.0000220  0.0000010 -0.0000100  0.0000020 -0.0000050  0.0000030 -0.0000120  0.0000050  0.0000070 -0.0000040 -0.0000010 0.0000000 -0.0000040  0.0000130 0.0000000 0.0000000 -0.0000080  0.0000020 0.0000000 0.0000000 0.0000000 0.0000000 -0.0000040 -0.0000010  0.0000020 0.0000000 -0.0000150  1.0000000  0.0000050  0.0000010
NP_WJETSNORMUP                     0.0000000  0.0000020 0.0000000 -0.0000020 -0.0000020  0.0000010 0.0000000 0.0000000 0.0000000 0.0000000 0.0000000 0.0000000 0.0000000 0.0000000 0.0000000 -0.0000020  0.0000030 0.0000000 0.0000000 -0.0000010  0.0000010  0.0000010 0.0000000 0.0000000  0.0000010 -0.0000010  0.0000040 -0.0000050 0.0000000 -0.0000010  0.0000010 0.0000000 0.0000000 0.0000000 0.0000000  0.0000010 -0.0000010 -0.0000010 0.0000000 -0.0000010  0.0000010 0.0000000 0.0000000 0.0000000 0.0000000 0.0000000 0.0000000 0.0000000 0.0000000 0.0000000 0.0000000 0.0000000  0.0000010 -0.0000030 0.0000000  0.0000010 0.0000000 0.0000000  0.0000010 0.0000000 -0.0000010  0.0000010 0.0000000  0.0000020 -0.0000010 0.0000000 -0.0000080 -0.0000040 -0.0000010 0.0000000  0.0000020 0.0000000 0.0000000 -0.0000010  0.0000020 -0.0000040  0.0000020 -0.0000030 -0.0000020 -0.0000060 -0.0000010  0.0000060 -0.0000010 -0.0000060 0.0000000 0.0000000 -0.0000060  0.0000010  0.0000020 0.0000000 -0.0000070 0.0000000  0.0000030 0.0000000  0.0000010 -0.0000010  0.0000040 -0.0000010 -0.0000020  0.0000010 0.0000000 0.0000000  0.0000010 -0.0000040 0.0000000 0.0000000  0.0000030 -0.0000010 0.0000000 0.0000000 0.0000000 0.0000000  0.0000020 0.0000000 0.0000000 0.0000000  0.0000050  0.0000050  1.0000000 0.0000000
NP_ZJETSNORMUP                     0.0000000 0.0000000 0.0000000 0.0000000 0.0000000 0.0000000 0.0000000 0.0000000 0.0000000 0.0000000 0.0000000 0.0000000 0.0000000 0.0000000 0.0000000 0.0000000  0.0000010 0.0000000 0.0000000 0.0000000 0.0000000 0.0000000 0.0000000 0.0000000 0.0000000 0.0000000  0.0000010 -0.0000010 0.0000000 0.0000000 0.0000000 0.0000000 0.0000000 0.0000000 0.0000000 0.0000000 0.0000000 0.0000000 0.0000000 0.0000000 0.0000000 0.0000000 0.0000000 0.0000000 0.0000000 0.0000000 0.0000000 0.0000000 0.0000000 0.0000000 0.0000000 0.0000000 0.0000000 0.0000000 0.0000000 0.0000000 0.0000000 0.0000000 0.0000000 0.0000000 0.0000000 0.0000000 0.0000000 0.0000000 0.0000000 0.0000000 -0.0000020 -0.0000010 0.0000000 0.0000000 0.0000000 0.0000000 0.0000000 0.0000000 0.0000000 -0.0000010 0.0000000 -0.0000010 0.0000000 -0.0000010 0.0000000  0.0000010 0.0000000 -0.0000010 0.0000000 0.0000000 -0.0000010 0.0000000 0.0000000 0.0000000 -0.0000010 0.0000000  0.0000010 0.0000000 0.0000000 0.0000000  0.0000010 0.0000000 0.0000000 0.0000000 0.0000000 0.0000000 0.0000000 -0.0000010 0.0000000 0.0000000  0.0000010 0.0000000 0.0000000 0.0000000 0.0000000 0.0000000 0.0000000 0.0000000 0.0000000 0.0000000  0.0000010  0.0000010 0.0000000  1.0000000
[end post-combine systematics correlations]

[pre-combine estimate correlations]

[end pre-combine estimate correlations]

[post-combine result correlations]
atlas_bin0  1.0000000 0.0000000 0.0000000 0.0000000 0.0000000 0.0000000 0.0000000 0.0000000
atlas_bin1 0.0000000  1.0000000 -0.0060699 -0.0801309 -0.4857330 -0.2334930 -0.3857800 -0.2935459
atlas_bin2 0.0000000 -0.0060699  1.0000000 -0.4358600 -0.2496839 -0.4960049 -0.2981900 -0.1687009
atlas_bin3 0.0000000 -0.0801309 -0.4358600  1.0000000 -0.4281039  0.1646579  0.0296639 -0.1343949
atlas_bin4 0.0000000 -0.4857330 -0.2496839 -0.4281039  1.0000000  0.0465809  0.2080589  0.2215310
atlas_bin5 0.0000000 -0.2334930 -0.4960049  0.1646579  0.0465809  1.0000000  0.2813260  0.1568859
atlas_bin6 0.0000000 -0.3857800 -0.2981900  0.0296639  0.2080589  0.2813260  1.0000000  0.2539759
atlas_bin7 0.0000000 -0.2935459 -0.1687009 -0.1343949  0.2215310  0.1568859  0.2539759  1.0000000
[end post-combine result correlations]

[post-combine result covariance]
atlas_bin0  53.162328 0.0000000 0.0000000 0.0000000 0.0000000 0.0000000 0.0000000 0.0000000
atlas_bin1 0.0000000  0.0136080 -0.0000660 -0.0008020 -0.0035639 -0.0032100 -0.0049680 -0.0037720
atlas_bin2 0.0000000 -0.0000660  0.0086770 -0.0034840 -0.0014630 -0.0054460 -0.0030660 -0.0017309
atlas_bin3 0.0000000 -0.0008020 -0.0034840  0.0073639 -0.0023100  0.0016650  0.0002810 -0.0012700
atlas_bin4 0.0000000 -0.0035639 -0.0014630 -0.0023100  0.0039550  0.0003450  0.0014440  0.0015349
atlas_bin5 0.0000000 -0.0032100 -0.0054460  0.0016650  0.0003450  0.0138930  0.0036600  0.0020370
atlas_bin6 0.0000000 -0.0049680 -0.0030660  0.0002810  0.0014440  0.0036600  0.0121849  0.0030880
atlas_bin7 0.0000000 -0.0037720 -0.0017309 -0.0012700  0.0015349  0.0020370  0.0030880  0.0121309
[end post-combine result covariance]

combined (minimum chi^2=0):
atlas_bin0: 0.13978 +7.29125 -7.01148
atlas_bin1: 1.14039 +0.116652 -0.105534
atlas_bin2: 2.1264 +0.0931516 -0.0891695
atlas_bin3: 2.44358 +0.085812 -0.0828462
atlas_bin4: 2.17159 +0.0628926 -0.0611048
atlas_bin5: 1.14228 +0.117867 -0.105577
atlas_bin6: 0.584791 +0.110386 -0.0922796
atlas_bin7: 0.0464247 +0.11014 -0.11014
[full correlation matrix]
NP_btag0                            1.0000000 0.0000000 0.0000000 0.0000000 0.0000000 0.0000000 0.0000000 0.0000000 0.0000000 0.0000000 0.0000000 0.0000000 0.0000000 0.0000000 0.0000000 0.0000000 0.0000000 0.0000000 0.0000000 0.0000000 0.0000000 0.0000000 0.0000000 0.0000000 0.0000000 0.0000000 0.0000000 0.0000000 0.0000000 0.0000000 0.0000000 0.0000000 0.0000000 0.0000000 0.0000000 0.0000000 0.0000000 0.0000000 0.0000000 0.0000000 0.0000000 0.0000000 0.0000000 0.0000000 0.0000000 0.0000000 0.0000000 0.0000000 0.0000000 0.0000000 0.0000000 0.0000000 0.0000000 0.0000000 0.0000000 0.0000000 0.0000000 0.0000000 0.0000000 0.0000000 0.0000000 0.0000000 0.0000000 0.0000000 0.0000000 0.0000000 -0.0000010 0.0000000 0.0000000 0.0000000 0.0000000 0.0000000 0.0000000 0.0000000 0.0000000 0.0000000 0.0000000 0.0000000 0.0000000 0.0000000 0.0000000 0.0000000 0.0000000 -0.0000010 0.0000000 0.0000000 0.0000000 0.0000000 0.0000000 0.0000000 -0.0000010 0.0000000 0.0000000 0.0000000 0.0000000 0.0000000 0.0000000 0.0000000 0.0000000 0.0000000 0.0000000 0.0000000 0.0000000 0.0000000 0.0000000 0.0000000 0.0000000 0.0000000 0.0000000 0.0000000 0.0000000 0.0000000 0.0000000 0.0000000 0.0000000 0.0000000 0.0000000 0.0000000 0.0000000 0.0000000 0.0000000  0.0001740 -0.0025089 -0.0030980  0.0033730  0.0040159  0.0120370 -0.0056559
NP_btag1                           0.0000000  1.0000000 0.0000000  0.0000030  0.0000040 -0.0000020 0.0000000 0.0000000 0.0000000 0.0000000 0.0000000  0.0000010 0.0000000 0.0000000 0.0000000  0.0000030 -0.0000050 0.0000000 0.0000000  0.0000030 -0.0000010 -0.0000020 -0.0000010  0.0000010 -0.0000020  0.0000020 -0.0000070  0.0000080 0.0000000  0.0000010 -0.0000010  0.0000010  0.0000010 0.0000000 -0.0000010 -0.0000010  0.0000010  0.0000010  0.0000010  0.0000010 -0.0000020 0.0000000 0.0000000 -0.0000010 0.0000000 0.0000000  0.0000010 0.0000000  0.0000010 -0.0000010 0.0000000 0.0000000 -0.0000020  0.0000040 0.0000000 -0.0000010 0.0000000 0.0000000 -0.0000020  0.0000010  0.0000020 -0.0000020 0.0000000 -0.0000030  0.0000010 0.0000000  0.0000130  0.0000060  0.0000020 0.0000000 -0.0000030 0.0000000 0.0000000  0.0000020 -0.0000030  0.0000060 -0.0000030  0.0000050  0.0000020  0.0000090  0.0000020 -0.0000080  0.0000010  0.0000100 0.0000000 0.0000000  0.0000080 -0.0000010 -0.0000030 0.0000000  0.0000100 0.0000000 -0.0000050  0.0000010 -0.0000020  0.0000010 -0.0000050  0.0000020  0.0000030 -0.0000020 -0.0000010 0.0000000 -0.0000020  0.0000060 0.0000000 0.0000000 -0.0000040  0.0000010 0.0000000 0.0000000 0.0000000 0.0000000 -0.0000020 0.0000000  0.0000010 0.0000000 -0.0000070 -0.0000080  0.0000020 0.0000000 0.0000000 -0.0353979 -0.0368679 -0.0150519  0.0227319  0.0451179  0.0724420  0.1025630
NP_btag2                           0.0000000 0.0000000  1.0000000 0.0000000 0.0000000 0.0000000 0.0000000 0.0000000 0.0000000 0.0000000 0.0000000 0.0000000 0.0000000 0.0000000 0.0000000 0.0000000 0.0000000 0.0000000 0.0000000 0.0000000 0.0000000 0.0000000 0.0000000 0.0000000 0.0000000 0.0000000 0.0000000 0.0000000 0.0000000 0.0000000 0.0000000 0.0000000 0.0000000 0.0000000 0.0000000 0.0000000 0.0000000 0.0000000 0.0000000 0.0000000 0.0000000 0.0000000 0.0000000 0.0000000 0.0000000 0.0000000 0.0000000 0.0000000 0.0000000 0.0000000 0.0000000 0.0000000 0.0000000 0.0000000 0.0000000 0.0000000 0.0000000 0.0000000 0.0000000 0.0000000 0.0000000 0.0000000 0.0000000 0.0000000 0.0000000 0.0000000 0.0000000 0.0000000 0.0000000 0.0000000 0.0000000 0.0000000 0.0000000 0.0000000 0.0000000 0.0000000 0.0000000 0.0000000 0.0000000 0.0000000 0.0000000 0.0000000 0.0000000 0.0000000 0.0000000 0.0000000  0.0000010 0.0000000 0.0000000 0.0000000 0.0000000 0.0000000 0.0000000 0.0000000 0.0000000 0.0000000 0.0000000 0.0000000 0.0000000 0.0000000 0.0000000 0.0000000 0.0000000 0.0000000 0.0000000 0.0000000 0.0000000 0.0000000 0.0000000 0.0000000 0.0000000 0.0000000 0.0000000 0.0000000 0.0000000 0.0000000 0.0000000 0.0000000 0.0000000 0.0000000 0.0000000  0.0367530  0.0236230  0.0009710 -0.0406849 -0.0263970 -0.0215510  0.0006600
NP_btag3                           0.0000000  0.0000030 0.0000000  1.0000000 -0.0000030  0.0000010 0.0000000 0.0000000 0.0000000 0.0000000 0.0000000 -0.0000010 0.0000000 0.0000000 0.0000000 -0.0000030  0.0000040 0.0000000 0.0000000 -0.0000020  0.0000010  0.0000010  0.0000010 -0.0000010  0.0000020 -0.0000010  0.0000060 -0.0000070 0.0000000 -0.0000010  0.0000010 -0.0000010 -0.0000010 0.0000000 0.0000000  0.0000010 -0.0000010 -0.0000010 -0.0000010 -0.0000010  0.0000020 0.0000000 0.0000000 0.0000000 0.0000000 0.0000000 -0.0000010 0.0000000 0.0000000 0.0000000 0.0000000 0.0000000  0.0000010 -0.0000030 0.0000000  0.0000010 0.0000000 0.0000000  0.0000020 -0.0000010 -0.0000020  0.0000020 0.0000000  0.0000020 -0.0000010 0.0000000 -0.0000100 -0.0000050 -0.0000010 0.0000000  0.0000020 0.0000000 0.0000000 -0.0000010  0.0000020 -0.0000050  0.0000020 -0.0000040 -0.0000020 -0.0000070 -0.0000010  0.0000070 -0.0000010 -0.0000080 0.0000000 0.0000000 -0.0000060  0.0000010  0.0000020 0.0000000 -0.0000080 0.0000000  0.0000040 -0.0000010  0.0000020 -0.0000010  0.0000040 -0.0000020 -0.0000030  0.0000010 0.0000000 0.0000000  0.0000010 -0.0000050 0.0000000 0.0000000  0.0000030 -0.0000010 0.0000000 0.0000000 0.0000000 0.0000000  0.0000020 0.0000000 -0.0000010 0.0000000  0.0000060  0.0000060 -0.0000020 0.0000000 0.0000000  0.0161430  0.0287479  0.0226620 -0.0146870 -0.0362639 -0.0608329 -0.0819659
NP_btag4                           0.0000000  0.0000040 0.0000000 -0.0000030  1.0000000  0.0000020 0.0000000 0.0000000 0.0000000 0.0000000 0.0000000 -0.0000010 0.0000000 0.0000000 0.0000000 -0.0000040  0.0000060 0.0000000 0.0000000 -0.0000030  0.0000020  0.0000020  0.0000010 -0.0000010  0.0000030 -0.0000020  0.0000080 -0.0000090  0.0000010 -0.0000010  0.0000010 -0.0000010 -0.0000010 0.0000000  0.0000010  0.0000010 -0.0000010 -0.0000010 -0.0000010 -0.0000020  0.0000030 0.0000000 0.0000000  0.0000010 0.0000000 0.0000000 -0.0000010 0.0000000 -0.0000010  0.0000010 0.0000000 0.0000000  0.0000020 -0.0000050 0.0000000  0.0000010 -0.0000010 0.0000000  0.0000030 -0.0000010 -0.0000030  0.0000020 0.0000000  0.0000030 -0.0000010 0.0000000 -0.0000140 -0.0000080 -0.0000020  0.0000010  0.0000030 0.0000000 0.0000000 -0.0000020  0.0000030 -0.0000060  0.0000030 -0.0000050 -0.0000030 -0.0000090 -0.0000020  0.0000090 -0.0000010 -0.0000100 0.0000000 0.0000000 -0.0000070  0.0000010  0.0000030 0.0000000 -0.0000110 0.0000000  0.0000050 -0.0000010  0.0000030 -0.0000010  0.0000050 -0.0000020 -0.0000040  0.0000020  0.0000010 0.0000000  0.0000020 -0.0000060 0.0000000 0.0000000  0.0000040 -0.0000010 0.0000000 0.0000000 0.0000000 0.0000000  0.0000020 0.0000000 -0.0000010 0.0000000  0.0000080  0.0000080 -0.0000020 0.0000000 0.0000000  0.1182710  0.0616340 -0.0101890 -0.0806749 -0.0670749 -0.0826270 -0.1048309
NP_btag5                           0.0000000 -0.0000020 0.0000000  0.0000010  0.0000020  1.0000000 0.0000000 0.0000000 0.0000000 0.0000000 0.0000000 0.0000000 0.0000000 0.0000000 0.0000000  0.0000010 -0.0000020 0.0000000 0.0000000  0.0000010 -0.0000010 -0.0000010 0.0000000 0.0000000 -0.0000010  0.0000010 -0.0000030  0.0000040 0.0000000 0.0000000 0.0000000 0.0000000 0.0000000 0.0000000 0.0000000 -0.0000010  0.0000010 0.0000000 0.0000000  0.0000010 -0.0000010 0.0000000 0.0000000 0.0000000 0.0000000 0.0000000 0.0000000 0.0000000 0.0000000 0.0000000 0.0000000 0.0000000 -0.0000010  0.0000020 0.0000000 0.0000000 0.0000000 0.0000000 -0.0000010 0.0000000  0.0000010 -0.0000010 0.0000000 -0.0000010 0.0000000 0.0000000  0.0000060  0.0000030  0.0000010 0.0000000 -0.0000010 0.0000000 0.0000000  0.0000010 -0.0000010  0.0000030 -0.0000010  0.0000020  0.0000010  0.0000040  0.0000010 -0.0000040 0.0000000  0.0000040 0.0000000 0.0000000  0.0000040 -0.0000010 -0.0000010 0.0000000  0.0000050 0.0000000 -0.0000020 0.0000000 -0.0000010  0.0000010 -0.0000020  0.0000010  0.0000010 -0.0000010 0.0000000 0.0000000 -0.0000010  0.0000030 0.0000000 0.0000000 -0.0000020 0.0000000 0.0000000 0.0000000 0.0000000 0.0000000 -0.0000010 0.0000000 0.0000000 0.0000000 -0.0000030 -0.0000040  0.0000010 0.0000000 0.0000000  0.0445699  0.0166590 -0.0214400 -0.0332980 -0.0064819 -0.0203219  0.0474199
NP_btag6                           0.0000000 0.0000000 0.0000000 0.0000000 0.0000000 0.0000000  1.0000000 0.0000000 0.0000000 0.0000000 0.0000000 0.0000000 0.0000000 0.0000000 0.0000000 0.0000000 0.0000000 0.0000000 0.0000000 0.0000000 0.0000000 0.0000000 0.0000000 0.0000000 0.0000000 0.0000000 0.0000000 0.0000000 0.0000000 0.0000000 0.0000000 0.0000000 0.0000000 0.0000000 0.0000000 0.0000000 0.0000000 0.0000000 0.0000000 0.0000000 0.0000000 0.0000000 0.0000000 0.0000000 0.0000000 0.0000000 0.0000000 0.0000000 0.0000000 0.0000000 0.0000000 0.0000000 0.0000000 0.0000000 0.0000000 0.0000000 0.0000000 0.0000000 0.0000000 0.0000000 0.0000000 0.0000000 0.0000000 0.0000000 0.0000000 0.0000000 0.0000000 0.0000000 0.0000000 0.0000000 0.0000000 0.0000000 0.0000000 0.0000000 0.0000000 0.0000000 0.0000000 0.0000000 0.0000000 0.0000000 0.0000000 0.0000000 0.0000000 0.0000000 0.0000000 0.0000000 0.0000000 0.0000000 0.0000000 0.0000000 0.0000000 0.0000000 0.0000000 0.0000000 0.0000000 0.0000000 0.0000000 0.0000000 0.0000000 0.0000000 0.0000000 0.0000000 0.0000000 0.0000000 0.0000000 0.0000000 0.0000000 0.0000000 0.0000000 0.0000000 0.0000000 0.0000000 0.0000000 0.0000000 0.0000000 0.0000000 0.0000000 0.0000000 0.0000000 0.0000000 0.0000000 0.0000000 0.0000000 0.0000000 0.0000000 0.0000000 0.0000000 0.0000000
NP_btag7                           0.0000000 0.0000000 0.0000000 0.0000000 0.0000000 0.0000000 0.0000000  1.0000000 0.0000000 0.0000000 0.0000000 0.0000000 0.0000000 0.0000000 0.0000000 0.0000000 0.0000000 0.0000000 0.0000000 0.0000000 0.0000000 0.0000000 0.0000000 0.0000000 0.0000000 0.0000000 0.0000000 0.0000000 0.0000000 0.0000000 0.0000000 0.0000000 0.0000000 0.0000000 0.0000000 0.0000000 0.0000000 0.0000000 0.0000000 0.0000000 0.0000000 0.0000000 0.0000000 0.0000000 0.0000000 0.0000000 0.0000000 0.0000000 0.0000000 0.0000000 0.0000000 0.0000000 0.0000000 0.0000000 0.0000000 0.0000000 0.0000000 0.0000000 0.0000000 0.0000000 0.0000000 0.0000000 0.0000000 0.0000000 0.0000000 0.0000000 0.0000000 0.0000000 0.0000000 0.0000000 0.0000000 0.0000000 0.0000000 0.0000000 0.0000000 0.0000000 0.0000000 0.0000000 0.0000000 0.0000000 0.0000000 0.0000000 0.0000000 0.0000000 0.0000000 0.0000000 0.0000000 0.0000000 0.0000000 0.0000000 0.0000000 0.0000000 0.0000000 0.0000000 0.0000000 0.0000000 0.0000000 0.0000000 0.0000000 0.0000000 0.0000000 0.0000000 0.0000000 0.0000000 0.0000000 0.0000000 0.0000000 0.0000000 0.0000000 0.0000000 0.0000000 0.0000000 0.0000000 0.0000000 0.0000000 0.0000000 0.0000000 0.0000000 0.0000000 0.0000000 0.0000000 0.0000000 0.0000000 0.0000000 0.0000000 0.0000000 0.0000000 0.0000000
NP_btag8                           0.0000000 0.0000000 0.0000000 0.0000000 0.0000000 0.0000000 0.0000000 0.0000000  1.0000000 0.0000000 0.0000000 0.0000000 0.0000000 0.0000000 0.0000000 0.0000000 0.0000000 0.0000000 0.0000000 0.0000000 0.0000000 0.0000000 0.0000000 0.0000000 0.0000000 0.0000000 0.0000000 0.0000000 0.0000000 0.0000000 0.0000000 0.0000000 0.0000000 0.0000000 0.0000000 0.0000000 0.0000000 0.0000000 0.0000000 0.0000000 0.0000000 0.0000000 0.0000000 0.0000000 0.0000000 0.0000000 0.0000000 0.0000000 0.0000000 0.0000000 0.0000000 0.0000000 0.0000000 0.0000000 0.0000000 0.0000000 0.0000000 0.0000000 0.0000000 0.0000000 0.0000000 0.0000000 0.0000000 0.0000000 0.0000000 0.0000000 0.0000000 0.0000000 0.0000000 0.0000000 0.0000000 0.0000000 0.0000000 0.0000000 0.0000000 0.0000000 0.0000000 0.0000000 0.0000000 0.0000000 0.0000000 0.0000000 0.0000000 0.0000000 0.0000000 0.0000000 0.0000000 0.0000000 0.0000000 0.0000000 0.0000000 0.0000000 0.0000000 0.0000000 0.0000000 0.0000000 0.0000000 0.0000000 0.0000000 0.0000000 0.0000000 0.0000000 0.0000000 0.0000000 0.0000000 0.0000000 0.0000000 0.0000000 0.0000000 0.0000000 0.0000000 0.0000000 0.0000000 0.0000000 0.0000000 0.0000000 0.0000000 0.0000000 0.0000000 0.0000000 0.0000000 0.0000000 0.0000000 0.0000000 0.0000000 0.0000000 0.0000000 0.0000000
NP_btaghighpte                     0.0000000 0.0000000 0.0000000 0.0000000 0.0000000 0.0000000 0.0000000 0.0000000 0.0000000  1.0000000 0.0000000 0.0000000 0.0000000 0.0000000 0.0000000 0.0000000 0.0000000 0.0000000 0.0000000 0.0000000 0.0000000 0.0000000 0.0000000 0.0000000 0.0000000 0.0000000 0.0000000 -0.0000010 0.0000000 0.0000000 0.0000000 0.0000000 0.0000000 0.0000000 0.0000000 0.0000000 0.0000000 0.0000000 0.0000000 0.0000000 0.0000000 0.0000000 0.0000000 0.0000000 0.0000000 0.0000000 0.0000000 0.0000000 0.0000000 0.0000000 0.0000000 0.0000000 0.0000000 0.0000000 0.0000000 0.0000000 0.0000000 0.0000000 0.0000000 0.0000000 0.0000000 0.0000000 0.0000000 0.0000000 0.0000000 0.0000000 -0.0000010 0.0000000 0.0000000 0.0000000 0.0000000 0.0000000 0.0000000 0.0000000 0.0000000 0.0000000 0.0000000 0.0000000 0.0000000 0.0000000 0.0000000 0.0000000 0.0000000 -0.0000010 0.0000000 0.0000000 0.0000000 0.0000000 0.0000000 0.0000000 -0.0000010 0.0000000 0.0000000 0.0000000 0.0000000 0.0000000 0.0000000 0.0000000 0.0000000 0.0000000 0.0000000 0.0000000 0.0000000 0.0000000 0.0000000 0.0000000 0.0000000 0.0000000 0.0000000 0.0000000 0.0000000 0.0000000 0.0000000 0.0000000 0.0000000 0.0000000 0.0000000 0.0000000 0.0000000 0.0000000 0.0000000  0.0225769 -0.0030950 -0.0077889 -0.0102729 -0.0057109 -0.0063190 -0.0057800
NP_CT10n0                          0.0000000 0.0000000 0.0000000 0.0000000 0.0000000 0.0000000 0.0000000 0.0000000 0.0000000 0.0000000  1.0000000 0.0000000 0.0000000 0.0000000 0.0000000 0.0000000 0.0000000 0.0000000 0.0000000 0.0000000 0.0000000 0.0000000 0.0000000 0.0000000 0.0000000 0.0000000 0.0000000 0.0000000 0.0000000 0.0000000 0.0000000 0.0000000 0.0000000 0.0000000 0.0000000 0.0000000 0.0000000 0.0000000 0.0000000 0.0000000 0.0000000 0.0000000 0.0000000 0.0000000 0.0000000 0.0000000 0.0000000 0.0000000 0.0000000 0.0000000 0.0000000 0.0000000 0.0000000 0.0000000 0.0000000 0.0000000 0.0000000 0.0000000 0.0000000 0.0000000 0.0000000 0.0000000 0.0000000 0.0000000 0.0000000 0.0000000 0.0000000 0.0000000 0.0000000 0.0000000 0.0000000 0.0000000 0.0000000 0.0000000 0.0000000 0.0000000 0.0000000 0.0000000 0.0000000 0.0000000 0.0000000 0.0000000 0.0000000 0.0000000 0.0000000 0.0000000 0.0000000 0.0000000 0.0000000 0.0000000 0.0000000 0.0000000 0.0000000 0.0000000 0.0000000 0.0000000 0.0000000 0.0000000 0.0000000 0.0000000 0.0000000 0.0000000 0.0000000 0.0000000 0.0000000 0.0000000 0.0000000 0.0000000 0.0000000 0.0000000 0.0000000 0.0000000 0.0000000 0.0000000 0.0000000 0.0000000 0.0000000 0.0000000 0.0000000 0.0000000 0.0000000 0.0000000 0.0000000 0.0000000 0.0000000 0.0000000 0.0000000 0.0000000
NP_CT10n1                          0.0000000  0.0000010 0.0000000 -0.0000010 -0.0000010 0.0000000 0.0000000 0.0000000 0.0000000 0.0000000 0.0000000  1.0000000 0.0000000 0.0000000 0.0000000 -0.0000010  0.0000010 0.0000000 0.0000000 -0.0000010 0.0000000 0.0000000 0.0000000 0.0000000 0.0000000 0.0000000  0.0000020 -0.0000020 0.0000000 0.0000000 0.0000000 0.0000000 0.0000000 0.0000000 0.0000000 0.0000000 0.0000000 0.0000000 0.0000000 0.0000000 0.0000000 0.0000000 0.0000000 0.0000000 0.0000000 0.0000000 0.0000000 0.0000000 0.0000000 0.0000000 0.0000000 0.0000000 0.0000000 -0.0000010 0.0000000 0.0000000 0.0000000 0.0000000  0.0000010 0.0000000 -0.0000010 0.0000000 0.0000000  0.0000010 0.0000000 0.0000000 -0.0000030 -0.0000010 0.0000000 0.0000000  0.0000010 0.0000000 0.0000000 0.0000000  0.0000010 -0.0000010  0.0000010 -0.0000010 0.0000000 -0.0000020 0.0000000  0.0000020 0.0000000 -0.0000020 0.0000000 0.0000000 -0.0000010 0.0000000  0.0000010 0.0000000 -0.0000020 0.0000000  0.0000010 0.0000000 0.0000000 0.0000000  0.0000010 0.0000000 -0.0000010 0.0000000 0.0000000 0.0000000 0.0000000 -0.0000010 0.0000000 0.0000000  0.0000010 0.0000000 0.0000000 0.0000000 0.0000000 0.0000000 0.0000000 0.0000000 0.0000000 0.0000000  0.0000020  0.0000020 0.0000000 0.0000000 0.0000000  0.0270610  0.0126569 -0.0010850 -0.0197190 -0.0161950 -0.0236859 -0.0223549
NP_CT10n10                         0.0000000 0.0000000 0.0000000 0.0000000 0.0000000 0.0000000 0.0000000 0.0000000 0.0000000 0.0000000 0.0000000 0.0000000  1.0000000 0.0000000 0.0000000 0.0000000 0.0000000 0.0000000 0.0000000 0.0000000 0.0000000 0.0000000 0.0000000 0.0000000 0.0000000 0.0000000 0.0000000 0.0000000 0.0000000 0.0000000 0.0000000 0.0000000 0.0000000 0.0000000 0.0000000 0.0000000 0.0000000 0.0000000 0.0000000 0.0000000 0.0000000 0.0000000 0.0000000 0.0000000 0.0000000 0.0000000 0.0000000 0.0000000 0.0000000 0.0000000 0.0000000 0.0000000 0.0000000 0.0000000 0.0000000 0.0000000 0.0000000 0.0000000 0.0000000 0.0000000 0.0000000 0.0000000 0.0000000 0.0000000 0.0000000 0.0000000 0.0000000 0.0000000 0.0000000 0.0000000 0.0000000 0.0000000 0.0000000 0.0000000 0.0000000 0.0000000 0.0000000 0.0000000 0.0000000 0.0000000 0.0000000 0.0000000 0.0000000 0.0000000 0.0000000 0.0000000 0.0000000 0.0000000 0.0000000 0.0000000 0.0000000 0.0000000 0.0000000 0.0000000 0.0000000 0.0000000 0.0000000 0.0000000 0.0000000 0.0000000 0.0000000 0.0000000 0.0000000 0.0000000 0.0000000 0.0000000 0.0000000 0.0000000 0.0000000 0.0000000 0.0000000 0.0000000 0.0000000 0.0000000 0.0000000 0.0000000 0.0000000 0.0000000 0.0000000 0.0000000 0.0000000 -0.0001250 -0.0020260 -0.0020390 -0.0003830  0.0014450  0.0056470  0.0034120
NP_CT10n11                         0.0000000 0.0000000 0.0000000 0.0000000 0.0000000 0.0000000 0.0000000 0.0000000 0.0000000 0.0000000 0.0000000 0.0000000 0.0000000  1.0000000 0.0000000 0.0000000 0.0000000 0.0000000 0.0000000 0.0000000 0.0000000 0.0000000 0.0000000 0.0000000 0.0000000 0.0000000 0.0000000 0.0000000 0.0000000 0.0000000 0.0000000 0.0000000 0.0000000 0.0000000 0.0000000 0.0000000 0.0000000 0.0000000 0.0000000 0.0000000 0.0000000 0.0000000 0.0000000 0.0000000 0.0000000 0.0000000 0.0000000 0.0000000 0.0000000 0.0000000 0.0000000 0.0000000 0.0000000 0.0000000 0.0000000 0.0000000 0.0000000 0.0000000 0.0000000 0.0000000 0.0000000 0.0000000 0.0000000 0.0000000 0.0000000 0.0000000 -0.0000010 0.0000000 0.0000000 0.0000000 0.0000000 0.0000000 0.0000000 0.0000000 0.0000000 0.0000000 0.0000000 0.0000000 0.0000000 0.0000000 0.0000000 0.0000000 0.0000000 0.0000000 0.0000000 0.0000000 0.0000000 0.0000000 0.0000000 0.0000000 0.0000000 0.0000000 0.0000000 0.0000000 0.0000000 0.0000000 0.0000000 0.0000000 0.0000000 0.0000000 0.0000000 0.0000000 0.0000000 0.0000000 0.0000000 0.0000000 0.0000000 0.0000000 0.0000000 0.0000000 0.0000000 0.0000000 0.0000000 0.0000000 0.0000000 0.0000000 0.0000000 0.0000000 0.0000000 0.0000000 0.0000000  0.0019540  0.0021489  0.0023670 -0.0027599 -0.0027820 -0.0052979 -0.0037439
NP_CT10n12                         0.0000000 0.0000000 0.0000000 0.0000000 0.0000000 0.0000000 0.0000000 0.0000000 0.0000000 0.0000000 0.0000000 0.0000000 0.0000000 0.0000000  1.0000000 0.0000000 0.0000000 0.0000000 0.0000000 0.0000000 0.0000000 0.0000000 0.0000000 0.0000000 0.0000000 0.0000000 0.0000000 0.0000000 0.0000000 0.0000000 0.0000000 0.0000000 0.0000000 0.0000000 0.0000000 0.0000000 0.0000000 0.0000000 0.0000000 0.0000000 0.0000000 0.0000000 0.0000000 0.0000000 0.0000000 0.0000000 0.0000000 0.0000000 0.0000000 0.0000000 0.0000000 0.0000000 0.0000000 0.0000000 0.0000000 0.0000000 0.0000000 0.0000000 0.0000000 0.0000000 0.0000000 0.0000000 0.0000000 0.0000000 0.0000000 0.0000000 0.0000000 0.0000000 0.0000000 0.0000000 0.0000000 0.0000000 0.0000000 0.0000000 0.0000000 0.0000000 0.0000000 0.0000000 0.0000000 0.0000000 0.0000000 0.0000000 0.0000000 0.0000000 0.0000000 0.0000000 0.0000000 0.0000000 0.0000000 0.0000000 0.0000000 0.0000000 0.0000000 0.0000000 0.0000000 0.0000000 0.0000000 0.0000000 0.0000000 0.0000000 0.0000000 0.0000000 0.0000000 0.0000000 0.0000000 0.0000000 0.0000000 0.0000000 0.0000000 0.0000000 0.0000000 0.0000000 0.0000000 0.0000000 0.0000000 0.0000000 0.0000000 0.0000000 0.0000000 0.0000000 0.0000000 -0.0003110 -0.0009010 -0.0015900  0.0012040  0.0012680  0.0027380  0.0017110
NP_CT10n13                         0.0000000  0.0000030 0.0000000 -0.0000030 -0.0000040  0.0000010 0.0000000 0.0000000 0.0000000 0.0000000 0.0000000 -0.0000010 0.0000000 0.0000000 0.0000000  1.0000000  0.0000040 0.0000000 0.0000000 -0.0000020  0.0000010  0.0000010  0.0000010 -0.0000010  0.0000020 -0.0000020  0.0000060 -0.0000070 0.0000000 -0.0000010  0.0000010 -0.0000010 -0.0000010 0.0000000 0.0000000  0.0000010 -0.0000010 -0.0000010 -0.0000010 -0.0000010  0.0000020 0.0000000 0.0000000 0.0000000 0.0000000 0.0000000 -0.0000010 0.0000000 -0.0000010  0.0000010 0.0000000 0.0000000  0.0000020 -0.0000040 0.0000000  0.0000010 0.0000000 0.0000000  0.0000020 -0.0000010 -0.0000020  0.0000020 0.0000000  0.0000020 -0.0000010 0.0000000 -0.0000110 -0.0000050 -0.0000010 0.0000000  0.0000020 0.0000000 0.0000000 -0.0000010  0.0000020 -0.0000050  0.0000020 -0.0000040 -0.0000020 -0.0000080 -0.0000010  0.0000070 -0.0000010 -0.0000080 0.0000000 0.0000000 -0.0000050  0.0000010  0.0000020 0.0000000 -0.0000090 0.0000000  0.0000040 -0.0000010  0.0000020 -0.0000010  0.0000050 -0.0000020 -0.0000030  0.0000020 0.0000000 0.0000000  0.0000010 -0.0000050 0.0000000 0.0000000  0.0000030 -0.0000010 0.0000000 0.0000000 0.0000000 0.0000000  0.0000020 0.0000000 -0.0000010 0.0000000  0.0000060  0.0000070 -0.0000020 0.0000000 0.0000000  0.1031230  0.0533179 -0.0044219 -0.0777550 -0.0679779 -0.0898489 -0.0872480
NP_CT10n14                         0.0000000 -0.0000050 0.0000000  0.0000040  0.0000060 -0.0000020 0.0000000 0.0000000 0.0000000 0.0000000 0.0000000  0.0000010 0.0000000 0.0000000 0.0000000  0.0000040  1.0000000 0.0000000 0.0000000  0.0000030 -0.0000020 -0.0000020 -0.0000010  0.0000010 -0.0000030  0.0000020 -0.0000100  0.0000110 -0.0000010  0.0000010 -0.0000010  0.0000010  0.0000010 0.0000000 -0.0000010 -0.0000020  0.0000020  0.0000020  0.0000010  0.0000020 -0.0000030 0.0000000 0.0000000 -0.0000010 0.0000000 0.0000000  0.0000010 -0.0000010  0.0000010 -0.0000010 0.0000000 0.0000000 -0.0000020  0.0000060 0.0000000 -0.0000010  0.0000010 -0.0000010 -0.0000030  0.0000010  0.0000030 -0.0000030 0.0000000 -0.0000040  0.0000010 0.0000000  0.0000170  0.0000080  0.0000020 -0.0000010 -0.0000040 0.0000000 0.0000000  0.0000020 -0.0000040  0.0000080 -0.0000030  0.0000060  0.0000030  0.0000120  0.0000020 -0.0000110  0.0000010  0.0000130 0.0000000 0.0000000  0.0000090 -0.0000010 -0.0000040 0.0000000  0.0000130 0.0000000 -0.0000060  0.0000010 -0.0000030  0.0000020 -0.0000070  0.0000030  0.0000050 -0.0000020 -0.0000010 0.0000000 -0.0000020  0.0000080 0.0000000 0.0000000 -0.0000050  0.0000010 0.0000000 0.0000000 0.0000000 0.0000000 -0.0000030 0.0000000  0.0000010 0.0000000 -0.0000090 -0.0000100  0.0000030  0.0000010 0.0000000 -0.1588710 -0.0843070  0.0042209  0.1180520  0.1047499  0.1385200  0.1348820
NP_CT10n15                         0.0000000 0.0000000 0.0000000 0.0000000 0.0000000 0.0000000 0.0000000 0.0000000 0.0000000 0.0000000 0.0000000 0.0000000 0.0000000 0.0000000 0.0000000 0.0000000 0.0000000  1.0000000 0.0000000 0.0000000 0.0000000 0.0000000 0.0000000 0.0000000 0.0000000 0.0000000 0.0000000 0.0000000 0.0000000 0.0000000 0.0000000 0.0000000 0.0000000 0.0000000 0.0000000 0.0000000 0.0000000 0.0000000 0.0000000 0.0000000 0.0000000 0.0000000 0.0000000 0.0000000 0.0000000 0.0000000 0.0000000 0.0000000 0.0000000 0.0000000 0.0000000 0.0000000 0.0000000 0.0000000 0.0000000 0.0000000 0.0000000 0.0000000 0.0000000 0.0000000 0.0000000 0.0000000 0.0000000 0.0000000 0.0000000 0.0000000 0.0000000 0.0000000 0.0000000 0.0000000 0.0000000 0.0000000 0.0000000 0.0000000 0.0000000 0.0000000 0.0000000 0.0000000 0.0000000 0.0000000 0.0000000 0.0000000 0.0000000 0.0000000 0.0000000 0.0000000 0.0000000 0.0000000 0.0000000 0.0000000 0.0000000 0.0000000 0.0000000 0.0000000 0.0000000 0.0000000 0.0000000 0.0000000 0.0000000 0.0000000 0.0000000 0.0000000 0.0000000 0.0000000 0.0000000 0.0000000 0.0000000 0.0000000 0.0000000 0.0000000 0.0000000 0.0000000 0.0000000 0.0000000 0.0000000 0.0000000 0.0000000 0.0000000 0.0000000 0.0000000 0.0000000  0.0034320  0.0006820 -0.0025850 -0.0030790 -0.0004740  0.0000240  0.0015620
NP_CT10n16                         0.0000000 0.0000000 0.0000000 0.0000000 0.0000000 0.0000000 0.0000000 0.0000000 0.0000000 0.0000000 0.0000000 0.0000000 0.0000000 0.0000000 0.0000000 0.0000000 0.0000000 0.0000000  1.0000000 0.0000000 0.0000000 0.0000000 0.0000000 0.0000000 0.0000000 0.0000000 0.0000000 0.0000000 0.0000000 0.0000000 0.0000000 0.0000000 0.0000000 0.0000000 0.0000000 0.0000000 0.0000000 0.0000000 0.0000000 0.0000000 0.0000000 0.0000000 0.0000000 0.0000000 0.0000000 0.0000000 0.0000000 0.0000000 0.0000000 0.0000000 0.0000000 0.0000000 0.0000000 0.0000000 0.0000000 0.0000000 0.0000000 0.0000000 0.0000000 0.0000000 0.0000000 0.0000000 0.0000000 0.0000000 0.0000000 0.0000000 0.0000000 0.0000000 0.0000000 0.0000000 0.0000000 0.0000000 0.0000000 0.0000000 0.0000000 0.0000000 0.0000000 0.0000000 0.0000000 0.0000000 0.0000000 0.0000000 0.0000000 0.0000000 0.0000000 0.0000000 0.0000000 0.0000000 0.0000000 0.0000000 0.0000000 0.0000000 0.0000000 0.0000000 0.0000000 0.0000000 0.0000000 0.0000000 0.0000000 0.0000000 0.0000000 0.0000000 0.0000000 0.0000000 0.0000000 0.0000000 0.0000000 0.0000000 0.0000000 0.0000000 0.0000000 0.0000000 0.0000000 0.0000000 0.0000000 0.0000000 0.0000000 0.0000000 0.0000000 0.0000000 0.0000000 -0.0004800  0.0004920  0.0020650  0.0009280 -0.0010189 -0.0020360 -0.0033029
NP_CT10n17                         0.0000000  0.0000030 0.0000000 -0.0000020 -0.0000030  0.0000010 0.0000000 0.0000000 0.0000000 0.0000000 0.0000000 -0.0000010 0.0000000 0.0000000 0.0000000 -0.0000020  0.0000030 0.0000000 0.0000000  1.0000000  0.0000010  0.0000010  0.0000010 -0.0000010  0.0000020 -0.0000010  0.0000050 -0.0000060 0.0000000 -0.0000010  0.0000010 -0.0000010 -0.0000010 0.0000000 0.0000000  0.0000010 -0.0000010 -0.0000010 -0.0000010 -0.0000010  0.0000020 0.0000000 0.0000000 0.0000000 0.0000000 0.0000000 -0.0000010 0.0000000 0.0000000 0.0000000 0.0000000 0.0000000  0.0000010 -0.0000030 0.0000000  0.0000010 0.0000000 0.0000000  0.0000020 0.0000000 -0.0000020  0.0000010 0.0000000  0.0000020 -0.0000010 0.0000000 -0.0000090 -0.0000050 -0.0000010  0.0000010  0.0000020 0.0000000 0.0000000 -0.0000010  0.0000020 -0.0000040  0.0000020 -0.0000030 -0.0000020 -0.0000060 -0.0000010  0.0000060 -0.0000010 -0.0000070 0.0000000 0.0000000 -0.0000050  0.0000010  0.0000020 0.0000000 -0.0000060 0.0000000  0.0000030 -0.0000010  0.0000020 -0.0000010  0.0000030 -0.0000010 -0.0000020  0.0000010 0.0000000 0.0000000  0.0000010 -0.0000040 0.0000000 0.0000000  0.0000030 -0.0000010 0.0000000 0.0000000 0.0000000 0.0000000  0.0000010 0.0000000 -0.0000010 0.0000000  0.0000050  0.0000050 -0.0000010 0.0000000 0.0000000  0.0714459  0.0355520 -0.0064469 -0.0525190 -0.0470889 -0.0542429 -0.0633419
NP_CT10n18                         0.0000000 -0.0000010 0.0000000  0.0000010  0.0000020 -0.0000010 0.0000000 0.0000000 0.0000000 0.0000000 0.0000000 0.0000000 0.0000000 0.0000000 0.0000000  0.0000010 -0.0000020 0.0000000 0.0000000  0.0000010  1.0000000 -0.0000010 0.0000000 0.0000000 -0.0000010  0.0000010 -0.0000030  0.0000030 0.0000000 0.0000000 0.0000000 0.0000000 0.0000000 0.0000000 0.0000000 0.0000000 0.0000000 0.0000000 0.0000000  0.0000010 -0.0000010 0.0000000 0.0000000 0.0000000 0.0000000 0.0000000 0.0000000 0.0000000 0.0000000 0.0000000 0.0000000 0.0000000 -0.0000010  0.0000020 0.0000000 0.0000000 0.0000000 0.0000000 -0.0000010 0.0000000  0.0000010 -0.0000010 0.0000000 -0.0000010 0.0000000 0.0000000  0.0000050  0.0000020  0.0000010 0.0000000 -0.0000010 0.0000000 0.0000000  0.0000010 -0.0000010  0.0000020 -0.0000010  0.0000020  0.0000010  0.0000030  0.0000010 -0.0000030 0.0000000  0.0000040 0.0000000 0.0000000  0.0000030 0.0000000 -0.0000010 0.0000000  0.0000040 0.0000000 -0.0000020 0.0000000 -0.0000010 0.0000000 -0.0000020  0.0000010  0.0000010 -0.0000010 0.0000000 0.0000000 -0.0000010  0.0000020 0.0000000 0.0000000 -0.0000010 0.0000000 0.0000000 0.0000000 0.0000000 0.0000000 -0.0000010 0.0000000 0.0000000 0.0000000 -0.0000030 -0.0000030  0.0000010 0.0000000 0.0000000 -0.0430229 -0.0221070  0.0031430  0.0317329  0.0283640  0.0336180  0.0370819
NP_CT10n19                         0.0000000 -0.0000020 0.0000000  0.0000010  0.0000020 -0.0000010 0.0000000 0.0000000 0.0000000 0.0000000 0.0000000 0.0000000 0.0000000 0.0000000 0.0000000  0.0000010 -0.0000020 0.0000000 0.0000000  0.0000010 -0.0000010  1.0000000 0.0000000 0.0000000 -0.0000010  0.0000010 -0.0000030  0.0000040 0.0000000 0.0000000 0.0000000 0.0000000 0.0000000 0.0000000 0.0000000 -0.0000010  0.0000010  0.0000010 0.0000000  0.0000010 -0.0000010 0.0000000 0.0000000 0.0000000 0.0000000 0.0000000 0.0000000 0.0000000 0.0000000 0.0000000 0.0000000 0.0000000 -0.0000010  0.0000020 0.0000000 0.0000000 0.0000000 0.0000000 -0.0000010 0.0000000  0.0000010 -0.0000010 0.0000000 -0.0000010 0.0000000 0.0000000  0.0000050  0.0000030  0.0000010 0.0000000 -0.0000010 0.0000000 0.0000000  0.0000010 -0.0000010  0.0000020 -0.0000010  0.0000020  0.0000010  0.0000040  0.0000010 -0.0000030 0.0000000  0.0000040 0.0000000 0.0000000  0.0000030 0.0000000 -0.0000010 0.0000000  0.0000040 0.0000000 -0.0000020 0.0000000 -0.0000010 0.0000000 -0.0000020  0.0000010  0.0000010 -0.0000010 0.0000000 0.0000000 -0.0000010  0.0000030 0.0000000 0.0000000 -0.0000020 0.0000000 0.0000000 0.0000000 0.0000000 0.0000000 -0.0000010 0.0000000 0.0000000 0.0000000 -0.0000030 -0.0000030  0.0000010 0.0000000 0.0000000 -0.0621620 -0.0339339  0.0008140  0.0485680  0.0397879  0.0583740  0.0432280
NP_CT10n2                          0.0000000 -0.0000010 0.0000000  0.0000010  0.0000010 0.0000000 0.0000000 0.0000000 0.0000000 0.0000000 0.0000000 0.0000000 0.0000000 0.0000000 0.0000000  0.0000010 -0.0000010 0.0000000 0.0000000  0.0000010 0.0000000 0.0000000  1.0000000 0.0000000 0.0000000 0.0000000 -0.0000020  0.0000020 0.0000000 0.0000000 0.0000000 0.0000000 0.0000000 0.0000000 0.0000000 0.0000000 0.0000000 0.0000000 0.0000000 0.0000000 0.0000000 0.0000000 0.0000000 0.0000000 0.0000000 0.0000000 0.0000000 0.0000000 0.0000000 0.0000000 0.0000000 0.0000000 0.0000000  0.0000010 0.0000000 0.0000000 0.0000000 0.0000000 0.0000000 0.0000000 0.0000000 0.0000000 0.0000000 -0.0000010 0.0000000 0.0000000  0.0000030  0.0000010 0.0000000 0.0000000 -0.0000010 0.0000000 0.0000000 0.0000000 -0.0000010  0.0000010 -0.0000010  0.0000010 0.0000000  0.0000020 0.0000000 -0.0000020 0.0000000  0.0000020 0.0000000 0.0000000  0.0000010 0.0000000 -0.0000010 0.0000000  0.0000020 0.0000000 -0.0000010 0.0000000 0.0000000 0.0000000 -0.0000010 0.0000000  0.0000010 0.0000000 0.0000000 0.0000000 0.0000000  0.0000010 0.0000000 0.0000000 -0.0000010 0.0000000 0.0000000 0.0000000 0.0000000 0.0000000 0.0000000 0.0000000 0.0000000 0.0000000 -0.0000010 -0.0000020 0.0000000 0.0000000 0.0000000 -0.0250639 -0.0117479  0.0009680  0.0181939  0.0149540  0.0218840  0.0206609
NP_CT10n20                         0.0000000  0.0000010 0.0000000 -0.0000010 -0.0000010 0.0000000 0.0000000 0.0000000 0.0000000 0.0000000 0.0000000 0.0000000 0.0000000 0.0000000 0.0000000 -0.0000010  0.0000010 0.0000000 0.0000000 -0.0000010 0.0000000 0.0000000 0.0000000  1.0000000 0.0000000 0.0000000  0.0000020 -0.0000020 0.0000000 0.0000000 0.0000000 0.0000000 0.0000000 0.0000000 0.0000000 0.0000000 0.0000000 0.0000000 0.0000000 0.0000000 0.0000000 0.0000000 0.0000000 0.0000000 0.0000000 0.0000000 0.0000000 0.0000000 0.0000000 0.0000000 0.0000000 0.0000000 0.0000000 -0.0000010 0.0000000 0.0000000 0.0000000 0.0000000  0.0000010 0.0000000 -0.0000010 0.0000000 0.0000000  0.0000010 0.0000000 0.0000000 -0.0000030 -0.0000010 0.0000000 0.0000000  0.0000010 0.0000000 0.0000000 0.0000000  0.0000010 -0.0000010  0.0000010 -0.0000010 0.0000000 -0.0000020 0.0000000  0.0000020 0.0000000 -0.0000020 0.0000000 0.0000000 -0.0000010 0.0000000  0.0000010 0.0000000 -0.0000020 0.0000000  0.0000010 0.0000000 0.0000000 0.0000000  0.0000010 0.0000000 -0.0000010 0.0000000 0.0000000 0.0000000 0.0000000 -0.0000010 0.0000000 0.0000000  0.0000010 0.0000000 0.0000000 0.0000000 0.0000000 0.0000000 0.0000000 0.0000000 0.0000000 0.0000000  0.0000010  0.0000020 0.0000000 0.0000000 0.0000000  0.0299029  0.0157020 -0.0008120 -0.0231659 -0.0190309 -0.0274210 -0.0217080
NP_CT10n21                         0.0000000 -0.0000020 0.0000000  0.0000020  0.0000030 -0.0000010 0.0000000 0.0000000 0.0000000 0.0000000 0.0000000 0.0000000 0.0000000 0.0000000 0.0000000  0.0000020 -0.0000030 0.0000000 0.0000000  0.0000020 -0.0000010 -0.0000010 0.0000000 0.0000000  1.0000000  0.0000010 -0.0000040  0.0000050 0.0000000  0.0000010 -0.0000010  0.0000010  0.0000010 0.0000000 0.0000000 -0.0000010  0.0000010  0.0000010 0.0000000  0.0000010 -0.0000010 0.0000000 0.0000000 0.0000000 0.0000000 0.0000000 0.0000000 0.0000000 0.0000000 0.0000000 0.0000000 0.0000000 -0.0000010  0.0000030 0.0000000 0.0000000 0.0000000 0.0000000 -0.0000010 0.0000000  0.0000010 -0.0000010 0.0000000 -0.0000020  0.0000010 0.0000000  0.0000080  0.0000040  0.0000010 0.0000000 -0.0000020 0.0000000 0.0000000  0.0000010 -0.0000020  0.0000040 -0.0000020  0.0000030  0.0000010  0.0000050  0.0000010 -0.0000050 0.0000000  0.0000060 0.0000000 0.0000000  0.0000040 -0.0000010 -0.0000020 0.0000000  0.0000060 0.0000000 -0.0000030  0.0000010 -0.0000010  0.0000010 -0.0000030  0.0000010  0.0000020 -0.0000010 0.0000000 0.0000000 -0.0000010  0.0000030 0.0000000 0.0000000 -0.0000020 0.0000000 0.0000000 0.0000000 0.0000000 0.0000000 -0.0000010 0.0000000  0.0000010 0.0000000 -0.0000040 -0.0000050  0.0000010 0.0000000 0.0000000 -0.0669560 -0.0370679  0.0005600  0.0503600  0.0458010  0.0631049  0.0613090
NP_CT10n22                         0.0000000  0.0000020 0.0000000 -0.0000010 -0.0000020  0.0000010 0.0000000 0.0000000 0.0000000 0.0000000 0.0000000 0.0000000 0.0000000 0.0000000 0.0000000 -0.0000020  0.0000020 0.0000000 0.0000000 -0.0000010  0.0000010  0.0000010 0.0000000 0.0000000  0.0000010  1.0000000  0.0000040 -0.0000040 0.0000000 0.0000000 0.0000000 0.0000000 0.0000000 0.0000000 0.0000000  0.0000010 -0.0000010 -0.0000010 0.0000000 -0.0000010  0.0000010 0.0000000 0.0000000 0.0000000 0.0000000 0.0000000 0.0000000 0.0000000 0.0000000 0.0000000 0.0000000 0.0000000  0.0000010 -0.0000020 0.0000000 0.0000000 0.0000000 0.0000000  0.0000010 0.0000000 -0.0000010  0.0000010 0.0000000  0.0000010 0.0000000 0.0000000 -0.0000060 -0.0000030 -0.0000010 0.0000000  0.0000010 0.0000000 0.0000000 -0.0000010  0.0000010 -0.0000030  0.0000010 -0.0000020 -0.0000010 -0.0000040 -0.0000010  0.0000040 0.0000000 -0.0000050 0.0000000 0.0000000 -0.0000030  0.0000010  0.0000010 0.0000000 -0.0000050 0.0000000  0.0000020 0.0000000  0.0000010 -0.0000010  0.0000030 -0.0000010 -0.0000020  0.0000010 0.0000000 0.0000000  0.0000010 -0.0000030 0.0000000 0.0000000  0.0000020 0.0000000 0.0000000 0.0000000 0.0000000 0.0000000  0.0000010 0.0000000 0.0000000 0.0000000  0.0000030  0.0000040 -0.0000010 0.0000000 0.0000000  0.0550329  0.0294020 -0.0007100 -0.0413289 -0.0369529 -0.0515839 -0.0501520
NP_CT10n23                         0.0000000 -0.0000070 0.0000000  0.0000060  0.0000080 -0.0000030 0.0000000 0.0000000 0.0000000 0.0000000 0.0000000  0.0000020 0.0000000 0.0000000 0.0000000  0.0000060 -0.0000100 0.0000000 0.0000000  0.0000050 -0.0000030 -0.0000030 -0.0000020  0.0000020 -0.0000040  0.0000040  1.0000000  0.0000170 -0.0000010  0.0000020 -0.0000020  0.0000020  0.0000020 0.0000000 -0.0000010 -0.0000030  0.0000020  0.0000030  0.0000020  0.0000030 -0.0000040 0.0000000 0.0000000 -0.0000010 0.0000000 0.0000000  0.0000010 -0.0000010  0.0000010 -0.0000010 0.0000000 0.0000000 -0.0000030  0.0000090 0.0000000 -0.0000020  0.0000010 -0.0000010 -0.0000050  0.0000010  0.0000050 -0.0000040 0.0000000 -0.0000060  0.0000020 0.0000000  0.0000250  0.0000130  0.0000030 -0.0000010 -0.0000050 0.0000000 0.0000000  0.0000030 -0.0000050  0.0000120 -0.0000050  0.0000090  0.0000040  0.0000180  0.0000030 -0.0000160  0.0000020  0.0000190 0.0000000  0.0000010  0.0000130 -0.0000020 -0.0000060 0.0000000  0.0000200  0.0000010 -0.0000090  0.0000020 -0.0000040  0.0000020 -0.0000110  0.0000040  0.0000070 -0.0000040 -0.0000010 0.0000000 -0.0000030  0.0000110 0.0000000 0.0000000 -0.0000070  0.0000010 0.0000000 0.0000000 0.0000000 0.0000000 -0.0000040 0.0000000  0.0000020 0.0000000 -0.0000140 -0.0000150  0.0000040  0.0000010 0.0000000 -0.2955929 -0.1282480  0.0357659  0.2108029  0.1606960  0.2106540  0.1987309
NP_CT10n24                         0.0000000  0.0000080 0.0000000 -0.0000070 -0.0000090  0.0000040 0.0000000 0.0000000 0.0000000 -0.0000010 0.0000000 -0.0000020 0.0000000 0.0000000 0.0000000 -0.0000070  0.0000110 0.0000000 0.0000000 -0.0000060  0.0000030  0.0000040  0.0000020 -0.0000020  0.0000050 -0.0000040  0.0000170  1.0000000  0.0000010 -0.0000020  0.0000020 -0.0000020 -0.0000020 0.0000000  0.0000010  0.0000030 -0.0000030 -0.0000030 -0.0000020 -0.0000040  0.0000050  0.0000010 -0.0000010  0.0000010 0.0000000 0.0000000 -0.0000020  0.0000010 -0.0000010  0.0000010 0.0000000 0.0000000  0.0000040 -0.0000090 0.0000000  0.0000020 -0.0000010  0.0000010  0.0000050 -0.0000020 -0.0000050  0.0000040 0.0000000  0.0000070 -0.0000020 0.0000000 -0.0000280 -0.0000150 -0.0000040  0.0000010  0.0000060 0.0000000 0.0000000 -0.0000040  0.0000060 -0.0000130  0.0000060 -0.0000110 -0.0000050 -0.0000200 -0.0000040  0.0000180 -0.0000020 -0.0000220 0.0000000 -0.0000010 -0.0000130  0.0000020  0.0000060 0.0000000 -0.0000220 -0.0000010  0.0000100 -0.0000020  0.0000050 -0.0000030  0.0000120 -0.0000050 -0.0000080  0.0000040  0.0000010 0.0000000  0.0000040 -0.0000130 0.0000000 0.0000000  0.0000090 -0.0000020 0.0000000 0.0000000 0.0000000 0.0000000  0.0000040  0.0000010 -0.0000020 0.0000000  0.0000160  0.0000180 -0.0000050 -0.0000010 0.0000000  0.3333030  0.1380220 -0.0513240 -0.2494119 -0.1873269 -0.2438939 -0.2289380
NP_CT10n25                         0.0000000 0.0000000 0.0000000 0.0000000  0.0000010 0.0000000 0.0000000 0.0000000 0.0000000 0.0000000 0.0000000 0.0000000 0.0000000 0.0000000 0.0000000 0.0000000 -0.0000010 0.0000000 0.0000000 0.0000000 0.0000000 0.0000000 0.0000000 0.0000000 0.0000000 0.0000000 -0.0000010  0.0000010  1.0000000 0.0000000 0.0000000 0.0000000 0.0000000 0.0000000 0.0000000 0.0000000 0.0000000 0.0000000 0.0000000 0.0000000 0.0000000 0.0000000 0.0000000 0.0000000 0.0000000 0.0000000 0.0000000 0.0000000 0.0000000 0.0000000 0.0000000 0.0000000 0.0000000  0.0000010 0.0000000 0.0000000 0.0000000 0.0000000 0.0000000 0.0000000 0.0000000 0.0000000 0.0000000 0.0000000 0.0000000 0.0000000  0.0000020  0.0000010 0.0000000 0.0000000 0.0000000 0.0000000 0.0000000 0.0000000 0.0000000  0.0000010 0.0000000  0.0000010 0.0000000  0.0000010 0.0000000 -0.0000010 0.0000000  0.0000010 0.0000000 0.0000000  0.0000010 0.0000000 0.0000000 0.0000000  0.0000010 0.0000000 -0.0000010 0.0000000 0.0000000 0.0000000 -0.0000010 0.0000000 0.0000000 0.0000000 0.0000000 0.0000000 0.0000000  0.0000010 0.0000000 0.0000000 -0.0000010 0.0000000 0.0000000 0.0000000 0.0000000 0.0000000 0.0000000 0.0000000 0.0000000 0.0000000 -0.0000010 -0.0000010 0.0000000 0.0000000 0.0000000 -0.0108450 -0.0070359 -0.0008130  0.0083890  0.0078150  0.0121869  0.0112750
NP_CT10n26                         0.0000000  0.0000010 0.0000000 -0.0000010 -0.0000010 0.0000000 0.0000000 0.0000000 0.0000000 0.0000000 0.0000000 0.0000000 0.0000000 0.0000000 0.0000000 -0.0000010  0.0000010 0.0000000 0.0000000 -0.0000010 0.0000000 0.0000000 0.0000000 0.0000000  0.0000010 0.0000000  0.0000020 -0.0000020 0.0000000  1.0000000 0.0000000 0.0000000 0.0000000 0.0000000 0.0000000 0.0000000 0.0000000 0.0000000 0.0000000 0.0000000  0.0000010 0.0000000 0.0000000 0.0000000 0.0000000 0.0000000 0.0000000 0.0000000 0.0000000 0.0000000 0.0000000 0.0000000 0.0000000 -0.0000010 0.0000000 0.0000000 0.0000000 0.0000000  0.0000010 0.0000000 -0.0000010 0.0000000 0.0000000  0.0000010 0.0000000 0.0000000 -0.0000030 -0.0000020 0.0000000 0.0000000  0.0000010 0.0000000 0.0000000 0.0000000  0.0000010 -0.0000010  0.0000010 -0.0000010 -0.0000010 -0.0000020 0.0000000  0.0000020 0.0000000 -0.0000020 0.0000000 0.0000000 -0.0000020 0.0000000  0.0000010 0.0000000 -0.0000030 0.0000000  0.0000010 0.0000000  0.0000010 0.0000000  0.0000010 -0.0000010 -0.0000010 0.0000000 0.0000000 0.0000000 0.0000000 -0.0000010 0.0000000 0.0000000  0.0000010 0.0000000 0.0000000 0.0000000 0.0000000 0.0000000 0.0000000 0.0000000 0.0000000 0.0000000  0.0000020  0.0000020 -0.0000010 0.0000000 0.0000000  0.0264369  0.0156419  0.0007660 -0.0198550 -0.0180200 -0.0273380 -0.0254740
NP_CT10n27                         0.0000000 -0.0000010 0.0000000  0.0000010  0.0000010 0.0000000 0.0000000 0.0000000 0.0000000 0.0000000 0.0000000 0.0000000 0.0000000 0.0000000 0.0000000  0.0000010 -0.0000010 0.0000000 0.0000000  0.0000010 0.0000000 0.0000000 0.0000000 0.0000000 -0.0000010 0.0000000 -0.0000020  0.0000020 0.0000000 0.0000000  1.0000000 0.0000000 0.0000000 0.0000000 0.0000000 0.0000000 0.0000000 0.0000000 0.0000000 0.0000000 -0.0000010 0.0000000 0.0000000 0.0000000 0.0000000 0.0000000 0.0000000 0.0000000 0.0000000 0.0000000 0.0000000 0.0000000 0.0000000  0.0000010 0.0000000 0.0000000 0.0000000 0.0000000 -0.0000010 0.0000000  0.0000010 -0.0000010 0.0000000 -0.0000010 0.0000000 0.0000000  0.0000030  0.0000020 0.0000000 0.0000000 -0.0000010 0.0000000 0.0000000 0.0000000 -0.0000010  0.0000020 -0.0000010  0.0000010  0.0000010  0.0000020 0.0000000 -0.0000020 0.0000000  0.0000020 0.0000000 0.0000000  0.0000020 0.0000000 -0.0000010 0.0000000  0.0000030 0.0000000 -0.0000010 0.0000000 -0.0000010 0.0000000 -0.0000010  0.0000010  0.0000010 0.0000000 0.0000000 0.0000000 0.0000000  0.0000010 0.0000000 0.0000000 -0.0000010 0.0000000 0.0000000 0.0000000 0.0000000 0.0000000 0.0000000 0.0000000 0.0000000 0.0000000 -0.0000020 -0.0000020  0.0000010 0.0000000 0.0000000 -0.0399279 -0.0176389  0.0033590  0.0303560  0.0210329  0.0303989  0.0259950
NP_CT10n28                         0.0000000  0.0000010 0.0000000 -0.0000010 -0.0000010 0.0000000 0.0000000 0.0000000 0.0000000 0.0000000 0.0000000 0.0000000 0.0000000 0.0000000 0.0000000 -0.0000010  0.0000010 0.0000000 0.0000000 -0.0000010 0.0000000 0.0000000 0.0000000 0.0000000  0.0000010 0.0000000  0.0000020 -0.0000020 0.0000000 0.0000000 0.0000000  1.0000000 0.0000000 0.0000000 0.0000000 0.0000000 0.0000000 0.0000000 0.0000000 0.0000000  0.0000010 0.0000000 0.0000000 0.0000000 0.0000000 0.0000000 0.0000000 0.0000000 0.0000000 0.0000000 0.0000000 0.0000000 0.0000000 -0.0000010 0.0000000 0.0000000 0.0000000 0.0000000  0.0000010 0.0000000 -0.0000010 0.0000000 0.0000000  0.0000010 0.0000000 0.0000000 -0.0000030 -0.0000010 0.0000000 0.0000000  0.0000010 0.0000000 0.0000000 0.0000000 0.0000000 -0.0000010  0.0000010 -0.0000010 -0.0000010 -0.0000020 0.0000000  0.0000020 0.0000000 -0.0000020 0.0000000 0.0000000 -0.0000010 0.0000000  0.0000010 0.0000000 -0.0000020 0.0000000  0.0000010 0.0000000  0.0000010 0.0000000  0.0000010 0.0000000 -0.0000010 0.0000000 0.0000000 0.0000000 0.0000000 -0.0000010 0.0000000 0.0000000  0.0000010 0.0000000 0.0000000 0.0000000 0.0000000 0.0000000 0.0000000 0.0000000 0.0000000 0.0000000  0.0000020  0.0000020 0.0000000 0.0000000 0.0000000  0.0344819  0.0157060 -0.0028790 -0.0260430 -0.0192079 -0.0272219 -0.0234800
NP_CT10n29                         0.0000000  0.0000010 0.0000000 -0.0000010 -0.0000010 0.0000000 0.0000000 0.0000000 0.0000000 0.0000000 0.0000000 0.0000000 0.0000000 0.0000000 0.0000000 -0.0000010  0.0000010 0.0000000 0.0000000 -0.0000010 0.0000000 0.0000000 0.0000000 0.0000000  0.0000010 0.0000000  0.0000020 -0.0000020 0.0000000 0.0000000 0.0000000 0.0000000  1.0000000 0.0000000 0.0000000 0.0000000 0.0000000 0.0000000 0.0000000 0.0000000 0.0000000 0.0000000 0.0000000 0.0000000 0.0000000 0.0000000 0.0000000 0.0000000 0.0000000 0.0000000 0.0000000 0.0000000 0.0000000 -0.0000010 0.0000000 0.0000000 0.0000000 0.0000000  0.0000010 0.0000000 -0.0000010 0.0000000 0.0000000  0.0000010 0.0000000 0.0000000 -0.0000030 -0.0000010 0.0000000 0.0000000  0.0000010 0.0000000 0.0000000 0.0000000  0.0000010 -0.0000010  0.0000010 -0.0000010 -0.0000010 -0.0000020 0.0000000  0.0000020 0.0000000 -0.0000020 0.0000000 0.0000000 -0.0000010 0.0000000  0.0000010 0.0000000 -0.0000020 0.0000000  0.0000010 0.0000000  0.0000010 0.0000000  0.0000010 0.0000000 -0.0000010 0.0000000 0.0000000 0.0000000 0.0000000 -0.0000010 0.0000000 0.0000000  0.0000010 0.0000000 0.0000000 0.0000000 0.0000000 0.0000000 0.0000000 0.0000000 0.0000000 0.0000000  0.0000020  0.0000020 0.0000000 0.0000000 0.0000000  0.0221960  0.0140789  0.0005280 -0.0170499 -0.0177700 -0.0241309 -0.0229689
NP_CT10n3                          0.0000000 0.0000000 0.0000000 0.0000000 0.0000000 0.0000000 0.0000000 0.0000000 0.0000000 0.0000000 0.0000000 0.0000000 0.0000000 0.0000000 0.0000000 0.0000000 0.0000000 0.0000000 0.0000000 0.0000000 0.0000000 0.0000000 0.0000000 0.0000000 0.0000000 0.0000000 0.0000000 0.0000000 0.0000000 0.0000000 0.0000000 0.0000000 0.0000000  1.0000000 0.0000000 0.0000000 0.0000000 0.0000000 0.0000000 0.0000000 0.0000000 0.0000000 0.0000000 0.0000000 0.0000000 0.0000000 0.0000000 0.0000000 0.0000000 0.0000000 0.0000000 0.0000000 0.0000000 0.0000000 0.0000000 0.0000000 0.0000000 0.0000000 0.0000000 0.0000000 0.0000000 0.0000000 0.0000000 0.0000000 0.0000000 0.0000000 0.0000000 0.0000000 0.0000000 0.0000000 0.0000000 0.0000000 0.0000000 0.0000000 0.0000000 0.0000000 0.0000000 0.0000000 0.0000000 0.0000000 0.0000000 0.0000000 0.0000000 0.0000000 0.0000000 0.0000000 0.0000000 0.0000000 0.0000000 0.0000000 0.0000000 0.0000000 0.0000000 0.0000000 0.0000000 0.0000000 0.0000000 0.0000000 0.0000000 0.0000000 0.0000000 0.0000000 0.0000000 0.0000000 0.0000000 0.0000000 0.0000000 0.0000000 0.0000000 0.0000000 0.0000000 0.0000000 0.0000000 0.0000000 0.0000000 0.0000000 0.0000000 0.0000000 0.0000000 0.0000000 0.0000000 -0.0038649  0.0000840  0.0017840  0.0024949 -0.0002140  0.0000010 -0.0003050
NP_CT10n30                         0.0000000 -0.0000010 0.0000000 0.0000000  0.0000010 0.0000000 0.0000000 0.0000000 0.0000000 0.0000000 0.0000000 0.0000000 0.0000000 0.0000000 0.0000000 0.0000000 -0.0000010 0.0000000 0.0000000 0.0000000 0.0000000 0.0000000 0.0000000 0.0000000 0.0000000 0.0000000 -0.0000010  0.0000010 0.0000000 0.0000000 0.0000000 0.0000000 0.0000000 0.0000000  1.0000000 0.0000000 0.0000000 0.0000000 0.0000000 0.0000000 0.0000000 0.0000000 0.0000000 0.0000000 0.0000000 0.0000000 0.0000000 0.0000000 0.0000000 0.0000000 0.0000000 0.0000000 0.0000000  0.0000010 0.0000000 0.0000000 0.0000000 0.0000000 0.0000000 0.0000000 0.0000000 0.0000000 0.0000000 0.0000000 0.0000000 0.0000000  0.0000020  0.0000010 0.0000000 0.0000000 0.0000000 0.0000000 0.0000000 0.0000000 0.0000000  0.0000010 0.0000000  0.0000010 0.0000000  0.0000010 0.0000000 -0.0000010 0.0000000  0.0000010 0.0000000 0.0000000  0.0000010 0.0000000 0.0000000 0.0000000  0.0000010 0.0000000 -0.0000010 0.0000000 0.0000000 0.0000000 -0.0000010 0.0000000 0.0000000 0.0000000 0.0000000 0.0000000 0.0000000  0.0000010 0.0000000 0.0000000 0.0000000 0.0000000 0.0000000 0.0000000 0.0000000 0.0000000 0.0000000 0.0000000 0.0000000 0.0000000 -0.0000010 -0.0000010 0.0000000 0.0000000 0.0000000 -0.0148190 -0.0099790 -0.0009380  0.0118130  0.0125909  0.0172819  0.0163300
NP_CT10n31                         0.0000000 -0.0000010 0.0000000  0.0000010  0.0000010 -0.0000010 0.0000000 0.0000000 0.0000000 0.0000000 0.0000000 0.0000000 0.0000000 0.0000000 0.0000000  0.0000010 -0.0000020 0.0000000 0.0000000  0.0000010 0.0000000 -0.0000010 0.0000000 0.0000000 -0.0000010  0.0000010 -0.0000030  0.0000030 0.0000000 0.0000000 0.0000000 0.0000000 0.0000000 0.0000000 0.0000000  1.0000000 0.0000000 0.0000000 0.0000000  0.0000010 -0.0000010 0.0000000 0.0000000 0.0000000 0.0000000 0.0000000 0.0000000 0.0000000 0.0000000 0.0000000 0.0000000 0.0000000 -0.0000010  0.0000020 0.0000000 0.0000000 0.0000000 0.0000000 -0.0000010 0.0000000  0.0000010 -0.0000010 0.0000000 -0.0000010 0.0000000 0.0000000  0.0000040  0.0000020  0.0000010 0.0000000 -0.0000010 0.0000000 0.0000000  0.0000010 -0.0000010  0.0000020 -0.0000010  0.0000020  0.0000010  0.0000030  0.0000010 -0.0000030 0.0000000  0.0000030 0.0000000 0.0000000  0.0000020 0.0000000 -0.0000010 0.0000000  0.0000040 0.0000000 -0.0000020 0.0000000 -0.0000010 0.0000000 -0.0000020  0.0000010  0.0000010 -0.0000010 0.0000000 0.0000000 -0.0000010  0.0000020 0.0000000 0.0000000 -0.0000010 0.0000000 0.0000000 0.0000000 0.0000000 0.0000000 -0.0000010 0.0000000 0.0000000 0.0000000 -0.0000020 -0.0000030  0.0000010 0.0000000 0.0000000 -0.0263189 -0.0231530 -0.0080289  0.0220640  0.0252469  0.0315389  0.0357200
NP_CT10n32                         0.0000000  0.0000010 0.0000000 -0.0000010 -0.0000010  0.0000010 0.0000000 0.0000000 0.0000000 0.0000000 0.0000000 0.0000000 0.0000000 0.0000000 0.0000000 -0.0000010  0.0000020 0.0000000 0.0000000 -0.0000010 0.0000000  0.0000010 0.0000000 0.0000000  0.0000010 -0.0000010  0.0000020 -0.0000030 0.0000000 0.0000000 0.0000000 0.0000000 0.0000000 0.0000000 0.0000000 0.0000000  1.0000000 0.0000000 0.0000000 0.0000000  0.0000010 0.0000000 0.0000000 0.0000000 0.0000000 0.0000000 0.0000000 0.0000000 0.0000000 0.0000000 0.0000000 0.0000000  0.0000010 -0.0000010 0.0000000 0.0000000 0.0000000 0.0000000  0.0000010 0.0000000 -0.0000010  0.0000010 0.0000000  0.0000010 0.0000000 0.0000000 -0.0000040 -0.0000020 -0.0000010 0.0000000  0.0000010 0.0000000 0.0000000 0.0000000  0.0000010 -0.0000020  0.0000010 -0.0000020 -0.0000010 -0.0000030 -0.0000010  0.0000030 0.0000000 -0.0000030 0.0000000 0.0000000 -0.0000020 0.0000000  0.0000010 0.0000000 -0.0000030 0.0000000  0.0000010 0.0000000  0.0000010 0.0000000  0.0000020 -0.0000010 -0.0000010  0.0000010 0.0000000 0.0000000  0.0000010 -0.0000020 0.0000000 0.0000000  0.0000010 0.0000000 0.0000000 0.0000000 0.0000000 0.0000000  0.0000010 0.0000000 0.0000000 0.0000000  0.0000020  0.0000020 -0.0000010 0.0000000 0.0000000  0.0233370  0.0208710  0.0072309 -0.0192860 -0.0224999 -0.0273200 -0.0320119
NP_CT10n33                         0.0000000  0.0000010 0.0000000 -0.0000010 -0.0000010 0.0000000 0.0000000 0.0000000 0.0000000 0.0000000 0.0000000 0.0000000 0.0000000 0.0000000 0.0000000 -0.0000010  0.0000020 0.0000000 0.0000000 -0.0000010 0.0000000  0.0000010 0.0000000 0.0000000  0.0000010 -0.0000010  0.0000030 -0.0000030 0.0000000 0.0000000 0.0000000 0.0000000 0.0000000 0.0000000 0.0000000 0.0000000 0.0000000  1.0000000 0.0000000 -0.0000010  0.0000010 0.0000000 0.0000000 0.0000000 0.0000000 0.0000000 0.0000000 0.0000000 0.0000000 0.0000000 0.0000000 0.0000000  0.0000010 -0.0000010 0.0000000 0.0000000 0.0000000 0.0000000  0.0000010 0.0000000 -0.0000010  0.0000010 0.0000000  0.0000010 0.0000000 0.0000000 -0.0000050 -0.0000030 -0.0000010 0.0000000  0.0000010 0.0000000 0.0000000 -0.0000010  0.0000010 -0.0000020  0.0000010 -0.0000010 -0.0000010 -0.0000030 -0.0000010  0.0000030 0.0000000 -0.0000040 0.0000000 0.0000000 -0.0000030 0.0000000  0.0000010 0.0000000 -0.0000030 0.0000000  0.0000020 0.0000000  0.0000010 0.0000000  0.0000020 -0.0000010 -0.0000010  0.0000010 0.0000000 0.0000000  0.0000010 -0.0000020 0.0000000 0.0000000  0.0000010 0.0000000 0.0000000 0.0000000 0.0000000 0.0000000  0.0000010 0.0000000 0.0000000 0.0000000  0.0000030  0.0000030 -0.0000010 0.0000000 0.0000000 -0.0101700  0.0225039  0.0316699  0.0037190 -0.0190220 -0.0323649 -0.0355530
NP_CT10n34                         0.0000000  0.0000010 0.0000000 -0.0000010 -0.0000010 0.0000000 0.0000000 0.0000000 0.0000000 0.0000000 0.0000000 0.0000000 0.0000000 0.0000000 0.0000000 -0.0000010  0.0000010 0.0000000 0.0000000 -0.0000010 0.0000000 0.0000000 0.0000000 0.0000000 0.0000000 0.0000000  0.0000020 -0.0000020 0.0000000 0.0000000 0.0000000 0.0000000 0.0000000 0.0000000 0.0000000 0.0000000 0.0000000 0.0000000  1.0000000 0.0000000 0.0000000 0.0000000 0.0000000 0.0000000 0.0000000 0.0000000 0.0000000 0.0000000 0.0000000 0.0000000 0.0000000 0.0000000 0.0000000 -0.0000010 0.0000000 0.0000000 0.0000000 0.0000000 0.0000000 0.0000000 0.0000000 0.0000000 0.0000000  0.0000010 0.0000000 0.0000000 -0.0000020 -0.0000010 0.0000000 0.0000000  0.0000010 0.0000000 0.0000000 0.0000000  0.0000010 -0.0000010 0.0000000 -0.0000010 0.0000000 -0.0000020 0.0000000  0.0000020 0.0000000 -0.0000020 0.0000000 0.0000000 -0.0000010 0.0000000  0.0000010 0.0000000 -0.0000020 0.0000000  0.0000010 0.0000000 0.0000000 0.0000000  0.0000010 0.0000000 -0.0000010 0.0000000 0.0000000 0.0000000 0.0000000 -0.0000010 0.0000000 0.0000000  0.0000010 0.0000000 0.0000000 0.0000000 0.0000000 0.0000000 0.0000000 0.0000000 0.0000000 0.0000000  0.0000010  0.0000020 0.0000000 0.0000000 0.0000000  0.0655870  0.0112510 -0.0288010 -0.0468500 -0.0227669 -0.0242820 -0.0196789
NP_CT10n35                         0.0000000  0.0000010 0.0000000 -0.0000010 -0.0000020  0.0000010 0.0000000 0.0000000 0.0000000 0.0000000 0.0000000 0.0000000 0.0000000 0.0000000 0.0000000 -0.0000010  0.0000020 0.0000000 0.0000000 -0.0000010  0.0000010  0.0000010 0.0000000 0.0000000  0.0000010 -0.0000010  0.0000030 -0.0000040 0.0000000 0.0000000 0.0000000 0.0000000 0.0000000 0.0000000 0.0000000  0.0000010 0.0000000 -0.0000010 0.0000000  1.0000000  0.0000010 0.0000000 0.0000000 0.0000000 0.0000000 0.0000000 0.0000000 0.0000000 0.0000000 0.0000000 0.0000000 0.0000000  0.0000010 -0.0000020 0.0000000 0.0000000 0.0000000 0.0000000  0.0000010 0.0000000 -0.0000010  0.0000010 0.0000000  0.0000010 0.0000000 0.0000000 -0.0000060 -0.0000030 -0.0000010 0.0000000  0.0000010 0.0000000 0.0000000 -0.0000010  0.0000010 -0.0000020  0.0000010 -0.0000020 -0.0000010 -0.0000030 -0.0000010  0.0000030 0.0000000 -0.0000040 0.0000000 0.0000000 -0.0000030 0.0000000  0.0000010 0.0000000 -0.0000030 0.0000000  0.0000020 0.0000000  0.0000010 0.0000000  0.0000020 -0.0000010 -0.0000010  0.0000010 0.0000000 0.0000000  0.0000010 -0.0000020 0.0000000 0.0000000  0.0000010 0.0000000 0.0000000 0.0000000 0.0000000 0.0000000  0.0000010 0.0000000 0.0000000 0.0000000  0.0000030  0.0000030 -0.0000010 0.0000000 0.0000000  0.0486390  0.0288129  0.0015709 -0.0355600 -0.0282470 -0.0411040 -0.0372740
NP_CT10n36                         0.0000000 -0.0000020 0.0000000  0.0000020  0.0000030 -0.0000010 0.0000000 0.0000000 0.0000000 0.0000000 0.0000000 0.0000000 0.0000000 0.0000000 0.0000000  0.0000020 -0.0000030 0.0000000 0.0000000  0.0000020 -0.0000010 -0.0000010 0.0000000 0.0000000 -0.0000010  0.0000010 -0.0000040  0.0000050 0.0000000  0.0000010 -0.0000010  0.0000010 0.0000000 0.0000000 0.0000000 -0.0000010  0.0000010  0.0000010 0.0000000  0.0000010  1.0000000 0.0000000 0.0000000 0.0000000 0.0000000 0.0000000 0.0000000 0.0000000 0.0000000 0.0000000 0.0000000 0.0000000 -0.0000010  0.0000030 0.0000000 -0.0000010 0.0000000 0.0000000 -0.0000010 0.0000000  0.0000010 -0.0000010 0.0000000 -0.0000020  0.0000010 0.0000000  0.0000070  0.0000040  0.0000010 0.0000000 -0.0000020 0.0000000 0.0000000  0.0000010 -0.0000020  0.0000030 -0.0000010  0.0000030  0.0000010  0.0000050  0.0000010 -0.0000050 0.0000000  0.0000060 0.0000000 0.0000000  0.0000040 -0.0000010 -0.0000020 0.0000000  0.0000060 0.0000000 -0.0000030  0.0000010 -0.0000010  0.0000010 -0.0000030  0.0000010  0.0000020 -0.0000010 0.0000000 0.0000000 -0.0000010  0.0000030 0.0000000 0.0000000 -0.0000020 0.0000000 0.0000000 0.0000000 0.0000000 0.0000000 -0.0000010 0.0000000  0.0000010 0.0000000 -0.0000040 -0.0000050  0.0000010 0.0000000 0.0000000 -0.0686070 -0.0417239 -0.0028300  0.0512610  0.0447859  0.0614369  0.0586780
NP_CT10n37                         0.0000000 0.0000000 0.0000000 0.0000000 0.0000000 0.0000000 0.0000000 0.0000000 0.0000000 0.0000000 0.0000000 0.0000000 0.0000000 0.0000000 0.0000000 0.0000000 0.0000000 0.0000000 0.0000000 0.0000000 0.0000000 0.0000000 0.0000000 0.0000000 0.0000000 0.0000000 0.0000000  0.0000010 0.0000000 0.0000000 0.0000000 0.0000000 0.0000000 0.0000000 0.0000000 0.0000000 0.0000000 0.0000000 0.0000000 0.0000000 0.0000000  1.0000000 0.0000000 0.0000000 0.0000000 0.0000000 0.0000000 0.0000000 0.0000000 0.0000000 0.0000000 0.0000000 0.0000000 0.0000000 0.0000000 0.0000000 0.0000000 0.0000000 0.0000000 0.0000000 0.0000000 0.0000000 0.0000000 0.0000000 0.0000000 0.0000000  0.0000010 0.0000000 0.0000000 0.0000000 0.0000000 0.0000000 0.0000000 0.0000000 0.0000000 0.0000000 0.0000000 0.0000000 0.0000000  0.0000010 0.0000000 0.0000000 0.0000000  0.0000010 0.0000000 0.0000000 0.0000000 0.0000000 0.0000000 0.0000000  0.0000010 0.0000000 0.0000000 0.0000000 0.0000000 0.0000000 0.0000000 0.0000000 0.0000000 0.0000000 0.0000000 0.0000000 0.0000000 0.0000000 0.0000000 0.0000000 0.0000000 0.0000000 0.0000000 0.0000000 0.0000000 0.0000000 0.0000000 0.0000000 0.0000000 0.0000000 0.0000000 0.0000000 0.0000000 0.0000000 0.0000000 -0.0100120 -0.0013829  0.0001140  0.0064749  0.0043229  0.0072340  0.0061720
NP_CT10n38                         0.0000000 0.0000000 0.0000000 0.0000000 0.0000000 0.0000000 0.0000000 0.0000000 0.0000000 0.0000000 0.0000000 0.0000000 0.0000000 0.0000000 0.0000000 0.0000000 0.0000000 0.0000000 0.0000000 0.0000000 0.0000000 0.0000000 0.0000000 0.0000000 0.0000000 0.0000000 0.0000000 -0.0000010 0.0000000 0.0000000 0.0000000 0.0000000 0.0000000 0.0000000 0.0000000 0.0000000 0.0000000 0.0000000 0.0000000 0.0000000 0.0000000 0.0000000  1.0000000 0.0000000 0.0000000 0.0000000 0.0000000 0.0000000 0.0000000 0.0000000 0.0000000 0.0000000 0.0000000 0.0000000 0.0000000 0.0000000 0.0000000 0.0000000 0.0000000 0.0000000 0.0000000 0.0000000 0.0000000 0.0000000 0.0000000 0.0000000 -0.0000010 0.0000000 0.0000000 0.0000000 0.0000000 0.0000000 0.0000000 0.0000000 0.0000000 0.0000000 0.0000000 0.0000000 0.0000000 -0.0000010 0.0000000 0.0000000 0.0000000 -0.0000010 0.0000000 0.0000000 0.0000000 0.0000000 0.0000000 0.0000000 -0.0000010 0.0000000 0.0000000 0.0000000 0.0000000 0.0000000 0.0000000 0.0000000 0.0000000 0.0000000 0.0000000 0.0000000 0.0000000 0.0000000 0.0000000 0.0000000 0.0000000 0.0000000 0.0000000 0.0000000 0.0000000 0.0000000 0.0000000 0.0000000 0.0000000 0.0000000 0.0000000 0.0000000 0.0000000 0.0000000 0.0000000  0.0119950  0.0010679 -0.0013020 -0.0068830 -0.0044889 -0.0065690 -0.0062179
NP_CT10n39                         0.0000000 -0.0000010 0.0000000 0.0000000  0.0000010 0.0000000 0.0000000 0.0000000 0.0000000 0.0000000 0.0000000 0.0000000 0.0000000 0.0000000 0.0000000 0.0000000 -0.0000010 0.0000000 0.0000000 0.0000000 0.0000000 0.0000000 0.0000000 0.0000000 0.0000000 0.0000000 -0.0000010  0.0000010 0.0000000 0.0000000 0.0000000 0.0000000 0.0000000 0.0000000 0.0000000 0.0000000 0.0000000 0.0000000 0.0000000 0.0000000 0.0000000 0.0000000 0.0000000  1.0000000 0.0000000 0.0000000 0.0000000 0.0000000 0.0000000 0.0000000 0.0000000 0.0000000 0.0000000  0.0000010 0.0000000 0.0000000 0.0000000 0.0000000 0.0000000 0.0000000 0.0000000 0.0000000 0.0000000 0.0000000 0.0000000 0.0000000  0.0000020  0.0000010 0.0000000 0.0000000 0.0000000 0.0000000 0.0000000 0.0000000 0.0000000  0.0000010 0.0000000  0.0000010 0.0000000  0.0000010 0.0000000 -0.0000010 0.0000000  0.0000010 0.0000000 0.0000000  0.0000010 0.0000000 0.0000000 0.0000000  0.0000010 0.0000000 -0.0000010 0.0000000 0.0000000 0.0000000 -0.0000010 0.0000000 0.0000000 0.0000000 0.0000000 0.0000000 0.0000000  0.0000010 0.0000000 0.0000000 -0.0000010 0.0000000 0.0000000 0.0000000 0.0000000 0.0000000 0.0000000 0.0000000 0.0000000 0.0000000 -0.0000010 -0.0000010 0.0000000 0.0000000 0.0000000 -0.0092770 -0.0036210  0.0020569  0.0086540  0.0119819  0.0129359  0.0146319
NP_CT10n4                          0.0000000 0.0000000 0.0000000 0.0000000 0.0000000 0.0000000 0.0000000 0.0000000 0.0000000 0.0000000 0.0000000 0.0000000 0.0000000 0.0000000 0.0000000 0.0000000 0.0000000 0.0000000 0.0000000 0.0000000 0.0000000 0.0000000 0.0000000 0.0000000 0.0000000 0.0000000 0.0000000 0.0000000 0.0000000 0.0000000 0.0000000 0.0000000 0.0000000 0.0000000 0.0000000 0.0000000 0.0000000 0.0000000 0.0000000 0.0000000 0.0000000 0.0000000 0.0000000 0.0000000  1.0000000 0.0000000 0.0000000 0.0000000 0.0000000 0.0000000 0.0000000 0.0000000 0.0000000 0.0000000 0.0000000 0.0000000 0.0000000 0.0000000 0.0000000 0.0000000 0.0000000 0.0000000 0.0000000 0.0000000 0.0000000 0.0000000 0.0000000 0.0000000 0.0000000 0.0000000 0.0000000 0.0000000 0.0000000 0.0000000 0.0000000 0.0000000 0.0000000 0.0000000 0.0000000 0.0000000 0.0000000 0.0000000 0.0000000 0.0000000 0.0000000 0.0000000 0.0000000 0.0000000 0.0000000 0.0000000 0.0000000 0.0000000 0.0000000 0.0000000 0.0000000 0.0000000 0.0000000 0.0000000 0.0000000 0.0000000 0.0000000 0.0000000 0.0000000 0.0000000 0.0000000 0.0000000 0.0000000 0.0000000 0.0000000 0.0000000 0.0000000 0.0000000 0.0000000 0.0000000 0.0000000 0.0000000 0.0000000 0.0000000 0.0000000 0.0000000 0.0000000  0.0040980  0.0000030 -0.0018120 -0.0026660  0.0001070 -0.0001570  0.0001580
NP_CT10n40                         0.0000000 0.0000000 0.0000000 0.0000000 0.0000000 0.0000000 0.0000000 0.0000000 0.0000000 0.0000000 0.0000000 0.0000000 0.0000000 0.0000000 0.0000000 0.0000000 0.0000000 0.0000000 0.0000000 0.0000000 0.0000000 0.0000000 0.0000000 0.0000000 0.0000000 0.0000000 0.0000000 0.0000000 0.0000000 0.0000000 0.0000000 0.0000000 0.0000000 0.0000000 0.0000000 0.0000000 0.0000000 0.0000000 0.0000000 0.0000000 0.0000000 0.0000000 0.0000000 0.0000000 0.0000000  1.0000000 0.0000000 0.0000000 0.0000000 0.0000000 0.0000000 0.0000000 0.0000000 0.0000000 0.0000000 0.0000000 0.0000000 0.0000000 0.0000000 0.0000000 0.0000000 0.0000000 0.0000000 0.0000000 0.0000000 0.0000000  0.0000010 0.0000000 0.0000000 0.0000000 0.0000000 0.0000000 0.0000000 0.0000000 0.0000000 0.0000000 0.0000000 0.0000000 0.0000000 0.0000000 0.0000000 0.0000000 0.0000000 0.0000000 0.0000000 0.0000000 0.0000000 0.0000000 0.0000000 0.0000000 0.0000000 0.0000000 0.0000000 0.0000000 0.0000000 0.0000000 0.0000000 0.0000000 0.0000000 0.0000000 0.0000000 0.0000000 0.0000000 0.0000000 0.0000000 0.0000000 0.0000000 0.0000000 0.0000000 0.0000000 0.0000000 0.0000000 0.0000000 0.0000000 0.0000000 0.0000000 0.0000000 0.0000000 0.0000000 0.0000000 0.0000000 -0.0041999 -0.0079369 -0.0062329  0.0023389  0.0015510  0.0049040  0.0040610
NP_CT10n41                         0.0000000  0.0000010 0.0000000 -0.0000010 -0.0000010 0.0000000 0.0000000 0.0000000 0.0000000 0.0000000 0.0000000 0.0000000 0.0000000 0.0000000 0.0000000 -0.0000010  0.0000010 0.0000000 0.0000000 -0.0000010 0.0000000 0.0000000 0.0000000 0.0000000 0.0000000 0.0000000  0.0000010 -0.0000020 0.0000000 0.0000000 0.0000000 0.0000000 0.0000000 0.0000000 0.0000000 0.0000000 0.0000000 0.0000000 0.0000000 0.0000000 0.0000000 0.0000000 0.0000000 0.0000000 0.0000000 0.0000000  1.0000000 0.0000000 0.0000000 0.0000000 0.0000000 0.0000000 0.0000000 -0.0000010 0.0000000 0.0000000 0.0000000 0.0000000 0.0000000 0.0000000 0.0000000 0.0000000 0.0000000  0.0000010 0.0000000 0.0000000 -0.0000020 -0.0000010 0.0000000 0.0000000  0.0000010 0.0000000 0.0000000 0.0000000  0.0000010 -0.0000010  0.0000010 -0.0000010 0.0000000 -0.0000020 0.0000000  0.0000020 0.0000000 -0.0000020 0.0000000 0.0000000 -0.0000010 0.0000000  0.0000010 0.0000000 -0.0000020 0.0000000  0.0000010 0.0000000 0.0000000 0.0000000  0.0000010 0.0000000 -0.0000010 0.0000000 0.0000000 0.0000000 0.0000000 -0.0000010 0.0000000 0.0000000  0.0000010 0.0000000 0.0000000 0.0000000 0.0000000 0.0000000 0.0000000 0.0000000 0.0000000 0.0000000  0.0000010  0.0000020 0.0000000 0.0000000 0.0000000  0.0281150  0.0126649 -0.0023760 -0.0213540 -0.0158709 -0.0226449 -0.0202629
NP_CT10n42                         0.0000000 0.0000000 0.0000000 0.0000000 0.0000000 0.0000000 0.0000000 0.0000000 0.0000000 0.0000000 0.0000000 0.0000000 0.0000000 0.0000000 0.0000000 0.0000000 -0.0000010 0.0000000 0.0000000 0.0000000 0.0000000 0.0000000 0.0000000 0.0000000 0.0000000 0.0000000 -0.0000010  0.0000010 0.0000000 0.0000000 0.0000000 0.0000000 0.0000000 0.0000000 0.0000000 0.0000000 0.0000000 0.0000000 0.0000000 0.0000000 0.0000000 0.0000000 0.0000000 0.0000000 0.0000000 0.0000000 0.0000000  1.0000000 0.0000000 0.0000000 0.0000000 0.0000000 0.0000000 0.0000000 0.0000000 0.0000000 0.0000000 0.0000000 0.0000000 0.0000000 0.0000000 0.0000000 0.0000000 0.0000000 0.0000000 0.0000000  0.0000010  0.0000010 0.0000000 0.0000000 0.0000000 0.0000000 0.0000000 0.0000000 0.0000000  0.0000010 0.0000000  0.0000010 0.0000000  0.0000010 0.0000000 -0.0000010 0.0000000  0.0000010 0.0000000 0.0000000  0.0000010 0.0000000 0.0000000 0.0000000  0.0000010 0.0000000 0.0000000 0.0000000 0.0000000 0.0000000 -0.0000010 0.0000000 0.0000000 0.0000000 0.0000000 0.0000000 0.0000000  0.0000010 0.0000000 0.0000000 0.0000000 0.0000000 0.0000000 0.0000000 0.0000000 0.0000000 0.0000000 0.0000000 0.0000000 0.0000000 -0.0000010 -0.0000010 0.0000000 0.0000000 0.0000000 -0.0144230 -0.0064619  0.0005380  0.0116310  0.0078609  0.0115809  0.0108280
NP_CT10n43                         0.0000000  0.0000010 0.0000000 0.0000000 -0.0000010 0.0000000 0.0000000 0.0000000 0.0000000 0.0000000 0.0000000 0.0000000 0.0000000 0.0000000 0.0000000 -0.0000010  0.0000010 0.0000000 0.0000000 0.0000000 0.0000000 0.0000000 0.0000000 0.0000000 0.0000000 0.0000000  0.0000010 -0.0000010 0.0000000 0.0000000 0.0000000 0.0000000 0.0000000 0.0000000 0.0000000 0.0000000 0.0000000 0.0000000 0.0000000 0.0000000 0.0000000 0.0000000 0.0000000 0.0000000 0.0000000 0.0000000 0.0000000 0.0000000  1.0000000 0.0000000 0.0000000 0.0000000 0.0000000 -0.0000010 0.0000000 0.0000000 0.0000000 0.0000000 0.0000000 0.0000000 0.0000000 0.0000000 0.0000000 0.0000000 0.0000000 0.0000000 -0.0000020 -0.0000010 0.0000000 0.0000000 0.0000000 0.0000000 0.0000000 0.0000000 0.0000000 -0.0000010 0.0000000 -0.0000010 0.0000000 -0.0000020 0.0000000  0.0000010 0.0000000 -0.0000020 0.0000000 0.0000000 -0.0000010 0.0000000 0.0000000 0.0000000 -0.0000020 0.0000000  0.0000010 0.0000000 0.0000000 0.0000000  0.0000010 0.0000000 -0.0000010 0.0000000 0.0000000 0.0000000 0.0000000 -0.0000010 0.0000000 0.0000000  0.0000010 0.0000000 0.0000000 0.0000000 0.0000000 0.0000000 0.0000000 0.0000000 0.0000000 0.0000000  0.0000010  0.0000010 0.0000000 0.0000000 0.0000000  0.0220290  0.0107670 -0.0030829 -0.0163570 -0.0135800 -0.0190859 -0.0172770
NP_CT10n44                         0.0000000 -0.0000010 0.0000000 0.0000000  0.0000010 0.0000000 0.0000000 0.0000000 0.0000000 0.0000000 0.0000000 0.0000000 0.0000000 0.0000000 0.0000000  0.0000010 -0.0000010 0.0000000 0.0000000 0.0000000 0.0000000 0.0000000 0.0000000 0.0000000 0.0000000 0.0000000 -0.0000010  0.0000010 0.0000000 0.0000000 0.0000000 0.0000000 0.0000000 0.0000000 0.0000000 0.0000000 0.0000000 0.0000000 0.0000000 0.0000000 0.0000000 0.0000000 0.0000000 0.0000000 0.0000000 0.0000000 0.0000000 0.0000000 0.0000000  1.0000000 0.0000000 0.0000000 0.0000000  0.0000010 0.0000000 0.0000000 0.0000000 0.0000000 0.0000000 0.0000000 0.0000000 0.0000000 0.0000000 0.0000000 0.0000000 0.0000000  0.0000020  0.0000010 0.0000000 0.0000000 0.0000000 0.0000000 0.0000000 0.0000000 0.0000000  0.0000010 0.0000000  0.0000010 0.0000000  0.0000010 0.0000000 -0.0000010 0.0000000  0.0000020 0.0000000 0.0000000  0.0000010 0.0000000 0.0000000 0.0000000  0.0000020 0.0000000 -0.0000010 0.0000000 0.0000000 0.0000000 -0.0000010 0.0000000  0.0000010 0.0000000 0.0000000 0.0000000 0.0000000  0.0000010 0.0000000 0.0000000 -0.0000010 0.0000000 0.0000000 0.0000000 0.0000000 0.0000000 0.0000000 0.0000000 0.0000000 0.0000000 -0.0000010 -0.0000010 0.0000000 0.0000000 0.0000000 -0.0189819 -0.0099039  0.0020420  0.0150849  0.0123960  0.0181970  0.0161360
NP_CT10n45                         0.0000000 0.0000000 0.0000000 0.0000000 0.0000000 0.0000000 0.0000000 0.0000000 0.0000000 0.0000000 0.0000000 0.0000000 0.0000000 0.0000000 0.0000000 0.0000000 0.0000000 0.0000000 0.0000000 0.0000000 0.0000000 0.0000000 0.0000000 0.0000000 0.0000000 0.0000000 0.0000000 0.0000000 0.0000000 0.0000000 0.0000000 0.0000000 0.0000000 0.0000000 0.0000000 0.0000000 0.0000000 0.0000000 0.0000000 0.0000000 0.0000000 0.0000000 0.0000000 0.0000000 0.0000000 0.0000000 0.0000000 0.0000000 0.0000000 0.0000000  1.0000000 0.0000000 0.0000000 0.0000000 0.0000000 0.0000000 0.0000000 0.0000000 0.0000000 0.0000000 0.0000000 0.0000000 0.0000000 0.0000000 0.0000000 0.0000000 0.0000000 0.0000000 0.0000000 0.0000000 0.0000000 0.0000000 0.0000000 0.0000000 0.0000000 0.0000000 0.0000000 0.0000000 0.0000000 0.0000000 0.0000000 0.0000000 0.0000000 0.0000000 0.0000000 0.0000000 0.0000000 0.0000000 0.0000000 0.0000000 0.0000000 0.0000000 0.0000000 0.0000000 0.0000000 0.0000000 0.0000000 0.0000000 0.0000000 0.0000000 0.0000000 0.0000000 0.0000000 0.0000000 0.0000000 0.0000000 0.0000000 0.0000000 0.0000000 0.0000000 0.0000000 0.0000000 0.0000000 0.0000000 0.0000000 0.0000000 0.0000000 0.0000000 0.0000000 0.0000000 0.0000000 -0.0065389 -0.0005509  0.0005670  0.0053540  0.0025089  0.0043189  0.0028430
NP_CT10n46                         0.0000000 0.0000000 0.0000000 0.0000000 0.0000000 0.0000000 0.0000000 0.0000000 0.0000000 0.0000000 0.0000000 0.0000000 0.0000000 0.0000000 0.0000000 0.0000000 0.0000000 0.0000000 0.0000000 0.0000000 0.0000000 0.0000000 0.0000000 0.0000000 0.0000000 0.0000000 0.0000000 0.0000000 0.0000000 0.0000000 0.0000000 0.0000000 0.0000000 0.0000000 0.0000000 0.0000000 0.0000000 0.0000000 0.0000000 0.0000000 0.0000000 0.0000000 0.0000000 0.0000000 0.0000000 0.0000000 0.0000000 0.0000000 0.0000000 0.0000000 0.0000000  1.0000000 0.0000000 0.0000000 0.0000000 0.0000000 0.0000000 0.0000000 0.0000000 0.0000000 0.0000000 0.0000000 0.0000000 0.0000000 0.0000000 0.0000000 0.0000000 0.0000000 0.0000000 0.0000000 0.0000000 0.0000000 0.0000000 0.0000000 0.0000000 0.0000000 0.0000000 0.0000000 0.0000000 0.0000000 0.0000000 0.0000000 0.0000000 0.0000000 0.0000000 0.0000000 0.0000000 0.0000000 0.0000000 0.0000000 0.0000000 0.0000000 0.0000000 0.0000000 0.0000000 0.0000000 0.0000000 0.0000000 0.0000000 0.0000000 0.0000000 0.0000000 0.0000000 0.0000000 0.0000000 0.0000000 0.0000000 0.0000000 0.0000000 0.0000000 0.0000000 0.0000000 0.0000000 0.0000000 0.0000000 0.0000000 0.0000000 0.0000000 0.0000000 0.0000000 0.0000000  0.0042329 -0.0026099 -0.0020830 -0.0033790  0.0002180  0.0000940  0.0024199
NP_CT10n47                         0.0000000 -0.0000020 0.0000000  0.0000010  0.0000020 -0.0000010 0.0000000 0.0000000 0.0000000 0.0000000 0.0000000 0.0000000 0.0000000 0.0000000 0.0000000  0.0000020 -0.0000020 0.0000000 0.0000000  0.0000010 -0.0000010 -0.0000010 0.0000000 0.0000000 -0.0000010  0.0000010 -0.0000030  0.0000040 0.0000000 0.0000000 0.0000000 0.0000000 0.0000000 0.0000000 0.0000000 -0.0000010  0.0000010  0.0000010 0.0000000  0.0000010 -0.0000010 0.0000000 0.0000000 0.0000000 0.0000000 0.0000000 0.0000000 0.0000000 0.0000000 0.0000000 0.0000000 0.0000000  1.0000000  0.0000020 0.0000000 0.0000000 0.0000000 0.0000000 -0.0000010 0.0000000  0.0000010 -0.0000010 0.0000000 -0.0000010 0.0000000 0.0000000  0.0000050  0.0000030  0.0000010 0.0000000 -0.0000010 0.0000000 0.0000000  0.0000010 -0.0000010  0.0000030 -0.0000010  0.0000020  0.0000010  0.0000040  0.0000010 -0.0000040 0.0000000  0.0000040 0.0000000 0.0000000  0.0000030 0.0000000 -0.0000010 0.0000000  0.0000050 0.0000000 -0.0000020 0.0000000 -0.0000010  0.0000010 -0.0000030  0.0000010  0.0000010 -0.0000010 0.0000000 0.0000000 -0.0000010  0.0000030 0.0000000 0.0000000 -0.0000020 0.0000000 0.0000000 0.0000000 0.0000000 0.0000000 -0.0000010 0.0000000 0.0000000 0.0000000 -0.0000030 -0.0000040  0.0000010 0.0000000 0.0000000 -0.0355649 -0.0328470 -0.0074419  0.0326499  0.0372600  0.0481460  0.0475010
NP_CT10n48                         0.0000000  0.0000040 0.0000000 -0.0000030 -0.0000050  0.0000020 0.0000000 0.0000000 0.0000000 0.0000000 0.0000000 -0.0000010 0.0000000 0.0000000 0.0000000 -0.0000040  0.0000060 0.0000000 0.0000000 -0.0000030  0.0000020  0.0000020  0.0000010 -0.0000010  0.0000030 -0.0000020  0.0000090 -0.0000090  0.0000010 -0.0000010  0.0000010 -0.0000010 -0.0000010 0.0000000  0.0000010  0.0000020 -0.0000010 -0.0000010 -0.0000010 -0.0000020  0.0000030 0.0000000 0.0000000  0.0000010 0.0000000 0.0000000 -0.0000010 0.0000000 -0.0000010  0.0000010 0.0000000 0.0000000  0.0000020  1.0000000 0.0000000  0.0000010 -0.0000010  0.0000010  0.0000030 -0.0000010 -0.0000030  0.0000020 0.0000000  0.0000030 -0.0000010 0.0000000 -0.0000150 -0.0000080 -0.0000020  0.0000010  0.0000030 0.0000000 0.0000000 -0.0000020  0.0000030 -0.0000070  0.0000030 -0.0000050 -0.0000030 -0.0000090 -0.0000020  0.0000100 -0.0000010 -0.0000110 0.0000000 0.0000000 -0.0000070  0.0000010  0.0000030 0.0000000 -0.0000110 0.0000000  0.0000050 -0.0000010  0.0000020 -0.0000010  0.0000060 -0.0000020 -0.0000040  0.0000020  0.0000010 0.0000000  0.0000020 -0.0000070 0.0000000 0.0000000  0.0000050 -0.0000010 0.0000000 0.0000000 0.0000000 0.0000000  0.0000020 0.0000000 -0.0000010 0.0000000  0.0000080  0.0000090 -0.0000030 0.0000000 0.0000000  0.1842350  0.0702500 -0.0316799 -0.1367639 -0.1065640 -0.1342440 -0.1256889
NP_CT10n49                         0.0000000 0.0000000 0.0000000 0.0000000 0.0000000 0.0000000 0.0000000 0.0000000 0.0000000 0.0000000 0.0000000 0.0000000 0.0000000 0.0000000 0.0000000 0.0000000 0.0000000 0.0000000 0.0000000 0.0000000 0.0000000 0.0000000 0.0000000 0.0000000 0.0000000 0.0000000 0.0000000 0.0000000 0.0000000 0.0000000 0.0000000 0.0000000 0.0000000 0.0000000 0.0000000 0.0000000 0.0000000 0.0000000 0.0000000 0.0000000 0.0000000 0.0000000 0.0000000 0.0000000 0.0000000 0.0000000 0.0000000 0.0000000 0.0000000 0.0000000 0.0000000 0.0000000 0.0000000 0.0000000  1.0000000 0.0000000 0.0000000 0.0000000 0.0000000 0.0000000 0.0000000 0.0000000 0.0000000 0.0000000 0.0000000 0.0000000  0.0000010 0.0000000 0.0000000 0.0000000 0.0000000 0.0000000 0.0000000 0.0000000 0.0000000 0.0000000 0.0000000 0.0000000 0.0000000 0.0000000 0.0000000 0.0000000 0.0000000  0.0000010 0.0000000 0.0000000 0.0000000 0.0000000 0.0000000 0.0000000  0.0000010 0.0000000 0.0000000 0.0000000 0.0000000 0.0000000 0.0000000 0.0000000 0.0000000 0.0000000 0.0000000 0.0000000 0.0000000 0.0000000 0.0000000 0.0000000 0.0000000 0.0000000 0.0000000 0.0000000 0.0000000 0.0000000 0.0000000 0.0000000 0.0000000 0.0000000 0.0000000 0.0000000 0.0000000 0.0000000 0.0000000 -0.0052729 -0.0029060  0.0002090  0.0034299  0.0035130  0.0036389  0.0052620
NP_CT10n5                          0.0000000 -0.0000010 0.0000000  0.0000010  0.0000010 0.0000000 0.0000000 0.0000000 0.0000000 0.0000000 0.0000000 0.0000000 0.0000000 0.0000000 0.0000000  0.0000010 -0.0000010 0.0000000 0.0000000  0.0000010 0.0000000 0.0000000 0.0000000 0.0000000 0.0000000 0.0000000 -0.0000020  0.0000020 0.0000000 0.0000000 0.0000000 0.0000000 0.0000000 0.0000000 0.0000000 0.0000000 0.0000000 0.0000000 0.0000000 0.0000000 -0.0000010 0.0000000 0.0000000 0.0000000 0.0000000 0.0000000 0.0000000 0.0000000 0.0000000 0.0000000 0.0000000 0.0000000 0.0000000  0.0000010 0.0000000  1.0000000 0.0000000 0.0000000 0.0000000 0.0000000 0.0000000 0.0000000 0.0000000 -0.0000010 0.0000000 0.0000000  0.0000020  0.0000010 0.0000000 0.0000000 -0.0000010 0.0000000 0.0000000 0.0000000 -0.0000010  0.0000010 -0.0000010  0.0000010  0.0000010  0.0000020 0.0000000 -0.0000020 0.0000000  0.0000020 0.0000000 0.0000000  0.0000010 0.0000000 -0.0000010 0.0000000  0.0000020 0.0000000 -0.0000010 0.0000000 0.0000000 0.0000000 -0.0000010 0.0000000  0.0000010 0.0000000 0.0000000 0.0000000 0.0000000  0.0000010 0.0000000 0.0000000 -0.0000010 0.0000000 0.0000000 0.0000000 0.0000000 0.0000000 0.0000000 0.0000000 0.0000000 0.0000000 -0.0000010 -0.0000020  0.0000010 0.0000000 0.0000000 -0.0250660 -0.0170240  0.0005440  0.0200880  0.0199870  0.0191659  0.0233629
NP_CT10n50                         0.0000000 0.0000000 0.0000000 0.0000000 -0.0000010 0.0000000 0.0000000 0.0000000 0.0000000 0.0000000 0.0000000 0.0000000 0.0000000 0.0000000 0.0000000 0.0000000  0.0000010 0.0000000 0.0000000 0.0000000 0.0000000 0.0000000 0.0000000 0.0000000 0.0000000 0.0000000  0.0000010 -0.0000010 0.0000000 0.0000000 0.0000000 0.0000000 0.0000000 0.0000000 0.0000000 0.0000000 0.0000000 0.0000000 0.0000000 0.0000000 0.0000000 0.0000000 0.0000000 0.0000000 0.0000000 0.0000000 0.0000000 0.0000000 0.0000000 0.0000000 0.0000000 0.0000000 0.0000000 -0.0000010 0.0000000 0.0000000  1.0000000 0.0000000 0.0000000 0.0000000 0.0000000 0.0000000 0.0000000 0.0000000 0.0000000 0.0000000 -0.0000020 -0.0000010 0.0000000 0.0000000 0.0000000 0.0000000 0.0000000 0.0000000 0.0000000 -0.0000010 0.0000000 -0.0000010 0.0000000 -0.0000010 0.0000000  0.0000010 0.0000000 -0.0000010 0.0000000 0.0000000 -0.0000010 0.0000000 0.0000000 0.0000000 -0.0000010 0.0000000  0.0000010 0.0000000 0.0000000 0.0000000  0.0000010 0.0000000 0.0000000 0.0000000 0.0000000 0.0000000 0.0000000 -0.0000010 0.0000000 0.0000000 0.0000000 0.0000000 0.0000000 0.0000000 0.0000000 0.0000000 0.0000000 0.0000000 0.0000000 0.0000000  0.0000010  0.0000010 0.0000000 0.0000000 0.0000000  0.0172420  0.0084620 -0.0014210 -0.0122939 -0.0105109 -0.0149940 -0.0126429
NP_CT10n51                         0.0000000 0.0000000 0.0000000 0.0000000 0.0000000 0.0000000 0.0000000 0.0000000 0.0000000 0.0000000 0.0000000 0.0000000 0.0000000 0.0000000 0.0000000 0.0000000 -0.0000010 0.0000000 0.0000000 0.0000000 0.0000000 0.0000000 0.0000000 0.0000000 0.0000000 0.0000000 -0.0000010  0.0000010 0.0000000 0.0000000 0.0000000 0.0000000 0.0000000 0.0000000 0.0000000 0.0000000 0.0000000 0.0000000 0.0000000 0.0000000 0.0000000 0.0000000 0.0000000 0.0000000 0.0000000 0.0000000 0.0000000 0.0000000 0.0000000 0.0000000 0.0000000 0.0000000 0.0000000  0.0000010 0.0000000 0.0000000 0.0000000  1.0000000 0.0000000 0.0000000 0.0000000 0.0000000 0.0000000 0.0000000 0.0000000 0.0000000  0.0000010  0.0000010 0.0000000 0.0000000 0.0000000 0.0000000 0.0000000 0.0000000 0.0000000  0.0000010 0.0000000  0.0000010 0.0000000  0.0000010 0.0000000 -0.0000010 0.0000000  0.0000010 0.0000000 0.0000000  0.0000010 0.0000000 0.0000000 0.0000000  0.0000010 0.0000000 -0.0000010 0.0000000 0.0000000 0.0000000 -0.0000010 0.0000000 0.0000000 0.0000000 0.0000000 0.0000000 0.0000000  0.0000010 0.0000000 0.0000000 0.0000000 0.0000000 0.0000000 0.0000000 0.0000000 0.0000000 0.0000000 0.0000000 0.0000000 0.0000000 -0.0000010 -0.0000010 0.0000000 0.0000000 0.0000000 -0.0190260 -0.0077749  0.0033019  0.0133039  0.0097929  0.0112479  0.0119340
NP_CT10n52                         0.0000000 -0.0000020 0.0000000  0.0000020  0.0000030 -0.0000010 0.0000000 0.0000000 0.0000000 0.0000000 0.0000000  0.0000010 0.0000000 0.0000000 0.0000000  0.0000020 -0.0000030 0.0000000 0.0000000  0.0000020 -0.0000010 -0.0000010 0.0000000  0.0000010 -0.0000010  0.0000010 -0.0000050  0.0000050 0.0000000  0.0000010 -0.0000010  0.0000010  0.0000010 0.0000000 0.0000000 -0.0000010  0.0000010  0.0000010 0.0000000  0.0000010 -0.0000010 0.0000000 0.0000000 0.0000000 0.0000000 0.0000000 0.0000000 0.0000000 0.0000000 0.0000000 0.0000000 0.0000000 -0.0000010  0.0000030 0.0000000 0.0000000 0.0000000 0.0000000  1.0000000 0.0000000  0.0000010 -0.0000010 0.0000000 -0.0000020  0.0000010 0.0000000  0.0000080  0.0000040  0.0000010 0.0000000 -0.0000020 0.0000000 0.0000000  0.0000010 -0.0000020  0.0000040 -0.0000020  0.0000030  0.0000010  0.0000060  0.0000010 -0.0000050 0.0000000  0.0000060 0.0000000 0.0000000  0.0000040 -0.0000010 -0.0000020 0.0000000  0.0000060 0.0000000 -0.0000030  0.0000010 -0.0000010  0.0000010 -0.0000030  0.0000010  0.0000020 -0.0000010 0.0000000 0.0000000 -0.0000010  0.0000040 0.0000000 0.0000000 -0.0000020 0.0000000 0.0000000 0.0000000 0.0000000 0.0000000 -0.0000010 0.0000000  0.0000010 0.0000000 -0.0000040 -0.0000050  0.0000010 0.0000000 0.0000000 -0.0886080 -0.0439879  0.0077489  0.0651069  0.0505989  0.0688799  0.0628630
NP_CT10n6                          0.0000000  0.0000010 0.0000000 -0.0000010 -0.0000010 0.0000000 0.0000000 0.0000000 0.0000000 0.0000000 0.0000000 0.0000000 0.0000000 0.0000000 0.0000000 -0.0000010  0.0000010 0.0000000 0.0000000 0.0000000 0.0000000 0.0000000 0.0000000 0.0000000 0.0000000 0.0000000  0.0000010 -0.0000020 0.0000000 0.0000000 0.0000000 0.0000000 0.0000000 0.0000000 0.0000000 0.0000000 0.0000000 0.0000000 0.0000000 0.0000000 0.0000000 0.0000000 0.0000000 0.0000000 0.0000000 0.0000000 0.0000000 0.0000000 0.0000000 0.0000000 0.0000000 0.0000000 0.0000000 -0.0000010 0.0000000 0.0000000 0.0000000 0.0000000 0.0000000  1.0000000 0.0000000 0.0000000 0.0000000  0.0000010 0.0000000 0.0000000 -0.0000020 -0.0000010 0.0000000 0.0000000  0.0000010 0.0000000 0.0000000 0.0000000  0.0000010 -0.0000010 0.0000000 -0.0000010 0.0000000 -0.0000020 0.0000000  0.0000020 0.0000000 -0.0000020 0.0000000 0.0000000 -0.0000010 0.0000000  0.0000010 0.0000000 -0.0000020 0.0000000  0.0000010 0.0000000 0.0000000 0.0000000  0.0000010 0.0000000 -0.0000010 0.0000000 0.0000000 0.0000000 0.0000000 -0.0000010 0.0000000 0.0000000  0.0000010 0.0000000 0.0000000 0.0000000 0.0000000 0.0000000 0.0000000 0.0000000 0.0000000 0.0000000  0.0000010  0.0000020 0.0000000 0.0000000 0.0000000  0.0219750  0.0148319 -0.0005970 -0.0176609 -0.0174449 -0.0166609 -0.0203170
NP_CT10n7                          0.0000000  0.0000020 0.0000000 -0.0000020 -0.0000030  0.0000010 0.0000000 0.0000000 0.0000000 0.0000000 0.0000000 -0.0000010 0.0000000 0.0000000 0.0000000 -0.0000020  0.0000030 0.0000000 0.0000000 -0.0000020  0.0000010  0.0000010 0.0000000 -0.0000010  0.0000010 -0.0000010  0.0000050 -0.0000050 0.0000000 -0.0000010  0.0000010 -0.0000010 -0.0000010 0.0000000 0.0000000  0.0000010 -0.0000010 -0.0000010 0.0000000 -0.0000010  0.0000010 0.0000000 0.0000000 0.0000000 0.0000000 0.0000000 0.0000000 0.0000000 0.0000000 0.0000000 0.0000000 0.0000000  0.0000010 -0.0000030 0.0000000 0.0000000 0.0000000 0.0000000  0.0000010 0.0000000  1.0000000  0.0000010 0.0000000  0.0000020 -0.0000010 0.0000000 -0.0000080 -0.0000040 -0.0000010 0.0000000  0.0000020 0.0000000 0.0000000 -0.0000010  0.0000020 -0.0000040  0.0000020 -0.0000030 -0.0000010 -0.0000060 -0.0000010  0.0000050 0.0000000 -0.0000060 0.0000000 0.0000000 -0.0000040  0.0000010  0.0000020 0.0000000 -0.0000060 0.0000000  0.0000030 -0.0000010  0.0000010 -0.0000010  0.0000030 -0.0000010 -0.0000020  0.0000010 0.0000000 0.0000000  0.0000010 -0.0000040 0.0000000 0.0000000  0.0000020 0.0000000 0.0000000 0.0000000 0.0000000 0.0000000  0.0000010 0.0000000 -0.0000010 0.0000000  0.0000040  0.0000050 -0.0000010 0.0000000 0.0000000  0.0582150  0.0336190  0.0048719 -0.0439589 -0.0450670 -0.0663409 -0.0637960
NP_CT10n8                          0.0000000 -0.0000020 0.0000000  0.0000020  0.0000020 -0.0000010 0.0000000 0.0000000 0.0000000 0.0000000 0.0000000 0.0000000 0.0000000 0.0000000 0.0000000  0.0000020 -0.0000030 0.0000000 0.0000000  0.0000010 -0.0000010 -0.0000010 0.0000000 0.0000000 -0.0000010  0.0000010 -0.0000040  0.0000040 0.0000000 0.0000000 -0.0000010 0.0000000 0.0000000 0.0000000 0.0000000 -0.0000010  0.0000010  0.0000010 0.0000000  0.0000010 -0.0000010 0.0000000 0.0000000 0.0000000 0.0000000 0.0000000 0.0000000 0.0000000 0.0000000 0.0000000 0.0000000 0.0000000 -0.0000010  0.0000020 0.0000000 0.0000000 0.0000000 0.0000000 -0.0000010 0.0000000  0.0000010  1.0000000 0.0000000 -0.0000020 0.0000000 0.0000000  0.0000070  0.0000030  0.0000010 0.0000000 -0.0000010 0.0000000 0.0000000  0.0000010 -0.0000010  0.0000030 -0.0000010  0.0000030  0.0000010  0.0000050  0.0000010 -0.0000040 0.0000000  0.0000050 0.0000000 0.0000000  0.0000040 -0.0000010 -0.0000020 0.0000000  0.0000050 0.0000000 -0.0000020 0.0000000 -0.0000010  0.0000010 -0.0000030  0.0000010  0.0000020 -0.0000010 0.0000000 0.0000000 -0.0000010  0.0000030 0.0000000 0.0000000 -0.0000020 0.0000000 0.0000000 0.0000000 0.0000000 0.0000000 -0.0000010 0.0000000 0.0000000 0.0000000 -0.0000040 -0.0000040  0.0000010 0.0000000 0.0000000 -0.0480420 -0.0278860 -0.0048019  0.0359070  0.0375629  0.0560859  0.0538119
NP_CT10n9                          0.0000000 0.0000000 0.0000000 0.0000000 0.0000000 0.0000000 0.0000000 0.0000000 0.0000000 0.0000000 0.0000000 0.0000000 0.0000000 0.0000000 0.0000000 0.0000000 0.0000000 0.0000000 0.0000000 0.0000000 0.0000000 0.0000000 0.0000000 0.0000000 0.0000000 0.0000000 0.0000000 0.0000000 0.0000000 0.0000000 0.0000000 0.0000000 0.0000000 0.0000000 0.0000000 0.0000000 0.0000000 0.0000000 0.0000000 0.0000000 0.0000000 0.0000000 0.0000000 0.0000000 0.0000000 0.0000000 0.0000000 0.0000000 0.0000000 0.0000000 0.0000000 0.0000000 0.0000000 0.0000000 0.0000000 0.0000000 0.0000000 0.0000000 0.0000000 0.0000000 0.0000000 0.0000000  1.0000000 0.0000000 0.0000000 0.0000000 0.0000000 0.0000000 0.0000000 0.0000000 0.0000000 0.0000000 0.0000000 0.0000000 0.0000000 0.0000000 0.0000000 0.0000000 0.0000000 0.0000000 0.0000000 0.0000000 0.0000000 0.0000000 0.0000000 0.0000000 0.0000000 0.0000000 0.0000000 0.0000000 0.0000000 0.0000000 0.0000000 0.0000000 0.0000000 0.0000000 0.0000000 0.0000000 0.0000000 0.0000000 0.0000000 0.0000000 0.0000000 0.0000000 0.0000000 0.0000000 0.0000000 0.0000000 0.0000000 0.0000000 0.0000000 0.0000000 0.0000000 0.0000000 0.0000000 0.0000000 0.0000000 0.0000000 0.0000000 0.0000000 0.0000000  0.0010250  0.0018829  0.0013790 -0.0002840 -0.0015360 -0.0047540 -0.0031480
NP_ctautag                         0.0000000 -0.0000030 0.0000000  0.0000020  0.0000030 -0.0000010 0.0000000 0.0000000 0.0000000 0.0000000 0.0000000  0.0000010 0.0000000 0.0000000 0.0000000  0.0000020 -0.0000040 0.0000000 0.0000000  0.0000020 -0.0000010 -0.0000010 -0.0000010  0.0000010 -0.0000020  0.0000010 -0.0000060  0.0000070 0.0000000  0.0000010 -0.0000010  0.0000010  0.0000010 0.0000000 0.0000000 -0.0000010  0.0000010  0.0000010  0.0000010  0.0000010 -0.0000020 0.0000000 0.0000000 0.0000000 0.0000000 0.0000000  0.0000010 0.0000000 0.0000000 0.0000000 0.0000000 0.0000000 -0.0000010  0.0000030 0.0000000 -0.0000010 0.0000000 0.0000000 -0.0000020  0.0000010  0.0000020 -0.0000020 0.0000000  1.0000000  0.0000010 0.0000000  0.0000100  0.0000050  0.0000010 0.0000000 -0.0000020 0.0000000 0.0000000  0.0000010 -0.0000020  0.0000050 -0.0000020  0.0000040  0.0000020  0.0000070  0.0000010 -0.0000060  0.0000010  0.0000080 0.0000000 0.0000000  0.0000060 -0.0000010 -0.0000020 0.0000000  0.0000080 0.0000000 -0.0000040  0.0000010 -0.0000020  0.0000010 -0.0000040  0.0000020  0.0000030 -0.0000010 0.0000000 0.0000000 -0.0000010  0.0000050 0.0000000 0.0000000 -0.0000030  0.0000010 0.0000000 0.0000000 0.0000000 0.0000000 -0.0000020 0.0000000  0.0000010 0.0000000 -0.0000060 -0.0000060  0.0000020 0.0000000 0.0000000 -0.0262940 -0.0215440 -0.0117050  0.0065579  0.0257579  0.0659170  0.0815690
NP_Electronr                       0.0000000  0.0000010 0.0000000 -0.0000010 -0.0000010 0.0000000 0.0000000 0.0000000 0.0000000 0.0000000 0.0000000 0.0000000 0.0000000 0.0000000 0.0000000 -0.0000010  0.0000010 0.0000000 0.0000000 -0.0000010 0.0000000 0.0000000 0.0000000 0.0000000  0.0000010 0.0000000  0.0000020 -0.0000020 0.0000000 0.0000000 0.0000000 0.0000000 0.0000000 0.0000000 0.0000000 0.0000000 0.0000000 0.0000000 0.0000000 0.0000000  0.0000010 0.0000000 0.0000000 0.0000000 0.0000000 0.0000000 0.0000000 0.0000000 0.0000000 0.0000000 0.0000000 0.0000000 0.0000000 -0.0000010 0.0000000 0.0000000 0.0000000 0.0000000  0.0000010 0.0000000 -0.0000010 0.0000000 0.0000000  0.0000010  1.0000000 0.0000000 -0.0000040 -0.0000020 0.0000000 0.0000000  0.0000010 0.0000000 0.0000000 0.0000000  0.0000010 -0.0000020  0.0000010 -0.0000010 -0.0000010 -0.0000020 -0.0000010  0.0000020 0.0000000 -0.0000030 0.0000000 0.0000000 -0.0000020 0.0000000  0.0000010 0.0000000 -0.0000020 0.0000000  0.0000010 0.0000000 0.0000000 0.0000000  0.0000010 -0.0000010 -0.0000010  0.0000010 0.0000000 0.0000000 0.0000000 -0.0000020 0.0000000 0.0000000  0.0000010 0.0000000 0.0000000 0.0000000 0.0000000 0.0000000  0.0000010 0.0000000 0.0000000 0.0000000  0.0000020  0.0000020 -0.0000010 0.0000000 0.0000000 -0.0322619  0.0230199 -0.0041960  0.0075240 -0.0026359  0.0078410 -0.0276479
NP_Electrons                       0.0000000 0.0000000 0.0000000 0.0000000 0.0000000 0.0000000 0.0000000 0.0000000 0.0000000 0.0000000 0.0000000 0.0000000 0.0000000 0.0000000 0.0000000 0.0000000 0.0000000 0.0000000 0.0000000 0.0000000 0.0000000 0.0000000 0.0000000 0.0000000 0.0000000 0.0000000 0.0000000 0.0000000 0.0000000 0.0000000 0.0000000 0.0000000 0.0000000 0.0000000 0.0000000 0.0000000 0.0000000 0.0000000 0.0000000 0.0000000 0.0000000 0.0000000 0.0000000 0.0000000 0.0000000 0.0000000 0.0000000 0.0000000 0.0000000 0.0000000 0.0000000 0.0000000 0.0000000 0.0000000 0.0000000 0.0000000 0.0000000 0.0000000 0.0000000 0.0000000 0.0000000 0.0000000 0.0000000 0.0000000 0.0000000  1.0000000 0.0000000 0.0000000 0.0000000 0.0000000 0.0000000 0.0000000 0.0000000 0.0000000 0.0000000 0.0000000 0.0000000 0.0000000 0.0000000 0.0000000 0.0000000 0.0000000 0.0000000 0.0000000 0.0000000 0.0000000 0.0000000 0.0000000 0.0000000 0.0000000 0.0000000 0.0000000 0.0000000 0.0000000 0.0000000 0.0000000 0.0000000 0.0000000 0.0000000 0.0000000 0.0000000 0.0000000 0.0000000 0.0000000 0.0000000 0.0000000 0.0000000 0.0000000 0.0000000 0.0000000 0.0000000 0.0000000 0.0000000 0.0000000 0.0000000 0.0000000 0.0000000 0.0000000 0.0000000 0.0000000 0.0000000 -0.0458980 -0.0108190  0.0056309  0.0024510  0.0378939  0.0785529  0.0027980
NP_JetBJesUnc                      -0.0000010  0.0000130 0.0000000 -0.0000100 -0.0000140  0.0000060 0.0000000 0.0000000 0.0000000 -0.0000010 0.0000000 -0.0000030 0.0000000 -0.0000010 0.0000000 -0.0000110  0.0000170 0.0000000 0.0000000 -0.0000090  0.0000050  0.0000050  0.0000030 -0.0000030  0.0000080 -0.0000060  0.0000250 -0.0000280  0.0000020 -0.0000030  0.0000030 -0.0000030 -0.0000030 0.0000000  0.0000020  0.0000040 -0.0000040 -0.0000050 -0.0000020 -0.0000060  0.0000070  0.0000010 -0.0000010  0.0000020 0.0000000  0.0000010 -0.0000020  0.0000010 -0.0000020  0.0000020 0.0000000 0.0000000  0.0000050 -0.0000150  0.0000010  0.0000020 -0.0000020  0.0000010  0.0000080 -0.0000020 -0.0000080  0.0000070 0.0000000  0.0000100 -0.0000040 0.0000000  1.0000000 -0.0000220 -0.0000060  0.0000010  0.0000100 0.0000000 0.0000000 -0.0000060  0.0000100 -0.0000210  0.0000090 -0.0000170 -0.0000080 -0.0000310 -0.0000060  0.0000280 -0.0000030 -0.0000330 0.0000000 -0.0000010 -0.0000260  0.0000040  0.0000100  0.0000010 -0.0000350 -0.0000010  0.0000160 -0.0000030  0.0000070 -0.0000040  0.0000190 -0.0000070 -0.0000110  0.0000060  0.0000020 0.0000000  0.0000060 -0.0000200 -0.0000010 0.0000000  0.0000130 -0.0000030 0.0000000 0.0000000 0.0000000 0.0000000  0.0000070  0.0000010 -0.0000030 -0.0000010  0.0000250  0.0000270 -0.0000080 -0.0000020 0.0000000  0.0580530  0.0620189  0.0617790 -0.0035710 -0.0759439 -0.2675460 -0.3529200
NP_JetEtaIntercalibrationModel     0.0000000  0.0000060 0.0000000 -0.0000050 -0.0000080  0.0000030 0.0000000 0.0000000 0.0000000 0.0000000 0.0000000 -0.0000010 0.0000000 0.0000000 0.0000000 -0.0000050  0.0000080 0.0000000 0.0000000 -0.0000050  0.0000020  0.0000030  0.0000010 -0.0000010  0.0000040 -0.0000030  0.0000130 -0.0000150  0.0000010 -0.0000020  0.0000020 -0.0000010 -0.0000010 0.0000000  0.0000010  0.0000020 -0.0000020 -0.0000030 -0.0000010 -0.0000030  0.0000040 0.0000000 0.0000000  0.0000010 0.0000000 0.0000000 -0.0000010  0.0000010 -0.0000010  0.0000010 0.0000000 0.0000000  0.0000030 -0.0000080 0.0000000  0.0000010 -0.0000010  0.0000010  0.0000040 -0.0000010 -0.0000040  0.0000030 0.0000000  0.0000050 -0.0000020 0.0000000 -0.0000220  1.0000000 -0.0000030  0.0000010  0.0000050 0.0000000 0.0000000 -0.0000030  0.0000050 -0.0000100  0.0000040 -0.0000090 -0.0000040 -0.0000160 -0.0000030  0.0000140 -0.0000020 -0.0000170 0.0000000 0.0000000 -0.0000130  0.0000020  0.0000050 0.0000000 -0.0000180 0.0000000  0.0000080 -0.0000020  0.0000040 -0.0000020  0.0000100 -0.0000040 -0.0000060  0.0000030  0.0000010 0.0000000  0.0000030 -0.0000110 0.0000000 0.0000000  0.0000070 -0.0000010 0.0000000 0.0000000 0.0000000 0.0000000  0.0000040 0.0000000 -0.0000020 0.0000000  0.0000130  0.0000140 -0.0000040 -0.0000010 0.0000000  0.0826729  0.0892460  0.0272680 -0.0851480 -0.1394009  0.0179230 -0.1806180
NP_JetEtaIntercalibrationTotalStat 0.0000000  0.0000020 0.0000000 -0.0000010 -0.0000020  0.0000010 0.0000000 0.0000000 0.0000000 0.0000000 0.0000000 0.0000000 0.0000000 0.0000000 0.0000000 -0.0000010  0.0000020 0.0000000 0.0000000 -0.0000010  0.0000010  0.0000010 0.0000000 0.0000000  0.0000010 -0.0000010  0.0000030 -0.0000040 0.0000000 0.0000000 0.0000000 0.0000000 0.0000000 0.0000000 0.0000000  0.0000010 -0.0000010 -0.0000010 0.0000000 -0.0000010  0.0000010 0.0000000 0.0000000 0.0000000 0.0000000 0.0000000 0.0000000 0.0000000 0.0000000 0.0000000 0.0000000 0.0000000  0.0000010 -0.0000020 0.0000000 0.0000000 0.0000000 0.0000000  0.0000010 0.0000000 -0.0000010  0.0000010 0.0000000  0.0000010 0.0000000 0.0000000 -0.0000060 -0.0000030  1.0000000 0.0000000  0.0000010 0.0000000 0.0000000 -0.0000010  0.0000010 -0.0000030  0.0000010 -0.0000020 -0.0000010 -0.0000040 -0.0000010  0.0000040 0.0000000 -0.0000040 0.0000000 0.0000000 -0.0000030  0.0000010  0.0000010 0.0000000 -0.0000050 0.0000000  0.0000020 0.0000000  0.0000010 -0.0000010  0.0000030 -0.0000010 -0.0000020  0.0000010 0.0000000 0.0000000  0.0000010 -0.0000030 0.0000000 0.0000000  0.0000020 0.0000000 0.0000000 0.0000000 0.0000000 0.0000000  0.0000010 0.0000000 0.0000000 0.0000000  0.0000040  0.0000040 -0.0000010 0.0000000 0.0000000 -0.0176009  0.0260029  0.0404460 -0.0531859 -0.0192790  0.0400140 -0.0478639
NP_Jetflavorcomp                   0.0000000 0.0000000 0.0000000 0.0000000  0.0000010 0.0000000 0.0000000 0.0000000 0.0000000 0.0000000 0.0000000 0.0000000 0.0000000 0.0000000 0.0000000 0.0000000 -0.0000010 0.0000000 0.0000000  0.0000010 0.0000000 0.0000000 0.0000000 0.0000000 0.0000000 0.0000000 -0.0000010  0.0000010 0.0000000 0.0000000 0.0000000 0.0000000 0.0000000 0.0000000 0.0000000 0.0000000 0.0000000 0.0000000 0.0000000 0.0000000 0.0000000 0.0000000 0.0000000 0.0000000 0.0000000 0.0000000 0.0000000 0.0000000 0.0000000 0.0000000 0.0000000 0.0000000 0.0000000  0.0000010 0.0000000 0.0000000 0.0000000 0.0000000 0.0000000 0.0000000 0.0000000 0.0000000 0.0000000 0.0000000 0.0000000 0.0000000  0.0000010  0.0000010 0.0000000  1.0000000 0.0000000 0.0000000 0.0000000 0.0000000 0.0000000 0.0000000 0.0000000 0.0000000 0.0000000  0.0000010 0.0000000 0.0000000 0.0000000  0.0000010 0.0000000 0.0000000 -0.0000020 0.0000000 0.0000000 0.0000000  0.0000010 0.0000000 0.0000000 0.0000000 0.0000000 0.0000000 0.0000000 0.0000000 0.0000000 0.0000000 0.0000000 0.0000000 0.0000000 0.0000000 0.0000000 0.0000000 0.0000000 0.0000000 0.0000000 0.0000000 0.0000000 0.0000000 0.0000000 0.0000000 0.0000000 0.0000000 0.0000000 -0.0000010 0.0000000 0.0000000 0.0000000 -0.1408959 -0.1067310 -0.0013970  0.1824780  0.0668600  0.1832769  0.0070590
NP_Jetflavorresponse               0.0000000 -0.0000030 0.0000000  0.0000020  0.0000030 -0.0000010 0.0000000 0.0000000 0.0000000 0.0000000 0.0000000  0.0000010 0.0000000 0.0000000 0.0000000  0.0000020 -0.0000040 0.0000000 0.0000000  0.0000020 -0.0000010 -0.0000010 -0.0000010  0.0000010 -0.0000020  0.0000010 -0.0000050  0.0000060 0.0000000  0.0000010 -0.0000010  0.0000010  0.0000010 0.0000000 0.0000000 -0.0000010  0.0000010  0.0000010  0.0000010  0.0000010 -0.0000020 0.0000000 0.0000000 0.0000000 0.0000000 0.0000000  0.0000010 0.0000000 0.0000000 0.0000000 0.0000000 0.0000000 -0.0000010  0.0000030 0.0000000 -0.0000010 0.0000000 0.0000000 -0.0000020  0.0000010  0.0000020 -0.0000010 0.0000000 -0.0000020  0.0000010 0.0000000  0.0000100  0.0000050  0.0000010 0.0000000  1.0000000 0.0000000 0.0000000  0.0000010 -0.0000030  0.0000050 -0.0000020  0.0000040  0.0000020  0.0000070  0.0000020 -0.0000070  0.0000010  0.0000070 0.0000000 0.0000000  0.0000070 -0.0000010 -0.0000020 0.0000000  0.0000080 0.0000000 -0.0000040  0.0000010 -0.0000010  0.0000010 -0.0000040  0.0000020  0.0000030 -0.0000010 0.0000000 0.0000000 -0.0000010  0.0000050 0.0000000 0.0000000 -0.0000030  0.0000010 0.0000000 0.0000000 0.0000000 0.0000000 -0.0000020 0.0000000  0.0000010 0.0000000 -0.0000060 -0.0000060  0.0000020 0.0000000 0.0000000  0.0706200  0.0135750 -0.0142360 -0.0772280  0.0510429 -0.1032219  0.0831780
NP_Jetjeff                         0.0000000 0.0000000 0.0000000 0.0000000 0.0000000 0.0000000 0.0000000 0.0000000 0.0000000 0.0000000 0.0000000 0.0000000 0.0000000 0.0000000 0.0000000 0.0000000 0.0000000 0.0000000 0.0000000 0.0000000 0.0000000 0.0000000 0.0000000 0.0000000 0.0000000 0.0000000 0.0000000 0.0000000 0.0000000 0.0000000 0.0000000 0.0000000 0.0000000 0.0000000 0.0000000 0.0000000 0.0000000 0.0000000 0.0000000 0.0000000 0.0000000 0.0000000 0.0000000 0.0000000 0.0000000 0.0000000 0.0000000 0.0000000 0.0000000 0.0000000 0.0000000 0.0000000 0.0000000 0.0000000 0.0000000 0.0000000 0.0000000 0.0000000 0.0000000 0.0000000 0.0000000 0.0000000 0.0000000 0.0000000 0.0000000 0.0000000 0.0000000 0.0000000 0.0000000 0.0000000 0.0000000  1.0000000 0.0000000 0.0000000 0.0000000 0.0000000 0.0000000 0.0000000 0.0000000 0.0000000 0.0000000 0.0000000 0.0000000 0.0000000 0.0000000 0.0000000 0.0000000 0.0000000 0.0000000 0.0000000 0.0000000 0.0000000 0.0000000 0.0000000 0.0000000 0.0000000 0.0000000 0.0000000 0.0000000 0.0000000 0.0000000 0.0000000 0.0000000 0.0000000 0.0000000 0.0000000 0.0000000 0.0000000 0.0000000 0.0000000 0.0000000 0.0000000 0.0000000 0.0000000 0.0000000 0.0000000 0.0000000 0.0000000 0.0000000 0.0000000 0.0000000  0.0043699  0.0028509 -0.0018950 -0.0039090 -0.0074720  0.0091819 -0.0018829
NP_JetJERdiff                      0.0000000 0.0000000 0.0000000 0.0000000 0.0000000 0.0000000 0.0000000 0.0000000 0.0000000 0.0000000 0.0000000 0.0000000 0.0000000 0.0000000 0.0000000 0.0000000 0.0000000 0.0000000 0.0000000 0.0000000 0.0000000 0.0000000 0.0000000 0.0000000 0.0000000 0.0000000 0.0000000 0.0000000 0.0000000 0.0000000 0.0000000 0.0000000 0.0000000 0.0000000 0.0000000 0.0000000 0.0000000 0.0000000 0.0000000 0.0000000 0.0000000 0.0000000 0.0000000 0.0000000 0.0000000 0.0000000 0.0000000 0.0000000 0.0000000 0.0000000 0.0000000 0.0000000 0.0000000 0.0000000 0.0000000 0.0000000 0.0000000 0.0000000 0.0000000 0.0000000 0.0000000 0.0000000 0.0000000 0.0000000 0.0000000 0.0000000 0.0000000 0.0000000 0.0000000 0.0000000 0.0000000 0.0000000  1.0000000 0.0000000 0.0000000 0.0000000 0.0000000 0.0000000 0.0000000 0.0000000 0.0000000 0.0000000 0.0000000 0.0000000 0.0000000 0.0000000 0.0000000 0.0000000 0.0000000 0.0000000 0.0000000 0.0000000 0.0000000 0.0000000 0.0000000 0.0000000 0.0000000 0.0000000 0.0000000 0.0000000 0.0000000 0.0000000 0.0000000 0.0000000 0.0000000 0.0000000 0.0000000 0.0000000 0.0000000 0.0000000 0.0000000 0.0000000 0.0000000 0.0000000 0.0000000 0.0000000 0.0000000 0.0000000 0.0000000 0.0000000 0.0000000 0.0000000 0.0000000 0.0000000 0.0000000 0.0000000 0.0000000 0.0000000
NP_JetJERnoiseforward              0.0000000  0.0000020 0.0000000 -0.0000010 -0.0000020  0.0000010 0.0000000 0.0000000 0.0000000 0.0000000 0.0000000 0.0000000 0.0000000 0.0000000 0.0000000 -0.0000010  0.0000020 0.0000000 0.0000000 -0.0000010  0.0000010  0.0000010 0.0000000 0.0000000  0.0000010 -0.0000010  0.0000030 -0.0000040 0.0000000 0.0000000 0.0000000 0.0000000 0.0000000 0.0000000 0.0000000  0.0000010 0.0000000 -0.0000010 0.0000000 -0.0000010  0.0000010 0.0000000 0.0000000 0.0000000 0.0000000 0.0000000 0.0000000 0.0000000 0.0000000 0.0000000 0.0000000 0.0000000  0.0000010 -0.0000020 0.0000000 0.0000000 0.0000000 0.0000000  0.0000010 0.0000000 -0.0000010  0.0000010 0.0000000  0.0000010 0.0000000 0.0000000 -0.0000060 -0.0000030 -0.0000010 0.0000000  0.0000010 0.0000000 0.0000000  1.0000000  0.0000010 -0.0000030  0.0000010 -0.0000020 -0.0000010 -0.0000040 -0.0000010  0.0000040 0.0000000 -0.0000040 0.0000000 0.0000000 -0.0000030 0.0000000  0.0000010 0.0000000 -0.0000040 0.0000000  0.0000020 0.0000000  0.0000010 -0.0000010  0.0000020 -0.0000010 -0.0000010  0.0000010 0.0000000 0.0000000  0.0000010 -0.0000030 0.0000000 0.0000000  0.0000020 0.0000000 0.0000000 0.0000000 0.0000000 0.0000000  0.0000010 0.0000000 0.0000000 0.0000000  0.0000030  0.0000030 -0.0000010 0.0000000 0.0000000  0.0074929  0.0015269  0.0064050 -0.0125950  0.0659099 -0.0170510 -0.0452369
NP_JetJERnp0                       0.0000000 -0.0000030 0.0000000  0.0000020  0.0000030 -0.0000010 0.0000000 0.0000000 0.0000000 0.0000000 0.0000000  0.0000010 0.0000000 0.0000000 0.0000000  0.0000020 -0.0000040 0.0000000 0.0000000  0.0000020 -0.0000010 -0.0000010 -0.0000010  0.0000010 -0.0000020  0.0000010 -0.0000050  0.0000060 0.0000000  0.0000010 -0.0000010 0.0000000  0.0000010 0.0000000 0.0000000 -0.0000010  0.0000010  0.0000010  0.0000010  0.0000010 -0.0000020 0.0000000 0.0000000 0.0000000 0.0000000 0.0000000  0.0000010 0.0000000 0.0000000 0.0000000 0.0000000 0.0000000 -0.0000010  0.0000030 0.0000000 -0.0000010 0.0000000 0.0000000 -0.0000020  0.0000010  0.0000020 -0.0000010 0.0000000 -0.0000020  0.0000010 0.0000000  0.0000100  0.0000050  0.0000010 0.0000000 -0.0000030 0.0000000 0.0000000  0.0000010  1.0000000  0.0000050 -0.0000020  0.0000040  0.0000020  0.0000070  0.0000020 -0.0000070  0.0000010  0.0000080 0.0000000 0.0000000  0.0000070 -0.0000010 -0.0000020 0.0000000  0.0000080 0.0000000 -0.0000040  0.0000010 -0.0000010  0.0000010 -0.0000040  0.0000020  0.0000020 -0.0000010 -0.0000010 0.0000000 -0.0000010  0.0000050 0.0000000 0.0000000 -0.0000030  0.0000010 0.0000000 0.0000000 0.0000000 0.0000000 -0.0000020 0.0000000  0.0000010 0.0000000 -0.0000060 -0.0000060  0.0000020 0.0000000 0.0000000  0.0199019  0.0188180  0.0108179 -0.0725920  0.1298960 -0.1618910  0.0830219
NP_JetJERnp1                       0.0000000  0.0000060 0.0000000 -0.0000050 -0.0000060  0.0000030 0.0000000 0.0000000 0.0000000 0.0000000 0.0000000 -0.0000010 0.0000000 0.0000000 0.0000000 -0.0000050  0.0000080 0.0000000 0.0000000 -0.0000040  0.0000020  0.0000020  0.0000010 -0.0000010  0.0000040 -0.0000030  0.0000120 -0.0000130  0.0000010 -0.0000010  0.0000020 -0.0000010 -0.0000010 0.0000000  0.0000010  0.0000020 -0.0000020 -0.0000020 -0.0000010 -0.0000020  0.0000030 0.0000000 0.0000000  0.0000010 0.0000000 0.0000000 -0.0000010  0.0000010 -0.0000010  0.0000010 0.0000000 0.0000000  0.0000030 -0.0000070 0.0000000  0.0000010 -0.0000010  0.0000010  0.0000040 -0.0000010 -0.0000040  0.0000030 0.0000000  0.0000050 -0.0000020 0.0000000 -0.0000210 -0.0000100 -0.0000030 0.0000000  0.0000050 0.0000000 0.0000000 -0.0000030  0.0000050  1.0000000  0.0000050 -0.0000080 -0.0000050 -0.0000150 -0.0000040  0.0000140 -0.0000010 -0.0000170 0.0000000 0.0000000 -0.0000130  0.0000020  0.0000040 0.0000000 -0.0000160 0.0000000  0.0000070 -0.0000010  0.0000030 -0.0000020  0.0000080 -0.0000030 -0.0000060  0.0000030  0.0000010 0.0000000  0.0000030 -0.0000110 0.0000000 0.0000000  0.0000070 -0.0000010 0.0000000 0.0000000 0.0000000 0.0000000  0.0000040 0.0000000 -0.0000010 0.0000000  0.0000120  0.0000130 -0.0000040 -0.0000010 0.0000000  0.0000680  0.0527359 -0.0592550  0.0145459 -0.0339990  0.2760500 -0.1794699
NP_JetJERnp2                       0.0000000 -0.0000030 0.0000000  0.0000020  0.0000030 -0.0000010 0.0000000 0.0000000 0.0000000 0.0000000 0.0000000  0.0000010 0.0000000 0.0000000 0.0000000  0.0000020 -0.0000030 0.0000000 0.0000000  0.0000020 -0.0000010 -0.0000010 -0.0000010  0.0000010 -0.0000020  0.0000010 -0.0000050  0.0000060 0.0000000  0.0000010 -0.0000010  0.0000010  0.0000010 0.0000000 0.0000000 -0.0000010  0.0000010  0.0000010 0.0000000  0.0000010 -0.0000010 0.0000000 0.0000000 0.0000000 0.0000000 0.0000000  0.0000010 0.0000000 0.0000000 0.0000000 0.0000000 0.0000000 -0.0000010  0.0000030 0.0000000 -0.0000010 0.0000000 0.0000000 -0.0000020 0.0000000  0.0000020 -0.0000010 0.0000000 -0.0000020  0.0000010 0.0000000  0.0000090  0.0000040  0.0000010 0.0000000 -0.0000020 0.0000000 0.0000000  0.0000010 -0.0000020  0.0000050  1.0000000  0.0000040  0.0000020  0.0000070  0.0000010 -0.0000060  0.0000010  0.0000060 0.0000000 0.0000000  0.0000070 -0.0000010 -0.0000020 0.0000000  0.0000080 0.0000000 -0.0000030  0.0000010 -0.0000020  0.0000010 -0.0000040  0.0000020  0.0000020 -0.0000010 0.0000000 0.0000000 -0.0000010  0.0000050 0.0000000 0.0000000 -0.0000030  0.0000010 0.0000000 0.0000000 0.0000000 0.0000000 -0.0000020 0.0000000  0.0000010 0.0000000 -0.0000050 -0.0000050  0.0000020 0.0000000 0.0000000 -0.0209030 -0.0167199  0.1039770 -0.0734589  0.0501940 -0.0687910  0.0702809
NP_JetJERnp3                       0.0000000  0.0000050 0.0000000 -0.0000040 -0.0000050  0.0000020 0.0000000 0.0000000 0.0000000 0.0000000 0.0000000 -0.0000010 0.0000000 0.0000000 0.0000000 -0.0000040  0.0000060 0.0000000 0.0000000 -0.0000030  0.0000020  0.0000020  0.0000010 -0.0000010  0.0000030 -0.0000020  0.0000090 -0.0000110  0.0000010 -0.0000010  0.0000010 -0.0000010 -0.0000010 0.0000000  0.0000010  0.0000020 -0.0000020 -0.0000010 -0.0000010 -0.0000020  0.0000030 0.0000000 0.0000000  0.0000010 0.0000000 0.0000000 -0.0000010  0.0000010 -0.0000010  0.0000010 0.0000000 0.0000000  0.0000020 -0.0000050 0.0000000  0.0000010 -0.0000010  0.0000010  0.0000030 -0.0000010 -0.0000030  0.0000030 0.0000000  0.0000040 -0.0000010 0.0000000 -0.0000170 -0.0000090 -0.0000020 0.0000000  0.0000040 0.0000000 0.0000000 -0.0000020  0.0000040 -0.0000080  0.0000040  1.0000000 -0.0000030 -0.0000120 -0.0000020  0.0000110 -0.0000010 -0.0000130 0.0000000 0.0000000 -0.0000110  0.0000010  0.0000040 0.0000000 -0.0000140 0.0000000  0.0000060 -0.0000010  0.0000030 -0.0000020  0.0000070 -0.0000030 -0.0000040  0.0000020  0.0000010 0.0000000  0.0000020 -0.0000080 0.0000000 0.0000000  0.0000050 -0.0000010 0.0000000 0.0000000 0.0000000 0.0000000  0.0000030 0.0000000 -0.0000010 0.0000000  0.0000100  0.0000100 -0.0000030 -0.0000010 0.0000000  0.0595720  0.0292880 -0.0536200  0.0361469 -0.0290949  0.0327249 -0.1382269
NP_JetJERnp4                       0.0000000  0.0000020 0.0000000 -0.0000020 -0.0000030  0.0000010 0.0000000 0.0000000 0.0000000 0.0000000 0.0000000 0.0000000 0.0000000 0.0000000 0.0000000 -0.0000020  0.0000030 0.0000000 0.0000000 -0.0000020  0.0000010  0.0000010 0.0000000 0.0000000  0.0000010 -0.0000010  0.0000040 -0.0000050 0.0000000 -0.0000010  0.0000010 -0.0000010 -0.0000010 0.0000000 0.0000000  0.0000010 -0.0000010 -0.0000010 0.0000000 -0.0000010  0.0000010 0.0000000 0.0000000 0.0000000 0.0000000 0.0000000 0.0000000 0.0000000 0.0000000 0.0000000 0.0000000 0.0000000  0.0000010 -0.0000030 0.0000000  0.0000010 0.0000000 0.0000000  0.0000010 0.0000000 -0.0000010  0.0000010 0.0000000  0.0000020 -0.0000010 0.0000000 -0.0000080 -0.0000040 -0.0000010 0.0000000  0.0000020 0.0000000 0.0000000 -0.0000010  0.0000020 -0.0000050  0.0000020 -0.0000030  1.0000000 -0.0000060 -0.0000020  0.0000060 -0.0000010 -0.0000060 0.0000000 0.0000000 -0.0000050  0.0000010  0.0000020 0.0000000 -0.0000070 0.0000000  0.0000030 0.0000000  0.0000010 -0.0000010  0.0000040 -0.0000010 -0.0000020  0.0000010  0.0000010 0.0000000  0.0000010 -0.0000040 0.0000000 0.0000000  0.0000030 -0.0000010 0.0000000 0.0000000 0.0000000 0.0000000  0.0000010 0.0000000 0.0000000 0.0000000  0.0000050  0.0000050 -0.0000020 0.0000000 0.0000000  0.0144550  0.0202209 -0.0869719  0.0222480 -0.0267680  0.3044640 -0.0701559
NP_JetJERnp5                       0.0000000  0.0000090 0.0000000 -0.0000070 -0.0000090  0.0000040 0.0000000 0.0000000 0.0000000 0.0000000 0.0000000 -0.0000020 0.0000000 0.0000000 0.0000000 -0.0000080  0.0000120 0.0000000 0.0000000 -0.0000060  0.0000030  0.0000040  0.0000020 -0.0000020  0.0000050 -0.0000040  0.0000180 -0.0000200  0.0000010 -0.0000020  0.0000020 -0.0000020 -0.0000020 0.0000000  0.0000010  0.0000030 -0.0000030 -0.0000030 -0.0000020 -0.0000030  0.0000050  0.0000010 -0.0000010  0.0000010 0.0000000 0.0000000 -0.0000020  0.0000010 -0.0000020  0.0000010 0.0000000 0.0000000  0.0000040 -0.0000090 0.0000000  0.0000020 -0.0000010  0.0000010  0.0000060 -0.0000020 -0.0000060  0.0000050 0.0000000  0.0000070 -0.0000020 0.0000000 -0.0000310 -0.0000160 -0.0000040  0.0000010  0.0000070 0.0000000 0.0000000 -0.0000040  0.0000070 -0.0000150  0.0000070 -0.0000120 -0.0000060  1.0000000 -0.0000040  0.0000210 -0.0000020 -0.0000240 0.0000000 -0.0000010 -0.0000200  0.0000030  0.0000070  0.0000010 -0.0000260 -0.0000010  0.0000120 -0.0000020  0.0000050 -0.0000030  0.0000140 -0.0000050 -0.0000080  0.0000050  0.0000010 0.0000000  0.0000040 -0.0000150 0.0000000 0.0000000  0.0000100 -0.0000020 0.0000000 0.0000000 0.0000000 0.0000000  0.0000050  0.0000010 -0.0000020 0.0000000  0.0000190  0.0000190 -0.0000060 -0.0000010 0.0000000 -0.0207999 -0.0626769  0.0258369  0.0820010  0.1450450 -0.1092640 -0.2588360
NP_JetJERnp6                       0.0000000  0.0000020 0.0000000 -0.0000010 -0.0000020  0.0000010 0.0000000 0.0000000 0.0000000 0.0000000 0.0000000 0.0000000 0.0000000 0.0000000 0.0000000 -0.0000010  0.0000020 0.0000000 0.0000000 -0.0000010  0.0000010  0.0000010 0.0000000 0.0000000  0.0000010 -0.0000010  0.0000030 -0.0000040 0.0000000 0.0000000 0.0000000 0.0000000 0.0000000 0.0000000 0.0000000  0.0000010 -0.0000010 -0.0000010 0.0000000 -0.0000010  0.0000010 0.0000000 0.0000000 0.0000000 0.0000000 0.0000000 0.0000000 0.0000000 0.0000000 0.0000000 0.0000000 0.0000000  0.0000010 -0.0000020 0.0000000 0.0000000 0.0000000 0.0000000  0.0000010 0.0000000 -0.0000010  0.0000010 0.0000000  0.0000010 -0.0000010 0.0000000 -0.0000060 -0.0000030 -0.0000010 0.0000000  0.0000020 0.0000000 0.0000000 -0.0000010  0.0000020 -0.0000040  0.0000010 -0.0000020 -0.0000020 -0.0000040  1.0000000  0.0000040 -0.0000010 -0.0000040 0.0000000 0.0000000 -0.0000040  0.0000010  0.0000010 0.0000000 -0.0000050 0.0000000  0.0000020 0.0000000  0.0000010 -0.0000010  0.0000030 -0.0000010 -0.0000010  0.0000010 0.0000000 0.0000000  0.0000010 -0.0000030 0.0000000 0.0000000  0.0000020 -0.0000010 0.0000000 0.0000000 0.0000000 0.0000000  0.0000010 0.0000000 0.0000000 0.0000000  0.0000040  0.0000040 -0.0000010 0.0000000 0.0000000 -0.0460010  0.0213549 -0.0124829  0.0062680 -0.0714650  0.1975639 -0.0501899
NP_JetJERnp7                       0.0000000 -0.0000080 0.0000000  0.0000070  0.0000090 -0.0000040 0.0000000 0.0000000 0.0000000 0.0000000 0.0000000  0.0000020 0.0000000 0.0000000 0.0000000  0.0000070 -0.0000110 0.0000000 0.0000000  0.0000060 -0.0000030 -0.0000030 -0.0000020  0.0000020 -0.0000050  0.0000040 -0.0000160  0.0000180 -0.0000010  0.0000020 -0.0000020  0.0000020  0.0000020 0.0000000 -0.0000010 -0.0000030  0.0000030  0.0000030  0.0000020  0.0000030 -0.0000050 0.0000000 0.0000000 -0.0000010 0.0000000 0.0000000  0.0000020 -0.0000010  0.0000010 -0.0000010 0.0000000 0.0000000 -0.0000040  0.0000100 0.0000000 -0.0000020  0.0000010 -0.0000010 -0.0000050  0.0000020  0.0000050 -0.0000040 0.0000000 -0.0000060  0.0000020 0.0000000  0.0000280  0.0000140  0.0000040 0.0000000 -0.0000070 0.0000000 0.0000000  0.0000040 -0.0000070  0.0000140 -0.0000060  0.0000110  0.0000060  0.0000210  0.0000040  1.0000000  0.0000020  0.0000210 0.0000000  0.0000010  0.0000180 -0.0000030 -0.0000060 -0.0000010  0.0000230  0.0000010 -0.0000100  0.0000020 -0.0000050  0.0000030 -0.0000120  0.0000050  0.0000070 -0.0000040 -0.0000010 0.0000000 -0.0000040  0.0000140 0.0000000 0.0000000 -0.0000090  0.0000020 0.0000000 0.0000000 0.0000000 0.0000000 -0.0000050 -0.0000010  0.0000020 0.0000000 -0.0000170 -0.0000180  0.0000060  0.0000010 0.0000000  0.0547450  0.0280429 -0.0324129 -0.0046519 -0.1461290 -0.0852320  0.2341759
NP_JetJERnp8                       0.0000000  0.0000010 0.0000000 -0.0000010 -0.0000010 0.0000000 0.0000000 0.0000000 0.0000000 0.0000000 0.0000000 0.0000000 0.0000000 0.0000000 0.0000000 -0.0000010  0.0000010 0.0000000 0.0000000 -0.0000010 0.0000000 0.0000000 0.0000000 0.0000000 0.0000000 0.0000000  0.0000020 -0.0000020 0.0000000 0.0000000 0.0000000 0.0000000 0.0000000 0.0000000 0.0000000 0.0000000 0.0000000 0.0000000 0.0000000 0.0000000 0.0000000 0.0000000 0.0000000 0.0000000 0.0000000 0.0000000 0.0000000 0.0000000 0.0000000 0.0000000 0.0000000 0.0000000 0.0000000 -0.0000010 0.0000000 0.0000000 0.0000000 0.0000000 0.0000000 0.0000000 0.0000000 0.0000000 0.0000000  0.0000010 0.0000000 0.0000000 -0.0000030 -0.0000020 0.0000000 0.0000000  0.0000010 0.0000000 0.0000000 0.0000000  0.0000010 -0.0000010  0.0000010 -0.0000010 -0.0000010 -0.0000020 -0.0000010  0.0000020  1.0000000 -0.0000020 0.0000000 0.0000000 -0.0000010 0.0000000  0.0000010 0.0000000 -0.0000020 0.0000000  0.0000010 0.0000000 0.0000000 0.0000000  0.0000010 0.0000000 -0.0000010 0.0000000 0.0000000 0.0000000 0.0000000 -0.0000010 0.0000000 0.0000000  0.0000010 0.0000000 0.0000000 0.0000000 0.0000000 0.0000000 0.0000000 0.0000000 0.0000000 0.0000000  0.0000020  0.0000020 -0.0000010 0.0000000 0.0000000 -0.0435400  0.0501619 -0.0008370 -0.0402329 -0.0352849  0.0998320 -0.0239650
NP_JetJESDet1                      -0.0000010  0.0000100 0.0000000 -0.0000080 -0.0000100  0.0000040 0.0000000 0.0000000 0.0000000 -0.0000010 0.0000000 -0.0000020 0.0000000 0.0000000 0.0000000 -0.0000080  0.0000130 0.0000000 0.0000000 -0.0000070  0.0000040  0.0000040  0.0000020 -0.0000020  0.0000060 -0.0000050  0.0000190 -0.0000220  0.0000010 -0.0000020  0.0000020 -0.0000020 -0.0000020 0.0000000  0.0000010  0.0000030 -0.0000030 -0.0000040 -0.0000020 -0.0000040  0.0000060  0.0000010 -0.0000010  0.0000010 0.0000000 0.0000000 -0.0000020  0.0000010 -0.0000020  0.0000020 0.0000000 0.0000000  0.0000040 -0.0000110  0.0000010  0.0000020 -0.0000010  0.0000010  0.0000060 -0.0000020 -0.0000060  0.0000050 0.0000000  0.0000080 -0.0000030 0.0000000 -0.0000330 -0.0000170 -0.0000040  0.0000010  0.0000070 0.0000000 0.0000000 -0.0000040  0.0000080 -0.0000170  0.0000060 -0.0000130 -0.0000060 -0.0000240 -0.0000040  0.0000210 -0.0000020  1.0000000 0.0000000 -0.0000010 -0.0000190  0.0000030  0.0000070  0.0000010 -0.0000270 -0.0000010  0.0000120 -0.0000020  0.0000060 -0.0000030  0.0000140 -0.0000060 -0.0000090  0.0000050  0.0000010 0.0000000  0.0000050 -0.0000160 -0.0000010 0.0000000  0.0000100 -0.0000020 0.0000000 0.0000000 0.0000000 0.0000000  0.0000050  0.0000010 -0.0000020 0.0000000  0.0000190  0.0000210 -0.0000060 -0.0000010 0.0000000  0.1362099  0.1118090  0.0172689 -0.1129320 -0.1052349 -0.0964969 -0.2692899
NP_JetJESDet2                      0.0000000 0.0000000 0.0000000 0.0000000 0.0000000 0.0000000 0.0000000 0.0000000 0.0000000 0.0000000 0.0000000 0.0000000 0.0000000 0.0000000 0.0000000 0.0000000 0.0000000 0.0000000 0.0000000 0.0000000 0.0000000 0.0000000 0.0000000 0.0000000 0.0000000 0.0000000 0.0000000 0.0000000 0.0000000 0.0000000 0.0000000 0.0000000 0.0000000 0.0000000 0.0000000 0.0000000 0.0000000 0.0000000 0.0000000 0.0000000 0.0000000 0.0000000 0.0000000 0.0000000 0.0000000 0.0000000 0.0000000 0.0000000 0.0000000 0.0000000 0.0000000 0.0000000 0.0000000 0.0000000 0.0000000 0.0000000 0.0000000 0.0000000 0.0000000 0.0000000 0.0000000 0.0000000 0.0000000 0.0000000 0.0000000 0.0000000 0.0000000 0.0000000 0.0000000 0.0000000 0.0000000 0.0000000 0.0000000 0.0000000 0.0000000 0.0000000 0.0000000 0.0000000 0.0000000 0.0000000 0.0000000 0.0000000 0.0000000 0.0000000  1.0000000 0.0000000 0.0000000 0.0000000 0.0000000 0.0000000 0.0000000 0.0000000 0.0000000 0.0000000 0.0000000 0.0000000 0.0000000 0.0000000 0.0000000 0.0000000 0.0000000 0.0000000 0.0000000 0.0000000 0.0000000 0.0000000 0.0000000 0.0000000 0.0000000 0.0000000 0.0000000 0.0000000 0.0000000 0.0000000 0.0000000 0.0000000 0.0000000 0.0000000 0.0000000 0.0000000 0.0000000 -0.0296240 -0.0150960  0.0141580  0.0062810  0.0200029  0.0621060  0.0020089
NP_JetJESDet3                      0.0000000 0.0000000 0.0000000 0.0000000 0.0000000 0.0000000 0.0000000 0.0000000 0.0000000 0.0000000 0.0000000 0.0000000 0.0000000 0.0000000 0.0000000 0.0000000 0.0000000 0.0000000 0.0000000 0.0000000 0.0000000 0.0000000 0.0000000 0.0000000 0.0000000 0.0000000  0.0000010 -0.0000010 0.0000000 0.0000000 0.0000000 0.0000000 0.0000000 0.0000000 0.0000000 0.0000000 0.0000000 0.0000000 0.0000000 0.0000000 0.0000000 0.0000000 0.0000000 0.0000000 0.0000000 0.0000000 0.0000000 0.0000000 0.0000000 0.0000000 0.0000000 0.0000000 0.0000000 0.0000000 0.0000000 0.0000000 0.0000000 0.0000000 0.0000000 0.0000000 0.0000000 0.0000000 0.0000000 0.0000000 0.0000000 0.0000000 -0.0000010 0.0000000 0.0000000 0.0000000 0.0000000 0.0000000 0.0000000 0.0000000 0.0000000 0.0000000 0.0000000 0.0000000 0.0000000 -0.0000010 0.0000000  0.0000010 0.0000000 -0.0000010 0.0000000  1.0000000 0.0000000 0.0000000 0.0000000 0.0000000 -0.0000010 0.0000000 0.0000000 0.0000000 0.0000000 0.0000000 0.0000000 0.0000000 0.0000000 0.0000000 0.0000000 0.0000000 0.0000000 0.0000000 0.0000000 0.0000000 0.0000000 0.0000000 0.0000000 0.0000000 0.0000000 0.0000000 0.0000000 0.0000000 0.0000000 0.0000000 0.0000000  0.0000010 0.0000000 0.0000000 0.0000000  0.0136089  0.0053229  0.0093410 -0.0238610 -0.0081370 -0.0116659 -0.0066039
NP_JetJESMix1                      0.0000000  0.0000080  0.0000010 -0.0000060 -0.0000070  0.0000040 0.0000000 0.0000000 0.0000000 0.0000000 0.0000000 -0.0000010 0.0000000 0.0000000 0.0000000 -0.0000050  0.0000090 0.0000000 0.0000000 -0.0000050  0.0000030  0.0000030  0.0000010 -0.0000010  0.0000040 -0.0000030  0.0000130 -0.0000130  0.0000010 -0.0000020  0.0000020 -0.0000010 -0.0000010 0.0000000  0.0000010  0.0000020 -0.0000020 -0.0000030 -0.0000010 -0.0000030  0.0000040 0.0000000 0.0000000  0.0000010 0.0000000 0.0000000 -0.0000010  0.0000010 -0.0000010  0.0000010 0.0000000 0.0000000  0.0000030 -0.0000070 0.0000000  0.0000010 -0.0000010  0.0000010  0.0000040 -0.0000010 -0.0000040  0.0000040 0.0000000  0.0000060 -0.0000020 0.0000000 -0.0000260 -0.0000130 -0.0000030 -0.0000020  0.0000070 0.0000000 0.0000000 -0.0000030  0.0000070 -0.0000130  0.0000070 -0.0000110 -0.0000050 -0.0000200 -0.0000040  0.0000180 -0.0000010 -0.0000190 0.0000000 0.0000000  1.0000000  0.0000020  0.0000050  0.0000010 -0.0000230 0.0000000  0.0000090 -0.0000020  0.0000050 -0.0000020  0.0000100 -0.0000040 -0.0000070  0.0000040  0.0000010  0.0000020  0.0000030 -0.0000140 0.0000000 0.0000000  0.0000090 -0.0000020 0.0000000 0.0000000 0.0000000 0.0000000  0.0000050  0.0000010 -0.0000020 0.0000000  0.0000130  0.0000150 -0.0000060 -0.0000010 0.0000000  0.0589300  0.0749279  0.0472920 -0.0870060 -0.0576069 -0.0779040 -0.2237200
NP_JetJESMix2                      0.0000000 -0.0000010 0.0000000  0.0000010  0.0000010 -0.0000010 0.0000000 0.0000000 0.0000000 0.0000000 0.0000000 0.0000000 0.0000000 0.0000000 0.0000000  0.0000010 -0.0000010 0.0000000 0.0000000  0.0000010 0.0000000 0.0000000 0.0000000 0.0000000 -0.0000010  0.0000010 -0.0000020  0.0000020 0.0000000 0.0000000 0.0000000 0.0000000 0.0000000 0.0000000 0.0000000 0.0000000 0.0000000 0.0000000 0.0000000 0.0000000 -0.0000010 0.0000000 0.0000000 0.0000000 0.0000000 0.0000000 0.0000000 0.0000000 0.0000000 0.0000000 0.0000000 0.0000000 0.0000000  0.0000010 0.0000000 0.0000000 0.0000000 0.0000000 -0.0000010 0.0000000  0.0000010 -0.0000010 0.0000000 -0.0000010 0.0000000 0.0000000  0.0000040  0.0000020  0.0000010 0.0000000 -0.0000010 0.0000000 0.0000000 0.0000000 -0.0000010  0.0000020 -0.0000010  0.0000010  0.0000010  0.0000030  0.0000010 -0.0000030 0.0000000  0.0000030 0.0000000 0.0000000  0.0000020  1.0000000 -0.0000010 0.0000000  0.0000030 0.0000000 -0.0000010 0.0000000 -0.0000010 0.0000000 -0.0000020  0.0000010  0.0000010 -0.0000010 0.0000000 0.0000000 -0.0000010  0.0000020 0.0000000 0.0000000 -0.0000010 0.0000000 0.0000000 0.0000000 0.0000000 0.0000000 -0.0000010 0.0000000 0.0000000 0.0000000 -0.0000020 -0.0000020  0.0000010 0.0000000 0.0000000  0.0325280  0.0225789 -0.0395490 -0.0072189  0.0089149 -0.0509389  0.0312990
NP_JetJESMix3                      0.0000000 -0.0000030 0.0000000  0.0000020  0.0000030 -0.0000010 0.0000000 0.0000000 0.0000000 0.0000000 0.0000000  0.0000010 0.0000000 0.0000000 0.0000000  0.0000020 -0.0000040 0.0000000 0.0000000  0.0000020 -0.0000010 -0.0000010 -0.0000010  0.0000010 -0.0000020  0.0000010 -0.0000060  0.0000060 0.0000000  0.0000010 -0.0000010  0.0000010  0.0000010 0.0000000 0.0000000 -0.0000010  0.0000010  0.0000010  0.0000010  0.0000010 -0.0000020 0.0000000 0.0000000 0.0000000 0.0000000 0.0000000  0.0000010 0.0000000 0.0000000 0.0000000 0.0000000 0.0000000 -0.0000010  0.0000030 0.0000000 -0.0000010 0.0000000 0.0000000 -0.0000020  0.0000010  0.0000020 -0.0000020 0.0000000 -0.0000020  0.0000010 0.0000000  0.0000100  0.0000050  0.0000010 0.0000000 -0.0000020 0.0000000 0.0000000  0.0000010 -0.0000020  0.0000040 -0.0000020  0.0000040  0.0000020  0.0000070  0.0000010 -0.0000060  0.0000010  0.0000070 0.0000000 0.0000000  0.0000050 -0.0000010  1.0000000 0.0000000  0.0000080 0.0000000 -0.0000040  0.0000010 -0.0000020  0.0000010 -0.0000040  0.0000020  0.0000030 -0.0000010 0.0000000 0.0000000 -0.0000010  0.0000050 0.0000000 0.0000000 -0.0000030  0.0000010 0.0000000 0.0000000 0.0000000 0.0000000 -0.0000020 0.0000000  0.0000010 0.0000000 -0.0000060 -0.0000060  0.0000020 0.0000000 0.0000000 -0.0240299 -0.0329650 -0.0335949  0.0601160  0.0398910  0.0519719  0.0798279
NP_JetJESMix4                      0.0000000 0.0000000 0.0000000 0.0000000 0.0000000 0.0000000 0.0000000 0.0000000 0.0000000 0.0000000 0.0000000 0.0000000 0.0000000 0.0000000 0.0000000 0.0000000 0.0000000 0.0000000 0.0000000 0.0000000 0.0000000 0.0000000 0.0000000 0.0000000 0.0000000 0.0000000 0.0000000 0.0000000 0.0000000 0.0000000 0.0000000 0.0000000 0.0000000 0.0000000 0.0000000 0.0000000 0.0000000 0.0000000 0.0000000 0.0000000 0.0000000 0.0000000 0.0000000 0.0000000 0.0000000 0.0000000 0.0000000 0.0000000 0.0000000 0.0000000 0.0000000 0.0000000 0.0000000 0.0000000 0.0000000 0.0000000 0.0000000 0.0000000 0.0000000 0.0000000 0.0000000 0.0000000 0.0000000 0.0000000 0.0000000 0.0000000  0.0000010 0.0000000 0.0000000 0.0000000 0.0000000 0.0000000 0.0000000 0.0000000 0.0000000 0.0000000 0.0000000 0.0000000 0.0000000  0.0000010 0.0000000 -0.0000010 0.0000000  0.0000010 0.0000000 0.0000000  0.0000010 0.0000000 0.0000000  1.0000000  0.0000010 0.0000000 0.0000000 0.0000000 0.0000000 0.0000000 0.0000000 0.0000000 0.0000000 0.0000000 0.0000000 0.0000000 0.0000000 0.0000000 0.0000000 0.0000000 0.0000000 0.0000000 0.0000000 0.0000000 0.0000000 0.0000000 0.0000000 0.0000000 0.0000000 0.0000000 0.0000000 0.0000000 0.0000000 0.0000000 0.0000000  0.0150430 -0.0002500  0.0047850 -0.0154739 -0.0041799  0.0010620  0.0067710
NP_JetJESModel1                    -0.0000010  0.0000100 0.0000000 -0.0000080 -0.0000110  0.0000050 0.0000000 0.0000000 0.0000000 -0.0000010 0.0000000 -0.0000020 0.0000000 0.0000000 0.0000000 -0.0000090  0.0000130 0.0000000 0.0000000 -0.0000060  0.0000040  0.0000040  0.0000020 -0.0000020  0.0000060 -0.0000050  0.0000200 -0.0000220  0.0000010 -0.0000030  0.0000030 -0.0000020 -0.0000020 0.0000000  0.0000010  0.0000040 -0.0000030 -0.0000030 -0.0000020 -0.0000030  0.0000060  0.0000010 -0.0000010  0.0000010 0.0000000 0.0000000 -0.0000020  0.0000010 -0.0000020  0.0000020 0.0000000 0.0000000  0.0000050 -0.0000110  0.0000010  0.0000020 -0.0000010  0.0000010  0.0000060 -0.0000020 -0.0000060  0.0000050 0.0000000  0.0000080 -0.0000020 0.0000000 -0.0000350 -0.0000180 -0.0000050  0.0000010  0.0000080 0.0000000 0.0000000 -0.0000040  0.0000080 -0.0000160  0.0000080 -0.0000140 -0.0000070 -0.0000260 -0.0000050  0.0000230 -0.0000020 -0.0000270 0.0000000 -0.0000010 -0.0000230  0.0000030  0.0000080  0.0000010  1.0000000 -0.0000010  0.0000130 -0.0000020  0.0000060 -0.0000030  0.0000150 -0.0000060 -0.0000090  0.0000050  0.0000010 0.0000000  0.0000050 -0.0000180 -0.0000010 0.0000000  0.0000110 -0.0000020 0.0000000 0.0000000 0.0000000 0.0000000  0.0000060  0.0000010 -0.0000020 0.0000000  0.0000200  0.0000220 -0.0000070 -0.0000010 0.0000000 -0.1103699 -0.0194590  0.0722140  0.1528490 -0.0018929 -0.1628350 -0.2888629
NP_JetJESModel2                    0.0000000 0.0000000 0.0000000 0.0000000 0.0000000 0.0000000 0.0000000 0.0000000 0.0000000 0.0000000 0.0000000 0.0000000 0.0000000 0.0000000 0.0000000 0.0000000 0.0000000 0.0000000 0.0000000 0.0000000 0.0000000 0.0000000 0.0000000 0.0000000 0.0000000 0.0000000  0.0000010 -0.0000010 0.0000000 0.0000000 0.0000000 0.0000000 0.0000000 0.0000000 0.0000000 0.0000000 0.0000000 0.0000000 0.0000000 0.0000000 0.0000000 0.0000000 0.0000000 0.0000000 0.0000000 0.0000000 0.0000000 0.0000000 0.0000000 0.0000000 0.0000000 0.0000000 0.0000000 0.0000000 0.0000000 0.0000000 0.0000000 0.0000000 0.0000000 0.0000000 0.0000000 0.0000000 0.0000000 0.0000000 0.0000000 0.0000000 -0.0000010 0.0000000 0.0000000 0.0000000 0.0000000 0.0000000 0.0000000 0.0000000 0.0000000 0.0000000 0.0000000 0.0000000 0.0000000 -0.0000010 0.0000000  0.0000010 0.0000000 -0.0000010 0.0000000 0.0000000 0.0000000 0.0000000 0.0000000 0.0000000 -0.0000010  1.0000000 0.0000000 0.0000000 0.0000000 0.0000000 0.0000000 0.0000000 0.0000000 0.0000000 0.0000000 0.0000000 0.0000000 0.0000000 0.0000000 0.0000000 0.0000000 0.0000000 0.0000000 0.0000000 0.0000000 0.0000000 0.0000000 0.0000000 0.0000000 0.0000000 0.0000000  0.0000010 0.0000000 0.0000000 0.0000000  0.0256979  0.0145400 -0.0104989 -0.0154229 -0.0285930 -0.0361010 -0.0073169
NP_JetJESModel3                    0.0000000 -0.0000050 0.0000000  0.0000040  0.0000050 -0.0000020 0.0000000 0.0000000 0.0000000 0.0000000 0.0000000  0.0000010 0.0000000 0.0000000 0.0000000  0.0000040 -0.0000060 0.0000000 0.0000000  0.0000030 -0.0000020 -0.0000020 -0.0000010  0.0000010 -0.0000030  0.0000020 -0.0000090  0.0000100 -0.0000010  0.0000010 -0.0000010  0.0000010  0.0000010 0.0000000 -0.0000010 -0.0000020  0.0000010  0.0000020  0.0000010  0.0000020 -0.0000030 0.0000000 0.0000000 -0.0000010 0.0000000 0.0000000  0.0000010 0.0000000  0.0000010 -0.0000010 0.0000000 0.0000000 -0.0000020  0.0000050 0.0000000 -0.0000010  0.0000010 -0.0000010 -0.0000030  0.0000010  0.0000030 -0.0000020 0.0000000 -0.0000040  0.0000010 0.0000000  0.0000160  0.0000080  0.0000020 0.0000000 -0.0000040 0.0000000 0.0000000  0.0000020 -0.0000040  0.0000070 -0.0000030  0.0000060  0.0000030  0.0000120  0.0000020 -0.0000100  0.0000010  0.0000120 0.0000000 0.0000000  0.0000090 -0.0000010 -0.0000040 0.0000000  0.0000130 0.0000000  1.0000000  0.0000010 -0.0000030  0.0000010 -0.0000070  0.0000030  0.0000040 -0.0000020 -0.0000010 0.0000000 -0.0000020  0.0000080 0.0000000 0.0000000 -0.0000050  0.0000010 0.0000000 0.0000000 0.0000000 0.0000000 -0.0000030 0.0000000  0.0000010 0.0000000 -0.0000090 -0.0000100  0.0000030  0.0000010 0.0000000  0.0025349 -0.0282549 -0.0416969  0.0291480  0.0238550  0.0561159  0.1308970
NP_JetJESModel4                    0.0000000  0.0000010 0.0000000 -0.0000010 -0.0000010 0.0000000 0.0000000 0.0000000 0.0000000 0.0000000 0.0000000 0.0000000 0.0000000 0.0000000 0.0000000 -0.0000010  0.0000010 0.0000000 0.0000000 -0.0000010 0.0000000 0.0000000 0.0000000 0.0000000  0.0000010 0.0000000  0.0000020 -0.0000020 0.0000000 0.0000000 0.0000000 0.0000000 0.0000000 0.0000000 0.0000000 0.0000000 0.0000000 0.0000000 0.0000000 0.0000000  0.0000010 0.0000000 0.0000000 0.0000000 0.0000000 0.0000000 0.0000000 0.0000000 0.0000000 0.0000000 0.0000000 0.0000000 0.0000000 -0.0000010 0.0000000 0.0000000 0.0000000 0.0000000  0.0000010 0.0000000 -0.0000010 0.0000000 0.0000000  0.0000010 0.0000000 0.0000000 -0.0000030 -0.0000020 0.0000000 0.0000000  0.0000010 0.0000000 0.0000000 0.0000000  0.0000010 -0.0000010  0.0000010 -0.0000010 0.0000000 -0.0000020 0.0000000  0.0000020 0.0000000 -0.0000020 0.0000000 0.0000000 -0.0000020 0.0000000  0.0000010 0.0000000 -0.0000020 0.0000000  0.0000010  1.0000000  0.0000010 0.0000000  0.0000010 -0.0000010 -0.0000010  0.0000010 0.0000000 0.0000000  0.0000010 -0.0000020 0.0000000 0.0000000  0.0000010 0.0000000 0.0000000 0.0000000 0.0000000 0.0000000 0.0000000 0.0000000 0.0000000 0.0000000  0.0000020  0.0000020 0.0000000 0.0000000 0.0000000  0.0233820  0.0093460  0.0105660 -0.0282810 -0.0266529 -0.0097289 -0.0227800
NP_JetJESStat1                     0.0000000 -0.0000020 0.0000000  0.0000020  0.0000030 -0.0000010 0.0000000 0.0000000 0.0000000 0.0000000 0.0000000 0.0000000 0.0000000 0.0000000 0.0000000  0.0000020 -0.0000030 0.0000000 0.0000000  0.0000020 -0.0000010 -0.0000010 0.0000000 0.0000000 -0.0000010  0.0000010 -0.0000040  0.0000050 0.0000000  0.0000010 -0.0000010  0.0000010  0.0000010 0.0000000 0.0000000 -0.0000010  0.0000010  0.0000010 0.0000000  0.0000010 -0.0000010 0.0000000 0.0000000 0.0000000 0.0000000 0.0000000 0.0000000 0.0000000 0.0000000 0.0000000 0.0000000 0.0000000 -0.0000010  0.0000020 0.0000000 0.0000000 0.0000000 0.0000000 -0.0000010 0.0000000  0.0000010 -0.0000010 0.0000000 -0.0000020 0.0000000 0.0000000  0.0000070  0.0000040  0.0000010 0.0000000 -0.0000010 0.0000000 0.0000000  0.0000010 -0.0000010  0.0000030 -0.0000020  0.0000030  0.0000010  0.0000050  0.0000010 -0.0000050 0.0000000  0.0000060 0.0000000 0.0000000  0.0000050 -0.0000010 -0.0000020 0.0000000  0.0000060 0.0000000 -0.0000030  0.0000010  1.0000000  0.0000010 -0.0000030  0.0000010  0.0000020 -0.0000010 0.0000000 0.0000000 -0.0000010  0.0000040 0.0000000 0.0000000 -0.0000020 0.0000000 0.0000000 0.0000000 0.0000000 0.0000000 -0.0000010 0.0000000  0.0000010 0.0000000 -0.0000040 -0.0000050  0.0000010 0.0000000 0.0000000 -0.0892170 -0.0382709  0.0534499 -0.0070640  0.0093570  0.2313479  0.0586739
NP_JetJESStat2                     0.0000000  0.0000010 0.0000000 -0.0000010 -0.0000010  0.0000010 0.0000000 0.0000000 0.0000000 0.0000000 0.0000000 0.0000000 0.0000000 0.0000000 0.0000000 -0.0000010  0.0000020 0.0000000 0.0000000 -0.0000010 0.0000000 0.0000000 0.0000000 0.0000000  0.0000010 -0.0000010  0.0000020 -0.0000030 0.0000000 0.0000000 0.0000000 0.0000000 0.0000000 0.0000000 0.0000000 0.0000000 0.0000000 0.0000000 0.0000000 0.0000000  0.0000010 0.0000000 0.0000000 0.0000000 0.0000000 0.0000000 0.0000000 0.0000000 0.0000000 0.0000000 0.0000000 0.0000000  0.0000010 -0.0000010 0.0000000 0.0000000 0.0000000 0.0000000  0.0000010 0.0000000 -0.0000010  0.0000010 0.0000000  0.0000010 0.0000000 0.0000000 -0.0000040 -0.0000020 -0.0000010 0.0000000  0.0000010 0.0000000 0.0000000 -0.0000010  0.0000010 -0.0000020  0.0000010 -0.0000020 -0.0000010 -0.0000030 -0.0000010  0.0000030 0.0000000 -0.0000030 0.0000000 0.0000000 -0.0000020 0.0000000  0.0000010 0.0000000 -0.0000030 0.0000000  0.0000010 0.0000000  0.0000010  1.0000000  0.0000020 -0.0000010 -0.0000010  0.0000010 0.0000000 0.0000000  0.0000010 -0.0000020 0.0000000 0.0000000  0.0000010 0.0000000 0.0000000 0.0000000 0.0000000 0.0000000  0.0000010 0.0000000 0.0000000 0.0000000  0.0000020  0.0000030 -0.0000010 0.0000000 0.0000000  0.0087240  0.0083649  0.0065599 -0.0185290  0.0050429 -0.0083400 -0.0328729
NP_JetJESStat3                     0.0000000 -0.0000050 0.0000000  0.0000040  0.0000050 -0.0000020 0.0000000 0.0000000 0.0000000 0.0000000 0.0000000  0.0000010 0.0000000 0.0000000 0.0000000  0.0000050 -0.0000070 0.0000000 0.0000000  0.0000030 -0.0000020 -0.0000020 -0.0000010  0.0000010 -0.0000030  0.0000030 -0.0000110  0.0000120 -0.0000010  0.0000010 -0.0000010  0.0000010  0.0000010 0.0000000 -0.0000010 -0.0000020  0.0000020  0.0000020  0.0000010  0.0000020 -0.0000030 0.0000000 0.0000000 -0.0000010 0.0000000 0.0000000  0.0000010 -0.0000010  0.0000010 -0.0000010 0.0000000 0.0000000 -0.0000030  0.0000060 0.0000000 -0.0000010  0.0000010 -0.0000010 -0.0000030  0.0000010  0.0000030 -0.0000030 0.0000000 -0.0000040  0.0000010 0.0000000  0.0000190  0.0000100  0.0000030 0.0000000 -0.0000040 0.0000000 0.0000000  0.0000020 -0.0000040  0.0000080 -0.0000040  0.0000070  0.0000040  0.0000140  0.0000030 -0.0000120  0.0000010  0.0000140 0.0000000 0.0000000  0.0000100 -0.0000020 -0.0000040 0.0000000  0.0000150 0.0000000 -0.0000070  0.0000010 -0.0000030  0.0000020  1.0000000  0.0000030  0.0000050 -0.0000030 -0.0000010 0.0000000 -0.0000030  0.0000090 0.0000000 0.0000000 -0.0000060  0.0000010 0.0000000 0.0000000 0.0000000 0.0000000 -0.0000030 0.0000000  0.0000010 0.0000000 -0.0000110 -0.0000120  0.0000040  0.0000010 0.0000000  0.0072680 -0.0237519 -0.0458609  0.0206959  0.0231920  0.0348320  0.1544349
NP_JetJESStat4                     0.0000000  0.0000020 0.0000000 -0.0000020 -0.0000020  0.0000010 0.0000000 0.0000000 0.0000000 0.0000000 0.0000000 0.0000000 0.0000000 0.0000000 0.0000000 -0.0000020  0.0000030 0.0000000 0.0000000 -0.0000010  0.0000010  0.0000010 0.0000000 0.0000000  0.0000010 -0.0000010  0.0000040 -0.0000050 0.0000000 -0.0000010  0.0000010 0.0000000 0.0000000 0.0000000 0.0000000  0.0000010 -0.0000010 -0.0000010 0.0000000 -0.0000010  0.0000010 0.0000000 0.0000000 0.0000000 0.0000000 0.0000000 0.0000000 0.0000000 0.0000000 0.0000000 0.0000000 0.0000000  0.0000010 -0.0000020 0.0000000 0.0000000 0.0000000 0.0000000  0.0000010 0.0000000 -0.0000010  0.0000010 0.0000000  0.0000020 -0.0000010 0.0000000 -0.0000070 -0.0000040 -0.0000010 0.0000000  0.0000020 0.0000000 0.0000000 -0.0000010  0.0000020 -0.0000030  0.0000020 -0.0000030 -0.0000010 -0.0000050 -0.0000010  0.0000050 0.0000000 -0.0000060 0.0000000 0.0000000 -0.0000040  0.0000010  0.0000020 0.0000000 -0.0000060 0.0000000  0.0000030 -0.0000010  0.0000010 -0.0000010  0.0000030  1.0000000 -0.0000020  0.0000010 0.0000000 0.0000000  0.0000010 -0.0000040 0.0000000 0.0000000  0.0000020 0.0000000 0.0000000 0.0000000 0.0000000 0.0000000  0.0000010 0.0000000 -0.0000010 0.0000000  0.0000040  0.0000050 -0.0000010 0.0000000 0.0000000  0.0348440  0.0133580  0.0151780 -0.0257989 -0.0482730 -0.0054330 -0.0607050
NP_Jetjvf                          0.0000000  0.0000030 0.0000000 -0.0000030 -0.0000040  0.0000010 0.0000000 0.0000000 0.0000000 0.0000000 0.0000000 -0.0000010 0.0000000 0.0000000 0.0000000 -0.0000030  0.0000050 0.0000000 0.0000000 -0.0000020  0.0000010  0.0000010  0.0000010 -0.0000010  0.0000020 -0.0000020  0.0000070 -0.0000080 0.0000000 -0.0000010  0.0000010 -0.0000010 -0.0000010 0.0000000 0.0000000  0.0000010 -0.0000010 -0.0000010 -0.0000010 -0.0000010  0.0000020 0.0000000 0.0000000 0.0000000 0.0000000 0.0000000 -0.0000010 0.0000000 -0.0000010  0.0000010 0.0000000 0.0000000  0.0000010 -0.0000040 0.0000000  0.0000010 0.0000000 0.0000000  0.0000020 -0.0000010 -0.0000020  0.0000020 0.0000000  0.0000030 -0.0000010 0.0000000 -0.0000110 -0.0000060 -0.0000020 0.0000000  0.0000030 0.0000000 0.0000000 -0.0000010  0.0000020 -0.0000060  0.0000020 -0.0000040 -0.0000020 -0.0000080 -0.0000010  0.0000070 -0.0000010 -0.0000090 0.0000000 0.0000000 -0.0000070  0.0000010  0.0000030 0.0000000 -0.0000090 0.0000000  0.0000040 -0.0000010  0.0000020 -0.0000010  0.0000050 -0.0000020  1.0000000  0.0000020 0.0000000 0.0000000  0.0000020 -0.0000050 0.0000000 0.0000000  0.0000030 -0.0000010 0.0000000 0.0000000 0.0000000 0.0000000  0.0000020 0.0000000 -0.0000010 0.0000000  0.0000060  0.0000070 -0.0000020 0.0000000 0.0000000  0.0523110  0.0422799  0.0221020 -0.0466799 -0.0504360 -0.1308749 -0.0927110
NP_Jetmistag                       0.0000000 -0.0000020 0.0000000  0.0000010  0.0000020 -0.0000010 0.0000000 0.0000000 0.0000000 0.0000000 0.0000000 0.0000000 0.0000000 0.0000000 0.0000000  0.0000020 -0.0000020 0.0000000 0.0000000  0.0000010 -0.0000010 -0.0000010 0.0000000 0.0000000 -0.0000010  0.0000010 -0.0000040  0.0000040 0.0000000 0.0000000 0.0000000 0.0000000 0.0000000 0.0000000 0.0000000 -0.0000010  0.0000010  0.0000010 0.0000000  0.0000010 -0.0000010 0.0000000 0.0000000 0.0000000 0.0000000 0.0000000 0.0000000 0.0000000 0.0000000 0.0000000 0.0000000 0.0000000 -0.0000010  0.0000020 0.0000000 0.0000000 0.0000000 0.0000000 -0.0000010 0.0000000  0.0000010 -0.0000010 0.0000000 -0.0000010  0.0000010 0.0000000  0.0000060  0.0000030  0.0000010 0.0000000 -0.0000010 0.0000000 0.0000000  0.0000010 -0.0000010  0.0000030 -0.0000010  0.0000020  0.0000010  0.0000050  0.0000010 -0.0000040 0.0000000  0.0000050 0.0000000 0.0000000  0.0000040 -0.0000010 -0.0000010 0.0000000  0.0000050 0.0000000 -0.0000020  0.0000010 -0.0000010  0.0000010 -0.0000030  0.0000010  0.0000020  1.0000000 0.0000000 0.0000000 -0.0000010  0.0000030 0.0000000 0.0000000 -0.0000020 0.0000000 0.0000000 0.0000000 0.0000000 0.0000000 -0.0000010 0.0000000 0.0000000 0.0000000 -0.0000040 -0.0000040  0.0000010 0.0000000 0.0000000 -0.0325889 -0.0142979  0.0005430  0.0122019  0.0030860  0.0295960  0.0509710
NP_JetPileupOffsetMu               0.0000000 -0.0000010 0.0000000 0.0000000  0.0000010 0.0000000 0.0000000 0.0000000 0.0000000 0.0000000 0.0000000 0.0000000 0.0000000 0.0000000 0.0000000 0.0000000 -0.0000010 0.0000000 0.0000000 0.0000000 0.0000000 0.0000000 0.0000000 0.0000000 0.0000000 0.0000000 -0.0000010  0.0000010 0.0000000 0.0000000 0.0000000 0.0000000 0.0000000 0.0000000 0.0000000 0.0000000 0.0000000 0.0000000 0.0000000 0.0000000 0.0000000 0.0000000 0.0000000 0.0000000 0.0000000 0.0000000 0.0000000 0.0000000 0.0000000 0.0000000 0.0000000 0.0000000 0.0000000  0.0000010 0.0000000 0.0000000 0.0000000 0.0000000 0.0000000 0.0000000 0.0000000 0.0000000 0.0000000 0.0000000 0.0000000 0.0000000  0.0000020  0.0000010 0.0000000 0.0000000 0.0000000 0.0000000 0.0000000 0.0000000 -0.0000010  0.0000010 0.0000000  0.0000010  0.0000010  0.0000010 0.0000000 -0.0000010 0.0000000  0.0000010 0.0000000 0.0000000  0.0000010 0.0000000 0.0000000 0.0000000  0.0000010 0.0000000 -0.0000010 0.0000000 0.0000000 0.0000000 -0.0000010 0.0000000 0.0000000 0.0000000  1.0000000 0.0000000 0.0000000  0.0000010 0.0000000 0.0000000 -0.0000010 0.0000000 0.0000000 0.0000000 0.0000000 0.0000000 0.0000000 0.0000000 0.0000000 0.0000000 -0.0000010 -0.0000010 0.0000000 0.0000000 0.0000000 -0.0306540 -0.0228690  0.0103630 -0.0125789  0.0998399 -0.0874260  0.0151900
NP_JetPileupOffsetNPV              0.0000000 0.0000000 0.0000000 0.0000000 0.0000000 0.0000000 0.0000000 0.0000000 0.0000000 0.0000000 0.0000000 0.0000000 0.0000000 0.0000000 0.0000000 0.0000000 0.0000000 0.0000000 0.0000000 0.0000000 0.0000000 0.0000000 0.0000000 0.0000000 0.0000000 0.0000000 0.0000000 0.0000000 0.0000000 0.0000000 0.0000000 0.0000000 0.0000000 0.0000000 0.0000000 0.0000000 0.0000000 0.0000000 0.0000000 0.0000000 0.0000000 0.0000000 0.0000000 0.0000000 0.0000000 0.0000000 0.0000000 0.0000000 0.0000000 0.0000000 0.0000000 0.0000000 0.0000000 0.0000000 0.0000000 0.0000000 0.0000000 0.0000000 0.0000000 0.0000000 0.0000000 0.0000000 0.0000000 0.0000000 0.0000000 0.0000000 0.0000000 0.0000000 0.0000000 0.0000000 0.0000000 0.0000000 0.0000000 0.0000000 0.0000000 0.0000000 0.0000000 0.0000000 0.0000000 0.0000000 0.0000000 0.0000000 0.0000000 0.0000000 0.0000000 0.0000000  0.0000020 0.0000000 0.0000000 0.0000000 0.0000000 0.0000000 0.0000000 0.0000000 0.0000000 0.0000000 0.0000000 0.0000000 0.0000000 0.0000000 0.0000000  1.0000000 0.0000000 0.0000000 0.0000000 0.0000000 0.0000000 0.0000000 0.0000000 0.0000000 0.0000000 0.0000000 0.0000000 0.0000000 0.0000000 0.0000000 0.0000000 0.0000000 0.0000000 0.0000000 0.0000000  0.0252950 -0.0049659  0.0197050 -0.0978440  0.1592379 -0.0899149  0.0043730
NP_JetPileupPt                     0.0000000 -0.0000020 0.0000000  0.0000010  0.0000020 -0.0000010 0.0000000 0.0000000 0.0000000 0.0000000 0.0000000 0.0000000 0.0000000 0.0000000 0.0000000  0.0000010 -0.0000020 0.0000000 0.0000000  0.0000010 -0.0000010 -0.0000010 0.0000000 0.0000000 -0.0000010  0.0000010 -0.0000030  0.0000040 0.0000000 0.0000000 0.0000000 0.0000000 0.0000000 0.0000000 0.0000000 -0.0000010  0.0000010  0.0000010 0.0000000  0.0000010 -0.0000010 0.0000000 0.0000000 0.0000000 0.0000000 0.0000000 0.0000000 0.0000000 0.0000000 0.0000000 0.0000000 0.0000000 -0.0000010  0.0000020 0.0000000 0.0000000 0.0000000 0.0000000 -0.0000010 0.0000000  0.0000010 -0.0000010 0.0000000 -0.0000010 0.0000000 0.0000000  0.0000060  0.0000030  0.0000010 0.0000000 -0.0000010 0.0000000 0.0000000  0.0000010 -0.0000010  0.0000030 -0.0000010  0.0000020  0.0000010  0.0000040  0.0000010 -0.0000040 0.0000000  0.0000050 0.0000000 0.0000000  0.0000030 -0.0000010 -0.0000010 0.0000000  0.0000050 0.0000000 -0.0000020  0.0000010 -0.0000010  0.0000010 -0.0000030  0.0000010  0.0000020 -0.0000010 0.0000000 0.0000000  1.0000000  0.0000030 0.0000000 0.0000000 -0.0000020 0.0000000 0.0000000 0.0000000 0.0000000 0.0000000 -0.0000010 0.0000000 0.0000000 0.0000000 -0.0000040 -0.0000040  0.0000010 0.0000000 0.0000000 -0.0345569  0.0097730 -0.0083520  0.0185209  0.0188989 -0.0406100  0.0499370
NP_JetPileupRho                    0.0000000  0.0000060 0.0000000 -0.0000050 -0.0000060  0.0000030 0.0000000 0.0000000 0.0000000 0.0000000 0.0000000 -0.0000010 0.0000000 0.0000000 0.0000000 -0.0000050  0.0000080 0.0000000 0.0000000 -0.0000040  0.0000020  0.0000030  0.0000010 -0.0000010  0.0000030 -0.0000030  0.0000110 -0.0000130  0.0000010 -0.0000010  0.0000010 -0.0000010 -0.0000010 0.0000000  0.0000010  0.0000020 -0.0000020 -0.0000020 -0.0000010 -0.0000020  0.0000030 0.0000000 0.0000000  0.0000010 0.0000000 0.0000000 -0.0000010  0.0000010 -0.0000010  0.0000010 0.0000000 0.0000000  0.0000030 -0.0000070 0.0000000  0.0000010 -0.0000010  0.0000010  0.0000040 -0.0000010 -0.0000040  0.0000030 0.0000000  0.0000050 -0.0000020 0.0000000 -0.0000200 -0.0000110 -0.0000030 0.0000000  0.0000050 0.0000000 0.0000000 -0.0000030  0.0000050 -0.0000110  0.0000050 -0.0000080 -0.0000040 -0.0000150 -0.0000030  0.0000140 -0.0000010 -0.0000160 0.0000000 0.0000000 -0.0000140  0.0000020  0.0000050 0.0000000 -0.0000180 0.0000000  0.0000080 -0.0000020  0.0000040 -0.0000020  0.0000090 -0.0000040 -0.0000050  0.0000030  0.0000010 0.0000000  0.0000030  1.0000000 0.0000000 0.0000000  0.0000070 -0.0000010 0.0000000 0.0000000 0.0000000 0.0000000  0.0000040 0.0000000 -0.0000020 0.0000000  0.0000130  0.0000130 -0.0000040 -0.0000010 0.0000000 -0.0379309  0.0015740  0.0247689  0.0784409 -0.0122209 -0.0013439 -0.1726890
NP_JetPunchThrough                 0.0000000 0.0000000 0.0000000 0.0000000 0.0000000 0.0000000 0.0000000 0.0000000 0.0000000 0.0000000 0.0000000 0.0000000 0.0000000 0.0000000 0.0000000 0.0000000 0.0000000 0.0000000 0.0000000 0.0000000 0.0000000 0.0000000 0.0000000 0.0000000 0.0000000 0.0000000 0.0000000 0.0000000 0.0000000 0.0000000 0.0000000 0.0000000 0.0000000 0.0000000 0.0000000 0.0000000 0.0000000 0.0000000 0.0000000 0.0000000 0.0000000 0.0000000 0.0000000 0.0000000 0.0000000 0.0000000 0.0000000 0.0000000 0.0000000 0.0000000 0.0000000 0.0000000 0.0000000 0.0000000 0.0000000 0.0000000 0.0000000 0.0000000 0.0000000 0.0000000 0.0000000 0.0000000 0.0000000 0.0000000 0.0000000 0.0000000 -0.0000010 0.0000000 0.0000000 0.0000000 0.0000000 0.0000000 0.0000000 0.0000000 0.0000000 0.0000000 0.0000000 0.0000000 0.0000000 0.0000000 0.0000000 0.0000000 0.0000000 -0.0000010 0.0000000 0.0000000 0.0000000 0.0000000 0.0000000 0.0000000 -0.0000010 0.0000000 0.0000000 0.0000000 0.0000000 0.0000000 0.0000000 0.0000000 0.0000000 0.0000000 0.0000000 0.0000000 0.0000000 0.0000000  1.0000000 0.0000000 0.0000000 0.0000000 0.0000000 0.0000000 0.0000000 0.0000000 0.0000000 0.0000000 0.0000000 0.0000000 0.0000000 0.0000000 0.0000000 0.0000000 0.0000000 -0.0001680  0.0072839  0.0000450 -0.0095379  0.0017380 -0.0042069 -0.0055919
NP_JetSinglePart                   0.0000000 0.0000000 0.0000000 0.0000000 0.0000000 0.0000000 0.0000000 0.0000000 0.0000000 0.0000000 0.0000000 0.0000000 0.0000000 0.0000000 0.0000000 0.0000000 0.0000000 0.0000000 0.0000000 0.0000000 0.0000000 0.0000000 0.0000000 0.0000000 0.0000000 0.0000000 0.0000000 0.0000000 0.0000000 0.0000000 0.0000000 0.0000000 0.0000000 0.0000000 0.0000000 0.0000000 0.0000000 0.0000000 0.0000000 0.0000000 0.0000000 0.0000000 0.0000000 0.0000000 0.0000000 0.0000000 0.0000000 0.0000000 0.0000000 0.0000000 0.0000000 0.0000000 0.0000000 0.0000000 0.0000000 0.0000000 0.0000000 0.0000000 0.0000000 0.0000000 0.0000000 0.0000000 0.0000000 0.0000000 0.0000000 0.0000000 0.0000000 0.0000000 0.0000000 0.0000000 0.0000000 0.0000000 0.0000000 0.0000000 0.0000000 0.0000000 0.0000000 0.0000000 0.0000000 0.0000000 0.0000000 0.0000000 0.0000000 0.0000000 0.0000000 0.0000000 0.0000000 0.0000000 0.0000000 0.0000000 0.0000000 0.0000000 0.0000000 0.0000000 0.0000000 0.0000000 0.0000000 0.0000000 0.0000000 0.0000000 0.0000000 0.0000000 0.0000000 0.0000000 0.0000000  1.0000000 0.0000000 0.0000000 0.0000000 0.0000000 0.0000000 0.0000000 0.0000000 0.0000000 0.0000000 0.0000000 0.0000000 0.0000000 0.0000000 0.0000000 0.0000000 0.0000000 0.0000000 0.0000000 0.0000000 0.0000000 0.0000000 0.0000000
NP_METres                          0.0000000 -0.0000040 0.0000000  0.0000030  0.0000040 -0.0000020 0.0000000 0.0000000 0.0000000 0.0000000 0.0000000  0.0000010 0.0000000 0.0000000 0.0000000  0.0000030 -0.0000050 0.0000000 0.0000000  0.0000030 -0.0000010 -0.0000020 -0.0000010  0.0000010 -0.0000020  0.0000020 -0.0000070  0.0000090 -0.0000010  0.0000010 -0.0000010  0.0000010  0.0000010 0.0000000 0.0000000 -0.0000010  0.0000010  0.0000010  0.0000010  0.0000010 -0.0000020 0.0000000 0.0000000 -0.0000010 0.0000000 0.0000000  0.0000010 0.0000000  0.0000010 -0.0000010 0.0000000 0.0000000 -0.0000020  0.0000050 0.0000000 -0.0000010 0.0000000 0.0000000 -0.0000020  0.0000010  0.0000020 -0.0000020 0.0000000 -0.0000030  0.0000010 0.0000000  0.0000130  0.0000070  0.0000020 0.0000000 -0.0000030 0.0000000 0.0000000  0.0000020 -0.0000030  0.0000070 -0.0000030  0.0000050  0.0000030  0.0000100  0.0000020 -0.0000090  0.0000010  0.0000100 0.0000000 0.0000000  0.0000090 -0.0000010 -0.0000030 0.0000000  0.0000110 0.0000000 -0.0000050  0.0000010 -0.0000020  0.0000010 -0.0000060  0.0000020  0.0000030 -0.0000020 -0.0000010 0.0000000 -0.0000020  0.0000070 0.0000000 0.0000000  1.0000000  0.0000010 0.0000000 0.0000000 0.0000000 0.0000000 -0.0000020 0.0000000  0.0000010 0.0000000 -0.0000080 -0.0000080  0.0000030  0.0000010 0.0000000 -0.0067099 -0.0079819  0.0414240 -0.0391200  0.0737799 -0.1682349  0.1132599
NP_METsc                           0.0000000  0.0000010 0.0000000 -0.0000010 -0.0000010 0.0000000 0.0000000 0.0000000 0.0000000 0.0000000 0.0000000 0.0000000 0.0000000 0.0000000 0.0000000 -0.0000010  0.0000010 0.0000000 0.0000000 -0.0000010 0.0000000 0.0000000 0.0000000 0.0000000 0.0000000 0.0000000  0.0000010 -0.0000020 0.0000000 0.0000000 0.0000000 0.0000000 0.0000000 0.0000000 0.0000000 0.0000000 0.0000000 0.0000000 0.0000000 0.0000000 0.0000000 0.0000000 0.0000000 0.0000000 0.0000000 0.0000000 0.0000000 0.0000000 0.0000000 0.0000000 0.0000000 0.0000000 0.0000000 -0.0000010 0.0000000 0.0000000 0.0000000 0.0000000 0.0000000 0.0000000 0.0000000 0.0000000 0.0000000  0.0000010 0.0000000 0.0000000 -0.0000030 -0.0000010 0.0000000 0.0000000  0.0000010 0.0000000 0.0000000 0.0000000  0.0000010 -0.0000010  0.0000010 -0.0000010 -0.0000010 -0.0000020 -0.0000010  0.0000020 0.0000000 -0.0000020 0.0000000 0.0000000 -0.0000020 0.0000000  0.0000010 0.0000000 -0.0000020 0.0000000  0.0000010 0.0000000 0.0000000 0.0000000  0.0000010 0.0000000 -0.0000010 0.0000000 0.0000000 0.0000000 0.0000000 -0.0000010 0.0000000 0.0000000  0.0000010  1.0000000 0.0000000 0.0000000 0.0000000 0.0000000 0.0000000 0.0000000 0.0000000 0.0000000  0.0000020  0.0000020 -0.0000010 0.0000000 0.0000000  0.0256720 -0.0106470 -0.0042290  0.0142139 -0.0736839  0.0877850 -0.0227280
NP_Muonidres                       0.0000000 0.0000000 0.0000000 0.0000000 0.0000000 0.0000000 0.0000000 0.0000000 0.0000000 0.0000000 0.0000000 0.0000000 0.0000000 0.0000000 0.0000000 0.0000000 0.0000000 0.0000000 0.0000000 0.0000000 0.0000000 0.0000000 0.0000000 0.0000000 0.0000000 0.0000000 0.0000000 0.0000000 0.0000000 0.0000000 0.0000000 0.0000000 0.0000000 0.0000000 0.0000000 0.0000000 0.0000000 0.0000000 0.0000000 0.0000000 0.0000000 0.0000000 0.0000000 0.0000000 0.0000000 0.0000000 0.0000000 0.0000000 0.0000000 0.0000000 0.0000000 0.0000000 0.0000000 0.0000000 0.0000000 0.0000000 0.0000000 0.0000000 0.0000000 0.0000000 0.0000000 0.0000000 0.0000000 0.0000000 0.0000000 0.0000000 0.0000000 0.0000000 0.0000000 0.0000000 0.0000000 0.0000000 0.0000000 0.0000000 0.0000000 0.0000000 0.0000000 0.0000000 0.0000000 0.0000000 0.0000000 0.0000000 0.0000000 0.0000000 0.0000000 0.0000000 0.0000000 0.0000000 0.0000000 0.0000000 0.0000000 0.0000000 0.0000000 0.0000000 0.0000000 0.0000000 0.0000000 0.0000000 0.0000000 0.0000000 0.0000000 0.0000000 0.0000000 0.0000000 0.0000000 0.0000000 0.0000000 0.0000000  1.0000000 0.0000000 0.0000000 0.0000000 0.0000000 0.0000000 0.0000000 0.0000000 0.0000000 0.0000000 0.0000000 0.0000000 0.0000000 0.0000000 0.0000000 0.0000000 0.0000000 0.0000000 0.0000000 0.0000000
NP_Muonmsres                       0.0000000 0.0000000 0.0000000 0.0000000 0.0000000 0.0000000 0.0000000 0.0000000 0.0000000 0.0000000 0.0000000 0.0000000 0.0000000 0.0000000 0.0000000 0.0000000 0.0000000 0.0000000 0.0000000 0.0000000 0.0000000 0.0000000 0.0000000 0.0000000 0.0000000 0.0000000 0.0000000 0.0000000 0.0000000 0.0000000 0.0000000 0.0000000 0.0000000 0.0000000 0.0000000 0.0000000 0.0000000 0.0000000 0.0000000 0.0000000 0.0000000 0.0000000 0.0000000 0.0000000 0.0000000 0.0000000 0.0000000 0.0000000 0.0000000 0.0000000 0.0000000 0.0000000 0.0000000 0.0000000 0.0000000 0.0000000 0.0000000 0.0000000 0.0000000 0.0000000 0.0000000 0.0000000 0.0000000 0.0000000 0.0000000 0.0000000 0.0000000 0.0000000 0.0000000 0.0000000 0.0000000 0.0000000 0.0000000 0.0000000 0.0000000 0.0000000 0.0000000 0.0000000 0.0000000 0.0000000 0.0000000 0.0000000 0.0000000 0.0000000 0.0000000 0.0000000 0.0000000 0.0000000 0.0000000 0.0000000 0.0000000 0.0000000 0.0000000 0.0000000 0.0000000 0.0000000 0.0000000 0.0000000 0.0000000 0.0000000 0.0000000 0.0000000 0.0000000 0.0000000 0.0000000 0.0000000 0.0000000 0.0000000 0.0000000  1.0000000 0.0000000 0.0000000 0.0000000 0.0000000 0.0000000 0.0000000 0.0000000 0.0000000 0.0000000 0.0000000 0.0000000 0.0000000 0.0000000 0.0000000 0.0000000 0.0000000 0.0000000 0.0000000
NP_Muonsc                          0.0000000 0.0000000 0.0000000 0.0000000 0.0000000 0.0000000 0.0000000 0.0000000 0.0000000 0.0000000 0.0000000 0.0000000 0.0000000 0.0000000 0.0000000 0.0000000 0.0000000 0.0000000 0.0000000 0.0000000 0.0000000 0.0000000 0.0000000 0.0000000 0.0000000 0.0000000 0.0000000 0.0000000 0.0000000 0.0000000 0.0000000 0.0000000 0.0000000 0.0000000 0.0000000 0.0000000 0.0000000 0.0000000 0.0000000 0.0000000 0.0000000 0.0000000 0.0000000 0.0000000 0.0000000 0.0000000 0.0000000 0.0000000 0.0000000 0.0000000 0.0000000 0.0000000 0.0000000 0.0000000 0.0000000 0.0000000 0.0000000 0.0000000 0.0000000 0.0000000 0.0000000 0.0000000 0.0000000 0.0000000 0.0000000 0.0000000 0.0000000 0.0000000 0.0000000 0.0000000 0.0000000 0.0000000 0.0000000 0.0000000 0.0000000 0.0000000 0.0000000 0.0000000 0.0000000 0.0000000 0.0000000 0.0000000 0.0000000 0.0000000 0.0000000 0.0000000 0.0000000 0.0000000 0.0000000 0.0000000 0.0000000 0.0000000 0.0000000 0.0000000 0.0000000 0.0000000 0.0000000 0.0000000 0.0000000 0.0000000 0.0000000 0.0000000 0.0000000 0.0000000 0.0000000 0.0000000 0.0000000 0.0000000 0.0000000 0.0000000  1.0000000 0.0000000 0.0000000 0.0000000 0.0000000 0.0000000 0.0000000 0.0000000 0.0000000 0.0000000 0.0000000 0.0000000 0.0000000 0.0000000 0.0000000 0.0000000 0.0000000 0.0000000
NP_QCDMMFAKEALTERNATE              0.0000000 0.0000000 0.0000000 0.0000000 0.0000000 0.0000000 0.0000000 0.0000000 0.0000000 0.0000000 0.0000000 0.0000000 0.0000000 0.0000000 0.0000000 0.0000000 0.0000000 0.0000000 0.0000000 0.0000000 0.0000000 0.0000000 0.0000000 0.0000000 0.0000000 0.0000000 0.0000000 0.0000000 0.0000000 0.0000000 0.0000000 0.0000000 0.0000000 0.0000000 0.0000000 0.0000000 0.0000000 0.0000000 0.0000000 0.0000000 0.0000000 0.0000000 0.0000000 0.0000000 0.0000000 0.0000000 0.0000000 0.0000000 0.0000000 0.0000000 0.0000000 0.0000000 0.0000000 0.0000000 0.0000000 0.0000000 0.0000000 0.0000000 0.0000000 0.0000000 0.0000000 0.0000000 0.0000000 0.0000000 0.0000000 0.0000000 0.0000000 0.0000000 0.0000000 0.0000000 0.0000000 0.0000000 0.0000000 0.0000000 0.0000000 0.0000000 0.0000000 0.0000000 0.0000000 0.0000000 0.0000000 0.0000000 0.0000000 0.0000000 0.0000000 0.0000000 0.0000000 0.0000000 0.0000000 0.0000000 0.0000000 0.0000000 0.0000000 0.0000000 0.0000000 0.0000000 0.0000000 0.0000000 0.0000000 0.0000000 0.0000000 0.0000000 0.0000000 0.0000000 0.0000000 0.0000000 0.0000000 0.0000000 0.0000000 0.0000000 0.0000000  1.0000000 0.0000000 0.0000000 0.0000000 0.0000000 0.0000000 0.0000000 0.0000000 0.0000000 0.0000000 -0.0251719 -0.0007460 -0.0024800  0.0116080  0.0169780  0.0239410  0.0020430
NP_QCDMMFAKEMCUP                   0.0000000 -0.0000020 0.0000000  0.0000020  0.0000020 -0.0000010 0.0000000 0.0000000 0.0000000 0.0000000 0.0000000 0.0000000 0.0000000 0.0000000 0.0000000  0.0000020 -0.0000030 0.0000000 0.0000000  0.0000010 -0.0000010 -0.0000010 0.0000000 0.0000000 -0.0000010  0.0000010 -0.0000040  0.0000040 0.0000000 0.0000000 0.0000000 0.0000000 0.0000000 0.0000000 0.0000000 -0.0000010  0.0000010  0.0000010 0.0000000  0.0000010 -0.0000010 0.0000000 0.0000000 0.0000000 0.0000000 0.0000000 0.0000000 0.0000000 0.0000000 0.0000000 0.0000000 0.0000000 -0.0000010  0.0000020 0.0000000 0.0000000 0.0000000 0.0000000 -0.0000010 0.0000000  0.0000010 -0.0000010 0.0000000 -0.0000020  0.0000010 0.0000000  0.0000070  0.0000040  0.0000010 0.0000000 -0.0000020 0.0000000 0.0000000  0.0000010 -0.0000020  0.0000040 -0.0000020  0.0000030  0.0000010  0.0000050  0.0000010 -0.0000050 0.0000000  0.0000050 0.0000000 0.0000000  0.0000050 -0.0000010 -0.0000020 0.0000000  0.0000060 0.0000000 -0.0000030 0.0000000 -0.0000010  0.0000010 -0.0000030  0.0000010  0.0000020 -0.0000010 0.0000000 0.0000000 -0.0000010  0.0000040 0.0000000 0.0000000 -0.0000020 0.0000000 0.0000000 0.0000000 0.0000000 0.0000000  1.0000000 0.0000000 0.0000000 0.0000000 -0.0000050 -0.0000040  0.0000020 0.0000000 0.0000000  0.1397039  0.0126809  0.0647039 -0.0356230 -0.2356749  0.0063330  0.0604810
NP_QCDMMPARALTERNATE               0.0000000 0.0000000 0.0000000 0.0000000 0.0000000 0.0000000 0.0000000 0.0000000 0.0000000 0.0000000 0.0000000 0.0000000 0.0000000 0.0000000 0.0000000 0.0000000 0.0000000 0.0000000 0.0000000 0.0000000 0.0000000 0.0000000 0.0000000 0.0000000 0.0000000 0.0000000 0.0000000  0.0000010 0.0000000 0.0000000 0.0000000 0.0000000 0.0000000 0.0000000 0.0000000 0.0000000 0.0000000 0.0000000 0.0000000 0.0000000 0.0000000 0.0000000 0.0000000 0.0000000 0.0000000 0.0000000 0.0000000 0.0000000 0.0000000 0.0000000 0.0000000 0.0000000 0.0000000 0.0000000 0.0000000 0.0000000 0.0000000 0.0000000 0.0000000 0.0000000 0.0000000 0.0000000 0.0000000 0.0000000 0.0000000 0.0000000  0.0000010 0.0000000 0.0000000 0.0000000 0.0000000 0.0000000 0.0000000 0.0000000 0.0000000 0.0000000 0.0000000 0.0000000 0.0000000  0.0000010 0.0000000 -0.0000010 0.0000000  0.0000010 0.0000000 0.0000000  0.0000010 0.0000000 0.0000000 0.0000000  0.0000010 0.0000000 0.0000000 0.0000000 0.0000000 0.0000000 0.0000000 0.0000000 0.0000000 0.0000000 0.0000000 0.0000000 0.0000000 0.0000000 0.0000000 0.0000000 0.0000000 0.0000000 0.0000000 0.0000000 0.0000000 0.0000000 0.0000000  1.0000000 0.0000000 0.0000000 0.0000000 -0.0000010 0.0000000 0.0000000 0.0000000  0.0159189 -0.0075969  0.0295710 -0.0274030 -0.0016720 -0.0118560  0.0076480
NP_QCDMMREALALTERNATE              0.0000000  0.0000010 0.0000000 -0.0000010 -0.0000010 0.0000000 0.0000000 0.0000000 0.0000000 0.0000000 0.0000000 0.0000000 0.0000000 0.0000000 0.0000000 -0.0000010  0.0000010 0.0000000 0.0000000 -0.0000010 0.0000000 0.0000000 0.0000000 0.0000000  0.0000010 0.0000000  0.0000020 -0.0000020 0.0000000 0.0000000 0.0000000 0.0000000 0.0000000 0.0000000 0.0000000 0.0000000 0.0000000 0.0000000 0.0000000 0.0000000  0.0000010 0.0000000 0.0000000 0.0000000 0.0000000 0.0000000 0.0000000 0.0000000 0.0000000 0.0000000 0.0000000 0.0000000 0.0000000 -0.0000010 0.0000000 0.0000000 0.0000000 0.0000000  0.0000010 0.0000000 -0.0000010 0.0000000 0.0000000  0.0000010 0.0000000 0.0000000 -0.0000030 -0.0000020 0.0000000 0.0000000  0.0000010 0.0000000 0.0000000 0.0000000  0.0000010 -0.0000010  0.0000010 -0.0000010 0.0000000 -0.0000020 0.0000000  0.0000020 0.0000000 -0.0000020 0.0000000 0.0000000 -0.0000020 0.0000000  0.0000010 0.0000000 -0.0000020 0.0000000  0.0000010 0.0000000  0.0000010 0.0000000  0.0000010 -0.0000010 -0.0000010 0.0000000 0.0000000 0.0000000 0.0000000 -0.0000020 0.0000000 0.0000000  0.0000010 0.0000000 0.0000000 0.0000000 0.0000000 0.0000000 0.0000000 0.0000000  1.0000000 0.0000000  0.0000020  0.0000020 0.0000000 0.0000000 0.0000000  0.0281089  0.0256140 -0.0061820 -0.0171049 -0.0071729 -0.0564539 -0.0241630
NP_SINGLETOPNORMUP                 0.0000000 0.0000000 0.0000000 0.0000000 0.0000000 0.0000000 0.0000000 0.0000000 0.0000000 0.0000000 0.0000000 0.0000000 0.0000000 0.0000000 0.0000000 0.0000000 0.0000000 0.0000000 0.0000000 0.0000000 0.0000000 0.0000000 0.0000000 0.0000000 0.0000000 0.0000000 0.0000000 0.0000000 0.0000000 0.0000000 0.0000000 0.0000000 0.0000000 0.0000000 0.0000000 0.0000000 0.0000000 0.0000000 0.0000000 0.0000000 0.0000000 0.0000000 0.0000000 0.0000000 0.0000000 0.0000000 0.0000000 0.0000000 0.0000000 0.0000000 0.0000000 0.0000000 0.0000000 0.0000000 0.0000000 0.0000000 0.0000000 0.0000000 0.0000000 0.0000000 0.0000000 0.0000000 0.0000000 0.0000000 0.0000000 0.0000000 -0.0000010 0.0000000 0.0000000 0.0000000 0.0000000 0.0000000 0.0000000 0.0000000 0.0000000 0.0000000 0.0000000 0.0000000 0.0000000 0.0000000 0.0000000 0.0000000 0.0000000 0.0000000 0.0000000 0.0000000 0.0000000 0.0000000 0.0000000 0.0000000 0.0000000 0.0000000 0.0000000 0.0000000 0.0000000 0.0000000 0.0000000 0.0000000 0.0000000 0.0000000 0.0000000 0.0000000 0.0000000 0.0000000 0.0000000 0.0000000 0.0000000 0.0000000 0.0000000 0.0000000 0.0000000 0.0000000 0.0000000 0.0000000 0.0000000  1.0000000 0.0000000 0.0000000 0.0000000 0.0000000 0.0000000 -0.0192949  0.0006760 -0.0006440  0.0047320  0.0172420  0.0129350 -0.0049259
NP_TtbarColorReconnection          0.0000000 -0.0000070 0.0000000  0.0000060  0.0000080 -0.0000030 0.0000000 0.0000000 0.0000000 0.0000000 0.0000000  0.0000020 0.0000000 0.0000000 0.0000000  0.0000060 -0.0000090 0.0000000 0.0000000  0.0000050 -0.0000030 -0.0000030 -0.0000010  0.0000010 -0.0000040  0.0000030 -0.0000140  0.0000160 -0.0000010  0.0000020 -0.0000020  0.0000020  0.0000020 0.0000000 -0.0000010 -0.0000020  0.0000020  0.0000030  0.0000010  0.0000030 -0.0000040 0.0000000 0.0000000 -0.0000010 0.0000000 0.0000000  0.0000010 -0.0000010  0.0000010 -0.0000010 0.0000000 0.0000000 -0.0000030  0.0000080 0.0000000 -0.0000010  0.0000010 -0.0000010 -0.0000040  0.0000010  0.0000040 -0.0000040 0.0000000 -0.0000060  0.0000020 0.0000000  0.0000250  0.0000130  0.0000040 0.0000000 -0.0000060 0.0000000 0.0000000  0.0000030 -0.0000060  0.0000120 -0.0000050  0.0000100  0.0000050  0.0000190  0.0000040 -0.0000170  0.0000020  0.0000190 0.0000000 0.0000000  0.0000130 -0.0000020 -0.0000060 0.0000000  0.0000200 0.0000000 -0.0000090  0.0000020 -0.0000040  0.0000020 -0.0000110  0.0000040  0.0000060 -0.0000040 -0.0000010 0.0000000 -0.0000040  0.0000130 0.0000000 0.0000000 -0.0000080  0.0000020 0.0000000 0.0000000 0.0000000 0.0000000 -0.0000050 0.0000000  0.0000020 0.0000000  1.0000000 -0.0000150  0.0000050  0.0000010 0.0000000 -0.1108350  0.4505310 -0.3663040  0.1780090 -0.5745630 -0.2544259  0.2094620
NP_TtbarShowerHadronization        0.0000000 -0.0000080 0.0000000  0.0000060  0.0000080 -0.0000040 0.0000000 0.0000000 0.0000000 0.0000000 0.0000000  0.0000020 0.0000000 0.0000000 0.0000000  0.0000070 -0.0000100 0.0000000 0.0000000  0.0000050 -0.0000030 -0.0000030 -0.0000020  0.0000020 -0.0000050  0.0000040 -0.0000150  0.0000180 -0.0000010  0.0000020 -0.0000020  0.0000020  0.0000020 0.0000000 -0.0000010 -0.0000030  0.0000020  0.0000030  0.0000020  0.0000030 -0.0000050 0.0000000 0.0000000 -0.0000010 0.0000000 0.0000000  0.0000020 -0.0000010  0.0000010 -0.0000010 0.0000000 0.0000000 -0.0000040  0.0000090 0.0000000 -0.0000020  0.0000010 -0.0000010 -0.0000050  0.0000020  0.0000050 -0.0000040 0.0000000 -0.0000060  0.0000020 0.0000000  0.0000270  0.0000140  0.0000040 -0.0000010 -0.0000060 0.0000000 0.0000000  0.0000030 -0.0000060  0.0000130 -0.0000050  0.0000100  0.0000050  0.0000190  0.0000040 -0.0000180  0.0000020  0.0000210 0.0000000  0.0000010  0.0000150 -0.0000020 -0.0000060 0.0000000  0.0000220  0.0000010 -0.0000100  0.0000020 -0.0000050  0.0000030 -0.0000120  0.0000050  0.0000070 -0.0000040 -0.0000010 0.0000000 -0.0000040  0.0000130 0.0000000 0.0000000 -0.0000080  0.0000020 0.0000000 0.0000000 0.0000000 0.0000000 -0.0000040 -0.0000010  0.0000020 0.0000000 -0.0000150  1.0000000  0.0000050  0.0000010 0.0000000  0.0092090 -0.2113649 -0.0446179  0.1382220  0.2127199  0.0436560  0.2207999
NP_WJETSNORMUP                     0.0000000  0.0000020 0.0000000 -0.0000020 -0.0000020  0.0000010 0.0000000 0.0000000 0.0000000 0.0000000 0.0000000 0.0000000 0.0000000 0.0000000 0.0000000 -0.0000020  0.0000030 0.0000000 0.0000000 -0.0000010  0.0000010  0.0000010 0.0000000 0.0000000  0.0000010 -0.0000010  0.0000040 -0.0000050 0.0000000 -0.0000010  0.0000010 0.0000000 0.0000000 0.0000000 0.0000000  0.0000010 -0.0000010 -0.0000010 0.0000000 -0.0000010  0.0000010 0.0000000 0.0000000 0.0000000 0.0000000 0.0000000 0.0000000 0.0000000 0.0000000 0.0000000 0.0000000 0.0000000  0.0000010 -0.0000030 0.0000000  0.0000010 0.0000000 0.0000000  0.0000010 0.0000000 -0.0000010  0.0000010 0.0000000  0.0000020 -0.0000010 0.0000000 -0.0000080 -0.0000040 -0.0000010 0.0000000  0.0000020 0.0000000 0.0000000 -0.0000010  0.0000020 -0.0000040  0.0000020 -0.0000030 -0.0000020 -0.0000060 -0.0000010  0.0000060 -0.0000010 -0.0000060 0.0000000 0.0000000 -0.0000060  0.0000010  0.0000020 0.0000000 -0.0000070 0.0000000  0.0000030 0.0000000  0.0000010 -0.0000010  0.0000040 -0.0000010 -0.0000020  0.0000010 0.0000000 0.0000000  0.0000010 -0.0000040 0.0000000 0.0000000  0.0000030 -0.0000010 0.0000000 0.0000000 0.0000000 0.0000000  0.0000020 0.0000000 0.0000000 0.0000000  0.0000050  0.0000050  1.0000000 0.0000000 0.0000000 -0.2642869 -0.0052100  0.0937169  0.0711740  0.0246520  0.1762380 -0.0716630
NP_ZJETSNORMUP                     0.0000000 0.0000000 0.0000000 0.0000000 0.0000000 0.0000000 0.0000000 0.0000000 0.0000000 0.0000000 0.0000000 0.0000000 0.0000000 0.0000000 0.0000000 0.0000000  0.0000010 0.0000000 0.0000000 0.0000000 0.0000000 0.0000000 0.0000000 0.0000000 0.0000000 0.0000000  0.0000010 -0.0000010 0.0000000 0.0000000 0.0000000 0.0000000 0.0000000 0.0000000 0.0000000 0.0000000 0.0000000 0.0000000 0.0000000 0.0000000 0.0000000 0.0000000 0.0000000 0.0000000 0.0000000 0.0000000 0.0000000 0.0000000 0.0000000 0.0000000 0.0000000 0.0000000 0.0000000 0.0000000 0.0000000 0.0000000 0.0000000 0.0000000 0.0000000 0.0000000 0.0000000 0.0000000 0.0000000 0.0000000 0.0000000 0.0000000 -0.0000020 -0.0000010 0.0000000 0.0000000 0.0000000 0.0000000 0.0000000 0.0000000 0.0000000 -0.0000010 0.0000000 -0.0000010 0.0000000 -0.0000010 0.0000000  0.0000010 0.0000000 -0.0000010 0.0000000 0.0000000 -0.0000010 0.0000000 0.0000000 0.0000000 -0.0000010 0.0000000  0.0000010 0.0000000 0.0000000 0.0000000  0.0000010 0.0000000 0.0000000 0.0000000 0.0000000 0.0000000 0.0000000 -0.0000010 0.0000000 0.0000000  0.0000010 0.0000000 0.0000000 0.0000000 0.0000000 0.0000000 0.0000000 0.0000000 0.0000000 0.0000000  0.0000010  0.0000010 0.0000000  1.0000000 0.0000000 -0.0015060 -0.0018649 -0.0049589  0.0203449 -0.0065440  0.0098189 -0.0131920
atlas_bin0                         0.0000000 0.0000000 0.0000000 0.0000000 0.0000000 0.0000000 0.0000000 0.0000000 0.0000000 0.0000000 0.0000000 0.0000000 0.0000000 0.0000000 0.0000000 0.0000000 0.0000000 0.0000000 0.0000000 0.0000000 0.0000000 0.0000000 0.0000000 0.0000000 0.0000000 0.0000000 0.0000000 0.0000000 0.0000000 0.0000000 0.0000000 0.0000000 0.0000000 0.0000000 0.0000000 0.0000000 0.0000000 0.0000000 0.0000000 0.0000000 0.0000000 0.0000000 0.0000000 0.0000000 0.0000000 0.0000000 0.0000000 0.0000000 0.0000000 0.0000000 0.0000000 0.0000000 0.0000000 0.0000000 0.0000000 0.0000000 0.0000000 0.0000000 0.0000000 0.0000000 0.0000000 0.0000000 0.0000000 0.0000000 0.0000000 0.0000000 0.0000000 0.0000000 0.0000000 0.0000000 0.0000000 0.0000000 0.0000000 0.0000000 0.0000000 0.0000000 0.0000000 0.0000000 0.0000000 0.0000000 0.0000000 0.0000000 0.0000000 0.0000000 0.0000000 0.0000000 0.0000000 0.0000000 0.0000000 0.0000000 0.0000000 0.0000000 0.0000000 0.0000000 0.0000000 0.0000000 0.0000000 0.0000000 0.0000000 0.0000000 0.0000000 0.0000000 0.0000000 0.0000000 0.0000000 0.0000000 0.0000000 0.0000000 0.0000000 0.0000000 0.0000000 0.0000000 0.0000000 0.0000000 0.0000000 0.0000000 0.0000000 0.0000000 0.0000000 0.0000000  1.0000000 0.0000000 0.0000000 0.0000000 0.0000000 0.0000000 0.0000000 0.0000000
atlas_bin1                          0.0001740 -0.0353979  0.0367530  0.0161430  0.1182710  0.0445699 0.0000000 0.0000000 0.0000000  0.0225769 0.0000000  0.0270610 -0.0001250  0.0019540 -0.0003110  0.1031230 -0.1588710  0.0034320 -0.0004800  0.0714459 -0.0430229 -0.0621620 -0.0250639  0.0299029 -0.0669560  0.0550329 -0.2955929  0.3333030 -0.0108450  0.0264369 -0.0399279  0.0344819  0.0221960 -0.0038649 -0.0148190 -0.0263189  0.0233370 -0.0101700  0.0655870  0.0486390 -0.0686070 -0.0100120  0.0119950 -0.0092770  0.0040980 -0.0041999  0.0281150 -0.0144230  0.0220290 -0.0189819 -0.0065389  0.0042329 -0.0355649  0.1842350 -0.0052729 -0.0250660  0.0172420 -0.0190260 -0.0886080  0.0219750  0.0582150 -0.0480420  0.0010250 -0.0262940 -0.0322619 -0.0458980  0.0580530  0.0826729 -0.0176009 -0.1408959  0.0706200  0.0043699 0.0000000  0.0074929  0.0199019  0.0000680 -0.0209030  0.0595720  0.0144550 -0.0207999 -0.0460010  0.0547450 -0.0435400  0.1362099 -0.0296240  0.0136089  0.0589300  0.0325280 -0.0240299  0.0150430 -0.1103699  0.0256979  0.0025349  0.0233820 -0.0892170  0.0087240  0.0072680  0.0348440  0.0523110 -0.0325889 -0.0306540  0.0252950 -0.0345569 -0.0379309 -0.0001680 0.0000000 -0.0067099  0.0256720 0.0000000 0.0000000 0.0000000 -0.0251719  0.1397039  0.0159189  0.0281089 -0.0192949 -0.1108350  0.0092090 -0.2642869 -0.0015060 0.0000000  1.0000000 -0.0060699 -0.0801309 -0.4857330 -0.2334930 -0.3857800 -0.2935459
atlas_bin2                         -0.0025089 -0.0368679  0.0236230  0.0287479  0.0616340  0.0166590 0.0000000 0.0000000 0.0000000 -0.0030950 0.0000000  0.0126569 -0.0020260  0.0021489 -0.0009010  0.0533179 -0.0843070  0.0006820  0.0004920  0.0355520 -0.0221070 -0.0339339 -0.0117479  0.0157020 -0.0370679  0.0294020 -0.1282480  0.1380220 -0.0070359  0.0156419 -0.0176389  0.0157060  0.0140789  0.0000840 -0.0099790 -0.0231530  0.0208710  0.0225039  0.0112510  0.0288129 -0.0417239 -0.0013829  0.0010679 -0.0036210  0.0000030 -0.0079369  0.0126649 -0.0064619  0.0107670 -0.0099039 -0.0005509 -0.0026099 -0.0328470  0.0702500 -0.0029060 -0.0170240  0.0084620 -0.0077749 -0.0439879  0.0148319  0.0336190 -0.0278860  0.0018829 -0.0215440  0.0230199 -0.0108190  0.0620189  0.0892460  0.0260029 -0.1067310  0.0135750  0.0028509 0.0000000  0.0015269  0.0188180  0.0527359 -0.0167199  0.0292880  0.0202209 -0.0626769  0.0213549  0.0280429  0.0501619  0.1118090 -0.0150960  0.0053229  0.0749279  0.0225789 -0.0329650 -0.0002500 -0.0194590  0.0145400 -0.0282549  0.0093460 -0.0382709  0.0083649 -0.0237519  0.0133580  0.0422799 -0.0142979 -0.0228690 -0.0049659  0.0097730  0.0015740  0.0072839 0.0000000 -0.0079819 -0.0106470 0.0000000 0.0000000 0.0000000 -0.0007460  0.0126809 -0.0075969  0.0256140  0.0006760  0.4505310 -0.2113649 -0.0052100 -0.0018649 0.0000000 -0.0060699  1.0000000 -0.4358600 -0.2496839 -0.4960049 -0.2981900 -0.1687009
atlas_bin3                         -0.0030980 -0.0150519  0.0009710  0.0226620 -0.0101890 -0.0214400 0.0000000 0.0000000 0.0000000 -0.0077889 0.0000000 -0.0010850 -0.0020390  0.0023670 -0.0015900 -0.0044219  0.0042209 -0.0025850  0.0020650 -0.0064469  0.0031430  0.0008140  0.0009680 -0.0008120  0.0005600 -0.0007100  0.0357659 -0.0513240 -0.0008130  0.0007660  0.0033590 -0.0028790  0.0005280  0.0017840 -0.0009380 -0.0080289  0.0072309  0.0316699 -0.0288010  0.0015709 -0.0028300  0.0001140 -0.0013020  0.0020569 -0.0018120 -0.0062329 -0.0023760  0.0005380 -0.0030829  0.0020420  0.0005670 -0.0020830 -0.0074419 -0.0316799  0.0002090  0.0005440 -0.0014210  0.0033019  0.0077489 -0.0005970  0.0048719 -0.0048019  0.0013790 -0.0117050 -0.0041960  0.0056309  0.0617790  0.0272680  0.0404460 -0.0013970 -0.0142360 -0.0018950 0.0000000  0.0064050  0.0108179 -0.0592550  0.1039770 -0.0536200 -0.0869719  0.0258369 -0.0124829 -0.0324129 -0.0008370  0.0172689  0.0141580  0.0093410  0.0472920 -0.0395490 -0.0335949  0.0047850  0.0722140 -0.0104989 -0.0416969  0.0105660  0.0534499  0.0065599 -0.0458609  0.0151780  0.0221020  0.0005430  0.0103630  0.0197050 -0.0083520  0.0247689  0.0000450 0.0000000  0.0414240 -0.0042290 0.0000000 0.0000000 0.0000000 -0.0024800  0.0647039  0.0295710 -0.0061820 -0.0006440 -0.3663040 -0.0446179  0.0937169 -0.0049589 0.0000000 -0.0801309 -0.4358600  1.0000000 -0.4281039  0.1646579  0.0296639 -0.1343949
atlas_bin4                          0.0033730  0.0227319 -0.0406849 -0.0146870 -0.0806749 -0.0332980 0.0000000 0.0000000 0.0000000 -0.0102729 0.0000000 -0.0197190 -0.0003830 -0.0027599  0.0012040 -0.0777550  0.1180520 -0.0030790  0.0009280 -0.0525190  0.0317329  0.0485680  0.0181939 -0.0231659  0.0503600 -0.0413289  0.2108029 -0.2494119  0.0083890 -0.0198550  0.0303560 -0.0260430 -0.0170499  0.0024949  0.0118130  0.0220640 -0.0192860  0.0037190 -0.0468500 -0.0355600  0.0512610  0.0064749 -0.0068830  0.0086540 -0.0026660  0.0023389 -0.0213540  0.0116310 -0.0163570  0.0150849  0.0053540 -0.0033790  0.0326499 -0.1367639  0.0034299  0.0200880 -0.0122939  0.0133039  0.0651069 -0.0176609 -0.0439589  0.0359070 -0.0002840  0.0065579  0.0075240  0.0024510 -0.0035710 -0.0851480 -0.0531859  0.1824780 -0.0772280 -0.0039090 0.0000000 -0.0125950 -0.0725920  0.0145459 -0.0734589  0.0361469  0.0222480  0.0820010  0.0062680 -0.0046519 -0.0402329 -0.1129320  0.0062810 -0.0238610 -0.0870060 -0.0072189  0.0601160 -0.0154739  0.1528490 -0.0154229  0.0291480 -0.0282810 -0.0070640 -0.0185290  0.0206959 -0.0257989 -0.0466799  0.0122019 -0.0125789 -0.0978440  0.0185209  0.0784409 -0.0095379 0.0000000 -0.0391200  0.0142139 0.0000000 0.0000000 0.0000000  0.0116080 -0.0356230 -0.0274030 -0.0171049  0.0047320  0.1780090  0.1382220  0.0711740  0.0203449 0.0000000 -0.4857330 -0.2496839 -0.4281039  1.0000000  0.0465809  0.2080589  0.2215310
atlas_bin5                          0.0040159  0.0451179 -0.0263970 -0.0362639 -0.0670749 -0.0064819 0.0000000 0.0000000 0.0000000 -0.0057109 0.0000000 -0.0161950  0.0014450 -0.0027820  0.0012680 -0.0679779  0.1047499 -0.0004740 -0.0010189 -0.0470889  0.0283640  0.0397879  0.0149540 -0.0190309  0.0458010 -0.0369529  0.1606960 -0.1873269  0.0078150 -0.0180200  0.0210329 -0.0192079 -0.0177700 -0.0002140  0.0125909  0.0252469 -0.0224999 -0.0190220 -0.0227669 -0.0282470  0.0447859  0.0043229 -0.0044889  0.0119819  0.0001070  0.0015510 -0.0158709  0.0078609 -0.0135800  0.0123960  0.0025089  0.0002180  0.0372600 -0.1065640  0.0035130  0.0199870 -0.0105109  0.0097929  0.0505989 -0.0174449 -0.0450670  0.0375629 -0.0015360  0.0257579 -0.0026359  0.0378939 -0.0759439 -0.1394009 -0.0192790  0.0668600  0.0510429 -0.0074720 0.0000000  0.0659099  0.1298960 -0.0339990  0.0501940 -0.0290949 -0.0267680  0.1450450 -0.0714650 -0.1461290 -0.0352849 -0.1052349  0.0200029 -0.0081370 -0.0576069  0.0089149  0.0398910 -0.0041799 -0.0018929 -0.0285930  0.0238550 -0.0266529  0.0093570  0.0050429  0.0231920 -0.0482730 -0.0504360  0.0030860  0.0998399  0.1592379  0.0188989 -0.0122209  0.0017380 0.0000000  0.0737799 -0.0736839 0.0000000 0.0000000 0.0000000  0.0169780 -0.2356749 -0.0016720 -0.0071729  0.0172420 -0.5745630  0.2127199  0.0246520 -0.0065440 0.0000000 -0.2334930 -0.4960049  0.1646579  0.0465809  1.0000000  0.2813260  0.1568859
atlas_bin6                          0.0120370  0.0724420 -0.0215510 -0.0608329 -0.0826270 -0.0203219 0.0000000 0.0000000 0.0000000 -0.0063190 0.0000000 -0.0236859  0.0056470 -0.0052979  0.0027380 -0.0898489  0.1385200  0.0000240 -0.0020360 -0.0542429  0.0336180  0.0583740  0.0218840 -0.0274210  0.0631049 -0.0515839  0.2106540 -0.2438939  0.0121869 -0.0273380  0.0303989 -0.0272219 -0.0241309  0.0000010  0.0172819  0.0315389 -0.0273200 -0.0323649 -0.0242820 -0.0411040  0.0614369  0.0072340 -0.0065690  0.0129359 -0.0001570  0.0049040 -0.0226449  0.0115809 -0.0190859  0.0181970  0.0043189  0.0000940  0.0481460 -0.1342440  0.0036389  0.0191659 -0.0149940  0.0112479  0.0688799 -0.0166609 -0.0663409  0.0560859 -0.0047540  0.0659170  0.0078410  0.0785529 -0.2675460  0.0179230  0.0400140  0.1832769 -0.1032219  0.0091819 0.0000000 -0.0170510 -0.1618910  0.2760500 -0.0687910  0.0327249  0.3044640 -0.1092640  0.1975639 -0.0852320  0.0998320 -0.0964969  0.0621060 -0.0116659 -0.0779040 -0.0509389  0.0519719  0.0010620 -0.1628350 -0.0361010  0.0561159 -0.0097289  0.2313479 -0.0083400  0.0348320 -0.0054330 -0.1308749  0.0295960 -0.0874260 -0.0899149 -0.0406100 -0.0013439 -0.0042069 0.0000000 -0.1682349  0.0877850 0.0000000 0.0000000 0.0000000  0.0239410  0.0063330 -0.0118560 -0.0564539  0.0129350 -0.2544259  0.0436560  0.1762380  0.0098189 0.0000000 -0.3857800 -0.2981900  0.0296639  0.2080589  0.2813260  1.0000000  0.2539759
atlas_bin7                         -0.0056559  0.1025630  0.0006600 -0.0819659 -0.1048309  0.0474199 0.0000000 0.0000000 0.0000000 -0.0057800 0.0000000 -0.0223549  0.0034120 -0.0037439  0.0017110 -0.0872480  0.1348820  0.0015620 -0.0033029 -0.0633419  0.0370819  0.0432280  0.0206609 -0.0217080  0.0613090 -0.0501520  0.1987309 -0.2289380  0.0112750 -0.0254740  0.0259950 -0.0234800 -0.0229689 -0.0003050  0.0163300  0.0357200 -0.0320119 -0.0355530 -0.0196789 -0.0372740  0.0586780  0.0061720 -0.0062179  0.0146319  0.0001580  0.0040610 -0.0202629  0.0108280 -0.0172770  0.0161360  0.0028430  0.0024199  0.0475010 -0.1256889  0.0052620  0.0233629 -0.0126429  0.0119340  0.0628630 -0.0203170 -0.0637960  0.0538119 -0.0031480  0.0815690 -0.0276479  0.0027980 -0.3529200 -0.1806180 -0.0478639  0.0070590  0.0831780 -0.0018829 0.0000000 -0.0452369  0.0830219 -0.1794699  0.0702809 -0.1382269 -0.0701559 -0.2588360 -0.0501899  0.2341759 -0.0239650 -0.2692899  0.0020089 -0.0066039 -0.2237200  0.0312990  0.0798279  0.0067710 -0.2888629 -0.0073169  0.1308970 -0.0227800  0.0586739 -0.0328729  0.1544349 -0.0607050 -0.0927110  0.0509710  0.0151900  0.0043730  0.0499370 -0.1726890 -0.0055919 0.0000000  0.1132599 -0.0227280 0.0000000 0.0000000 0.0000000  0.0020430  0.0604810  0.0076480 -0.0241630 -0.0049259  0.2094620  0.2207999 -0.0716630 -0.0131920 0.0000000 -0.2935459 -0.1687009 -0.1343949  0.2215310  0.1568859  0.2539759  1.0000000
[end full correlation matrix]

[full covariance matrix]
NP_btag0                            1.0000000 0.0000000 0.0000000 0.0000000 0.0000000 0.0000000 0.0000000 0.0000000 0.0000000 0.0000000 0.0000000 0.0000000 0.0000000 0.0000000 0.0000000 0.0000000 0.0000000 0.0000000 0.0000000 0.0000000 0.0000000 0.0000000 0.0000000 0.0000000 0.0000000 0.0000000 0.0000000 0.0000000 0.0000000 0.0000000 0.0000000 0.0000000 0.0000000 0.0000000 0.0000000 0.0000000 0.0000000 0.0000000 0.0000000 0.0000000 0.0000000 0.0000000 0.0000000 0.0000000 0.0000000 0.0000000 0.0000000 0.0000000 0.0000000 0.0000000 0.0000000 0.0000000 0.0000000 0.0000000 0.0000000 0.0000000 0.0000000 0.0000000 0.0000000 0.0000000 0.0000000 0.0000000 0.0000000 0.0000000 0.0000000 0.0000000 -0.0000010 0.0000000 0.0000000 0.0000000 0.0000000 0.0000000 0.0000000 0.0000000 0.0000000 0.0000000 0.0000000 0.0000000 0.0000000 0.0000000 0.0000000 0.0000000 0.0000000 -0.0000010 0.0000000 0.0000000 0.0000000 0.0000000 0.0000000 0.0000000 -0.0000010 0.0000000 0.0000000 0.0000000 0.0000000 0.0000000 0.0000000 0.0000000 0.0000000 0.0000000 0.0000000 0.0000000 0.0000000 0.0000000 0.0000000 0.0000000 0.0000000 0.0000000 0.0000000 0.0000000 0.0000000 0.0000000 0.0000000 0.0000000 0.0000000 0.0000000 0.0000000 0.0000000 0.0000000 0.0000000 0.0000000  0.0000190 -0.0002290 -0.0002610  0.0002090  0.0004480  0.0012130 -0.0006230
NP_btag1                           0.0000000  1.0000089 0.0000000  0.0000030  0.0000040 -0.0000020 0.0000000 0.0000000 0.0000000 0.0000000 0.0000000  0.0000010 0.0000000 0.0000000 0.0000000  0.0000030 -0.0000050 0.0000000 0.0000000  0.0000030 -0.0000010 -0.0000020 -0.0000010  0.0000010 -0.0000020  0.0000020 -0.0000070  0.0000080 0.0000000  0.0000010 -0.0000010  0.0000010  0.0000010 0.0000000 -0.0000010 -0.0000010  0.0000010  0.0000010  0.0000010  0.0000010 -0.0000020 0.0000000 0.0000000 -0.0000010 0.0000000 0.0000000  0.0000010 0.0000000  0.0000010 -0.0000010 0.0000000 0.0000000 -0.0000020  0.0000040 0.0000000 -0.0000010 0.0000000 0.0000000 -0.0000020  0.0000010  0.0000020 -0.0000020 0.0000000 -0.0000030  0.0000010 0.0000000  0.0000130  0.0000060  0.0000020 0.0000000 -0.0000030 0.0000000 0.0000000  0.0000020 -0.0000030  0.0000060 -0.0000030  0.0000050  0.0000020  0.0000090  0.0000020 -0.0000080  0.0000010  0.0000100 0.0000000 0.0000000  0.0000080 -0.0000010 -0.0000030 0.0000000  0.0000100 0.0000000 -0.0000050  0.0000010 -0.0000020  0.0000010 -0.0000050  0.0000020  0.0000030 -0.0000020 -0.0000010 0.0000000 -0.0000020  0.0000060 0.0000000 0.0000000 -0.0000040  0.0000010 0.0000000 0.0000000 0.0000000 0.0000000 -0.0000020 0.0000000  0.0000010 0.0000000 -0.0000070 -0.0000080  0.0000020 0.0000000 0.0000000 -0.0039259 -0.0033620 -0.0012689  0.0014090  0.0050309  0.0073000  0.0112960
NP_btag2                           0.0000000 0.0000000  1.0000000 0.0000000 0.0000000 0.0000000 0.0000000 0.0000000 0.0000000 0.0000000 0.0000000 0.0000000 0.0000000 0.0000000 0.0000000 0.0000000 0.0000000 0.0000000 0.0000000 0.0000000 0.0000000 0.0000000 0.0000000 0.0000000 0.0000000 0.0000000 0.0000000 0.0000000 0.0000000 0.0000000 0.0000000 0.0000000 0.0000000 0.0000000 0.0000000 0.0000000 0.0000000 0.0000000 0.0000000 0.0000000 0.0000000 0.0000000 0.0000000 0.0000000 0.0000000 0.0000000 0.0000000 0.0000000 0.0000000 0.0000000 0.0000000 0.0000000 0.0000000 0.0000000 0.0000000 0.0000000 0.0000000 0.0000000 0.0000000 0.0000000 0.0000000 0.0000000 0.0000000 0.0000000 0.0000000 0.0000000 0.0000000 0.0000000 0.0000000 0.0000000 0.0000000 0.0000000 0.0000000 0.0000000 0.0000000 0.0000000 0.0000000 0.0000000 0.0000000 0.0000000 0.0000000 0.0000000 0.0000000 0.0000000 0.0000000 0.0000000  0.0000010 0.0000000 0.0000000 0.0000000 0.0000000 0.0000000 0.0000000 0.0000000 0.0000000 0.0000000 0.0000000 0.0000000 0.0000000 0.0000000 0.0000000 0.0000000 0.0000000 0.0000000 0.0000000 0.0000000 0.0000000 0.0000000 0.0000000 0.0000000 0.0000000 0.0000000 0.0000000 0.0000000 0.0000000 0.0000000 0.0000000 0.0000000 0.0000000 0.0000000 0.0000000  0.0040759  0.0021540  0.0000820 -0.0025219 -0.0029429 -0.0021719  0.0000730
NP_btag3                           0.0000000  0.0000030 0.0000000  0.9999959 -0.0000030  0.0000010 0.0000000 0.0000000 0.0000000 0.0000000 0.0000000 -0.0000010 0.0000000 0.0000000 0.0000000 -0.0000030  0.0000040 0.0000000 0.0000000 -0.0000020  0.0000010  0.0000010  0.0000010 -0.0000010  0.0000020 -0.0000010  0.0000060 -0.0000070 0.0000000 -0.0000010  0.0000010 -0.0000010 -0.0000010 0.0000000 0.0000000  0.0000010 -0.0000010 -0.0000010 -0.0000010 -0.0000010  0.0000020 0.0000000 0.0000000 0.0000000 0.0000000 0.0000000 -0.0000010 0.0000000 0.0000000 0.0000000 0.0000000 0.0000000  0.0000010 -0.0000030 0.0000000  0.0000010 0.0000000 0.0000000  0.0000020 -0.0000010 -0.0000020  0.0000020 0.0000000  0.0000020 -0.0000010 0.0000000 -0.0000100 -0.0000050 -0.0000010 0.0000000  0.0000020 0.0000000 0.0000000 -0.0000010  0.0000020 -0.0000050  0.0000020 -0.0000040 -0.0000020 -0.0000070 -0.0000010  0.0000070 -0.0000010 -0.0000080 0.0000000 0.0000000 -0.0000060  0.0000010  0.0000020 0.0000000 -0.0000080 0.0000000  0.0000040 -0.0000010  0.0000020 -0.0000010  0.0000040 -0.0000020 -0.0000030  0.0000010 0.0000000 0.0000000  0.0000010 -0.0000050 0.0000000 0.0000000  0.0000030 -0.0000010 0.0000000 0.0000000 0.0000000 0.0000000  0.0000020 0.0000000 -0.0000010 0.0000000  0.0000060  0.0000060 -0.0000020 0.0000000 0.0000000  0.0017899  0.0026210  0.0019109 -0.0009100 -0.0040429 -0.0061300 -0.0090279
NP_btag4                           0.0000000  0.0000040 0.0000000 -0.0000030  0.9999970  0.0000020 0.0000000 0.0000000 0.0000000 0.0000000 0.0000000 -0.0000010 0.0000000 0.0000000 0.0000000 -0.0000040  0.0000060 0.0000000 0.0000000 -0.0000030  0.0000020  0.0000020  0.0000010 -0.0000010  0.0000030 -0.0000020  0.0000080 -0.0000090  0.0000010 -0.0000010  0.0000010 -0.0000010 -0.0000010 0.0000000  0.0000010  0.0000010 -0.0000010 -0.0000010 -0.0000010 -0.0000020  0.0000030 0.0000000 0.0000000  0.0000010 0.0000000 0.0000000 -0.0000010 0.0000000 -0.0000010  0.0000010 0.0000000 0.0000000  0.0000020 -0.0000050 0.0000000  0.0000010 -0.0000010 0.0000000  0.0000030 -0.0000010 -0.0000030  0.0000020 0.0000000  0.0000030 -0.0000010 0.0000000 -0.0000140 -0.0000080 -0.0000020  0.0000010  0.0000030 0.0000000 0.0000000 -0.0000020  0.0000030 -0.0000060  0.0000030 -0.0000050 -0.0000030 -0.0000090 -0.0000020  0.0000090 -0.0000010 -0.0000100 0.0000000 0.0000000 -0.0000070  0.0000010  0.0000030 0.0000000 -0.0000110 0.0000000  0.0000050 -0.0000010  0.0000030 -0.0000010  0.0000050 -0.0000020 -0.0000040  0.0000020  0.0000010 0.0000000  0.0000020 -0.0000060 0.0000000 0.0000000  0.0000040 -0.0000010 0.0000000 0.0000000 0.0000000 0.0000000  0.0000020 0.0000000 -0.0000010 0.0000000  0.0000080  0.0000080 -0.0000020 0.0000000 0.0000000  0.0131170  0.0056200 -0.0008590 -0.0050010 -0.0074790 -0.0083269 -0.0115460
NP_btag5                           0.0000000 -0.0000020 0.0000000  0.0000010  0.0000020  1.0000009 0.0000000 0.0000000 0.0000000 0.0000000 0.0000000 0.0000000 0.0000000 0.0000000 0.0000000  0.0000010 -0.0000020 0.0000000 0.0000000  0.0000010 -0.0000010 -0.0000010 0.0000000 0.0000000 -0.0000010  0.0000010 -0.0000030  0.0000040 0.0000000 0.0000000 0.0000000 0.0000000 0.0000000 0.0000000 0.0000000 -0.0000010  0.0000010 0.0000000 0.0000000  0.0000010 -0.0000010 0.0000000 0.0000000 0.0000000 0.0000000 0.0000000 0.0000000 0.0000000 0.0000000 0.0000000 0.0000000 0.0000000 -0.0000010  0.0000020 0.0000000 0.0000000 0.0000000 0.0000000 -0.0000010 0.0000000  0.0000010 -0.0000010 0.0000000 -0.0000010 0.0000000 0.0000000  0.0000060  0.0000030  0.0000010 0.0000000 -0.0000010 0.0000000 0.0000000  0.0000010 -0.0000010  0.0000030 -0.0000010  0.0000020  0.0000010  0.0000040  0.0000010 -0.0000040 0.0000000  0.0000040 0.0000000 0.0000000  0.0000040 -0.0000010 -0.0000010 0.0000000  0.0000050 0.0000000 -0.0000020 0.0000000 -0.0000010  0.0000010 -0.0000020  0.0000010  0.0000010 -0.0000010 0.0000000 0.0000000 -0.0000010  0.0000030 0.0000000 0.0000000 -0.0000020 0.0000000 0.0000000 0.0000000 0.0000000 0.0000000 -0.0000010 0.0000000 0.0000000 0.0000000 -0.0000030 -0.0000040  0.0000010 0.0000000 0.0000000  0.0049430  0.0015190 -0.0018079 -0.0020639 -0.0007230 -0.0020479  0.0052230
NP_btag6                           0.0000000 0.0000000 0.0000000 0.0000000 0.0000000 0.0000000  1.0000000 0.0000000 0.0000000 0.0000000 0.0000000 0.0000000 0.0000000 0.0000000 0.0000000 0.0000000 0.0000000 0.0000000 0.0000000 0.0000000 0.0000000 0.0000000 0.0000000 0.0000000 0.0000000 0.0000000 0.0000000 0.0000000 0.0000000 0.0000000 0.0000000 0.0000000 0.0000000 0.0000000 0.0000000 0.0000000 0.0000000 0.0000000 0.0000000 0.0000000 0.0000000 0.0000000 0.0000000 0.0000000 0.0000000 0.0000000 0.0000000 0.0000000 0.0000000 0.0000000 0.0000000 0.0000000 0.0000000 0.0000000 0.0000000 0.0000000 0.0000000 0.0000000 0.0000000 0.0000000 0.0000000 0.0000000 0.0000000 0.0000000 0.0000000 0.0000000 0.0000000 0.0000000 0.0000000 0.0000000 0.0000000 0.0000000 0.0000000 0.0000000 0.0000000 0.0000000 0.0000000 0.0000000 0.0000000 0.0000000 0.0000000 0.0000000 0.0000000 0.0000000 0.0000000 0.0000000 0.0000000 0.0000000 0.0000000 0.0000000 0.0000000 0.0000000 0.0000000 0.0000000 0.0000000 0.0000000 0.0000000 0.0000000 0.0000000 0.0000000 0.0000000 0.0000000 0.0000000 0.0000000 0.0000000 0.0000000 0.0000000 0.0000000 0.0000000 0.0000000 0.0000000 0.0000000 0.0000000 0.0000000 0.0000000 0.0000000 0.0000000 0.0000000 0.0000000 0.0000000 0.0000000 0.0000000 0.0000000 0.0000000 0.0000000 0.0000000 0.0000000 0.0000000
NP_btag7                           0.0000000 0.0000000 0.0000000 0.0000000 0.0000000 0.0000000 0.0000000  1.0000000 0.0000000 0.0000000 0.0000000 0.0000000 0.0000000 0.0000000 0.0000000 0.0000000 0.0000000 0.0000000 0.0000000 0.0000000 0.0000000 0.0000000 0.0000000 0.0000000 0.0000000 0.0000000 0.0000000 0.0000000 0.0000000 0.0000000 0.0000000 0.0000000 0.0000000 0.0000000 0.0000000 0.0000000 0.0000000 0.0000000 0.0000000 0.0000000 0.0000000 0.0000000 0.0000000 0.0000000 0.0000000 0.0000000 0.0000000 0.0000000 0.0000000 0.0000000 0.0000000 0.0000000 0.0000000 0.0000000 0.0000000 0.0000000 0.0000000 0.0000000 0.0000000 0.0000000 0.0000000 0.0000000 0.0000000 0.0000000 0.0000000 0.0000000 0.0000000 0.0000000 0.0000000 0.0000000 0.0000000 0.0000000 0.0000000 0.0000000 0.0000000 0.0000000 0.0000000 0.0000000 0.0000000 0.0000000 0.0000000 0.0000000 0.0000000 0.0000000 0.0000000 0.0000000 0.0000000 0.0000000 0.0000000 0.0000000 0.0000000 0.0000000 0.0000000 0.0000000 0.0000000 0.0000000 0.0000000 0.0000000 0.0000000 0.0000000 0.0000000 0.0000000 0.0000000 0.0000000 0.0000000 0.0000000 0.0000000 0.0000000 0.0000000 0.0000000 0.0000000 0.0000000 0.0000000 0.0000000 0.0000000 0.0000000 0.0000000 0.0000000 0.0000000 0.0000000 0.0000000 0.0000000 0.0000000 0.0000000 0.0000000 0.0000000 0.0000000 0.0000000
NP_btag8                           0.0000000 0.0000000 0.0000000 0.0000000 0.0000000 0.0000000 0.0000000 0.0000000  1.0000000 0.0000000 0.0000000 0.0000000 0.0000000 0.0000000 0.0000000 0.0000000 0.0000000 0.0000000 0.0000000 0.0000000 0.0000000 0.0000000 0.0000000 0.0000000 0.0000000 0.0000000 0.0000000 0.0000000 0.0000000 0.0000000 0.0000000 0.0000000 0.0000000 0.0000000 0.0000000 0.0000000 0.0000000 0.0000000 0.0000000 0.0000000 0.0000000 0.0000000 0.0000000 0.0000000 0.0000000 0.0000000 0.0000000 0.0000000 0.0000000 0.0000000 0.0000000 0.0000000 0.0000000 0.0000000 0.0000000 0.0000000 0.0000000 0.0000000 0.0000000 0.0000000 0.0000000 0.0000000 0.0000000 0.0000000 0.0000000 0.0000000 0.0000000 0.0000000 0.0000000 0.0000000 0.0000000 0.0000000 0.0000000 0.0000000 0.0000000 0.0000000 0.0000000 0.0000000 0.0000000 0.0000000 0.0000000 0.0000000 0.0000000 0.0000000 0.0000000 0.0000000 0.0000000 0.0000000 0.0000000 0.0000000 0.0000000 0.0000000 0.0000000 0.0000000 0.0000000 0.0000000 0.0000000 0.0000000 0.0000000 0.0000000 0.0000000 0.0000000 0.0000000 0.0000000 0.0000000 0.0000000 0.0000000 0.0000000 0.0000000 0.0000000 0.0000000 0.0000000 0.0000000 0.0000000 0.0000000 0.0000000 0.0000000 0.0000000 0.0000000 0.0000000 0.0000000 0.0000000 0.0000000 0.0000000 0.0000000 0.0000000 0.0000000 0.0000000
NP_btaghighpte                     0.0000000 0.0000000 0.0000000 0.0000000 0.0000000 0.0000000 0.0000000 0.0000000 0.0000000  1.0000000 0.0000000 0.0000000 0.0000000 0.0000000 0.0000000 0.0000000 0.0000000 0.0000000 0.0000000 0.0000000 0.0000000 0.0000000 0.0000000 0.0000000 0.0000000 0.0000000 0.0000000 -0.0000010 0.0000000 0.0000000 0.0000000 0.0000000 0.0000000 0.0000000 0.0000000 0.0000000 0.0000000 0.0000000 0.0000000 0.0000000 0.0000000 0.0000000 0.0000000 0.0000000 0.0000000 0.0000000 0.0000000 0.0000000 0.0000000 0.0000000 0.0000000 0.0000000 0.0000000 0.0000000 0.0000000 0.0000000 0.0000000 0.0000000 0.0000000 0.0000000 0.0000000 0.0000000 0.0000000 0.0000000 0.0000000 0.0000000 -0.0000010 0.0000000 0.0000000 0.0000000 0.0000000 0.0000000 0.0000000 0.0000000 0.0000000 0.0000000 0.0000000 0.0000000 0.0000000 0.0000000 0.0000000 0.0000000 0.0000000 -0.0000010 0.0000000 0.0000000 0.0000000 0.0000000 0.0000000 0.0000000 -0.0000010 0.0000000 0.0000000 0.0000000 0.0000000 0.0000000 0.0000000 0.0000000 0.0000000 0.0000000 0.0000000 0.0000000 0.0000000 0.0000000 0.0000000 0.0000000 0.0000000 0.0000000 0.0000000 0.0000000 0.0000000 0.0000000 0.0000000 0.0000000 0.0000000 0.0000000 0.0000000 0.0000000 0.0000000 0.0000000 0.0000000  0.0025040 -0.0002820 -0.0006570 -0.0006370 -0.0006370 -0.0006370 -0.0006370
NP_CT10n0                          0.0000000 0.0000000 0.0000000 0.0000000 0.0000000 0.0000000 0.0000000 0.0000000 0.0000000 0.0000000  1.0000000 0.0000000 0.0000000 0.0000000 0.0000000 0.0000000 0.0000000 0.0000000 0.0000000 0.0000000 0.0000000 0.0000000 0.0000000 0.0000000 0.0000000 0.0000000 0.0000000 0.0000000 0.0000000 0.0000000 0.0000000 0.0000000 0.0000000 0.0000000 0.0000000 0.0000000 0.0000000 0.0000000 0.0000000 0.0000000 0.0000000 0.0000000 0.0000000 0.0000000 0.0000000 0.0000000 0.0000000 0.0000000 0.0000000 0.0000000 0.0000000 0.0000000 0.0000000 0.0000000 0.0000000 0.0000000 0.0000000 0.0000000 0.0000000 0.0000000 0.0000000 0.0000000 0.0000000 0.0000000 0.0000000 0.0000000 0.0000000 0.0000000 0.0000000 0.0000000 0.0000000 0.0000000 0.0000000 0.0000000 0.0000000 0.0000000 0.0000000 0.0000000 0.0000000 0.0000000 0.0000000 0.0000000 0.0000000 0.0000000 0.0000000 0.0000000 0.0000000 0.0000000 0.0000000 0.0000000 0.0000000 0.0000000 0.0000000 0.0000000 0.0000000 0.0000000 0.0000000 0.0000000 0.0000000 0.0000000 0.0000000 0.0000000 0.0000000 0.0000000 0.0000000 0.0000000 0.0000000 0.0000000 0.0000000 0.0000000 0.0000000 0.0000000 0.0000000 0.0000000 0.0000000 0.0000000 0.0000000 0.0000000 0.0000000 0.0000000 0.0000000 0.0000000 0.0000000 0.0000000 0.0000000 0.0000000 0.0000000 0.0000000
NP_CT10n1                          0.0000000  0.0000010 0.0000000 -0.0000010 -0.0000010 0.0000000 0.0000000 0.0000000 0.0000000 0.0000000 0.0000000  1.0000000 0.0000000 0.0000000 0.0000000 -0.0000010  0.0000010 0.0000000 0.0000000 -0.0000010 0.0000000 0.0000000 0.0000000 0.0000000 0.0000000 0.0000000  0.0000020 -0.0000020 0.0000000 0.0000000 0.0000000 0.0000000 0.0000000 0.0000000 0.0000000 0.0000000 0.0000000 0.0000000 0.0000000 0.0000000 0.0000000 0.0000000 0.0000000 0.0000000 0.0000000 0.0000000 0.0000000 0.0000000 0.0000000 0.0000000 0.0000000 0.0000000 0.0000000 -0.0000010 0.0000000 0.0000000 0.0000000 0.0000000  0.0000010 0.0000000 -0.0000010 0.0000000 0.0000000  0.0000010 0.0000000 0.0000000 -0.0000030 -0.0000010 0.0000000 0.0000000  0.0000010 0.0000000 0.0000000 0.0000000  0.0000010 -0.0000010  0.0000010 -0.0000010 0.0000000 -0.0000020 0.0000000  0.0000020 0.0000000 -0.0000020 0.0000000 0.0000000 -0.0000010 0.0000000  0.0000010 0.0000000 -0.0000020 0.0000000  0.0000010 0.0000000 0.0000000 0.0000000  0.0000010 0.0000000 -0.0000010 0.0000000 0.0000000 0.0000000 0.0000000 -0.0000010 0.0000000 0.0000000  0.0000010 0.0000000 0.0000000 0.0000000 0.0000000 0.0000000 0.0000000 0.0000000 0.0000000 0.0000000  0.0000020  0.0000020 0.0000000 0.0000000 0.0000000  0.0030010  0.0011540 -0.0000920 -0.0012220 -0.0018060 -0.0023869 -0.0024620
NP_CT10n10                         0.0000000 0.0000000 0.0000000 0.0000000 0.0000000 0.0000000 0.0000000 0.0000000 0.0000000 0.0000000 0.0000000 0.0000000  1.0000000 0.0000000 0.0000000 0.0000000 0.0000000 0.0000000 0.0000000 0.0000000 0.0000000 0.0000000 0.0000000 0.0000000 0.0000000 0.0000000 0.0000000 0.0000000 0.0000000 0.0000000 0.0000000 0.0000000 0.0000000 0.0000000 0.0000000 0.0000000 0.0000000 0.0000000 0.0000000 0.0000000 0.0000000 0.0000000 0.0000000 0.0000000 0.0000000 0.0000000 0.0000000 0.0000000 0.0000000 0.0000000 0.0000000 0.0000000 0.0000000 0.0000000 0.0000000 0.0000000 0.0000000 0.0000000 0.0000000 0.0000000 0.0000000 0.0000000 0.0000000 0.0000000 0.0000000 0.0000000 0.0000000 0.0000000 0.0000000 0.0000000 0.0000000 0.0000000 0.0000000 0.0000000 0.0000000 0.0000000 0.0000000 0.0000000 0.0000000 0.0000000 0.0000000 0.0000000 0.0000000 0.0000000 0.0000000 0.0000000 0.0000000 0.0000000 0.0000000 0.0000000 0.0000000 0.0000000 0.0000000 0.0000000 0.0000000 0.0000000 0.0000000 0.0000000 0.0000000 0.0000000 0.0000000 0.0000000 0.0000000 0.0000000 0.0000000 0.0000000 0.0000000 0.0000000 0.0000000 0.0000000 0.0000000 0.0000000 0.0000000 0.0000000 0.0000000 0.0000000 0.0000000 0.0000000 0.0000000 0.0000000 0.0000000 -0.0000140 -0.0001850 -0.0001720 -0.0000240  0.0001610  0.0005690  0.0003760
NP_CT10n11                         0.0000000 0.0000000 0.0000000 0.0000000 0.0000000 0.0000000 0.0000000 0.0000000 0.0000000 0.0000000 0.0000000 0.0000000 0.0000000  1.0000000 0.0000000 0.0000000 0.0000000 0.0000000 0.0000000 0.0000000 0.0000000 0.0000000 0.0000000 0.0000000 0.0000000 0.0000000 0.0000000 0.0000000 0.0000000 0.0000000 0.0000000 0.0000000 0.0000000 0.0000000 0.0000000 0.0000000 0.0000000 0.0000000 0.0000000 0.0000000 0.0000000 0.0000000 0.0000000 0.0000000 0.0000000 0.0000000 0.0000000 0.0000000 0.0000000 0.0000000 0.0000000 0.0000000 0.0000000 0.0000000 0.0000000 0.0000000 0.0000000 0.0000000 0.0000000 0.0000000 0.0000000 0.0000000 0.0000000 0.0000000 0.0000000 0.0000000 -0.0000010 0.0000000 0.0000000 0.0000000 0.0000000 0.0000000 0.0000000 0.0000000 0.0000000 0.0000000 0.0000000 0.0000000 0.0000000 0.0000000 0.0000000 0.0000000 0.0000000 0.0000000 0.0000000 0.0000000 0.0000000 0.0000000 0.0000000 0.0000000 0.0000000 0.0000000 0.0000000 0.0000000 0.0000000 0.0000000 0.0000000 0.0000000 0.0000000 0.0000000 0.0000000 0.0000000 0.0000000 0.0000000 0.0000000 0.0000000 0.0000000 0.0000000 0.0000000 0.0000000 0.0000000 0.0000000 0.0000000 0.0000000 0.0000000 0.0000000 0.0000000 0.0000000 0.0000000 0.0000000 0.0000000  0.0002170  0.0001960  0.0002000 -0.0001710 -0.0003100 -0.0005340 -0.0004120
NP_CT10n12                         0.0000000 0.0000000 0.0000000 0.0000000 0.0000000 0.0000000 0.0000000 0.0000000 0.0000000 0.0000000 0.0000000 0.0000000 0.0000000 0.0000000  1.0000000 0.0000000 0.0000000 0.0000000 0.0000000 0.0000000 0.0000000 0.0000000 0.0000000 0.0000000 0.0000000 0.0000000 0.0000000 0.0000000 0.0000000 0.0000000 0.0000000 0.0000000 0.0000000 0.0000000 0.0000000 0.0000000 0.0000000 0.0000000 0.0000000 0.0000000 0.0000000 0.0000000 0.0000000 0.0000000 0.0000000 0.0000000 0.0000000 0.0000000 0.0000000 0.0000000 0.0000000 0.0000000 0.0000000 0.0000000 0.0000000 0.0000000 0.0000000 0.0000000 0.0000000 0.0000000 0.0000000 0.0000000 0.0000000 0.0000000 0.0000000 0.0000000 0.0000000 0.0000000 0.0000000 0.0000000 0.0000000 0.0000000 0.0000000 0.0000000 0.0000000 0.0000000 0.0000000 0.0000000 0.0000000 0.0000000 0.0000000 0.0000000 0.0000000 0.0000000 0.0000000 0.0000000 0.0000000 0.0000000 0.0000000 0.0000000 0.0000000 0.0000000 0.0000000 0.0000000 0.0000000 0.0000000 0.0000000 0.0000000 0.0000000 0.0000000 0.0000000 0.0000000 0.0000000 0.0000000 0.0000000 0.0000000 0.0000000 0.0000000 0.0000000 0.0000000 0.0000000 0.0000000 0.0000000 0.0000000 0.0000000 0.0000000 0.0000000 0.0000000 0.0000000 0.0000000 0.0000000 -0.0000350 -0.0000820 -0.0001340  0.0000750  0.0001410  0.0002760  0.0001880
NP_CT10n13                         0.0000000  0.0000030 0.0000000 -0.0000030 -0.0000040  0.0000010 0.0000000 0.0000000 0.0000000 0.0000000 0.0000000 -0.0000010 0.0000000 0.0000000 0.0000000  0.9999890  0.0000040 0.0000000 0.0000000 -0.0000020  0.0000010  0.0000010  0.0000010 -0.0000010  0.0000020 -0.0000020  0.0000060 -0.0000070 0.0000000 -0.0000010  0.0000010 -0.0000010 -0.0000010 0.0000000 0.0000000  0.0000010 -0.0000010 -0.0000010 -0.0000010 -0.0000010  0.0000020 0.0000000 0.0000000 0.0000000 0.0000000 0.0000000 -0.0000010 0.0000000 -0.0000010  0.0000010 0.0000000 0.0000000  0.0000020 -0.0000040 0.0000000  0.0000010 0.0000000 0.0000000  0.0000020 -0.0000010 -0.0000020  0.0000020 0.0000000  0.0000020 -0.0000010 0.0000000 -0.0000110 -0.0000050 -0.0000010 0.0000000  0.0000020 0.0000000 0.0000000 -0.0000010  0.0000020 -0.0000050  0.0000020 -0.0000040 -0.0000020 -0.0000080 -0.0000010  0.0000070 -0.0000010 -0.0000080 0.0000000 0.0000000 -0.0000050  0.0000010  0.0000020 0.0000000 -0.0000090 0.0000000  0.0000040 -0.0000010  0.0000020 -0.0000010  0.0000050 -0.0000020 -0.0000030  0.0000020 0.0000000 0.0000000  0.0000010 -0.0000050 0.0000000 0.0000000  0.0000030 -0.0000010 0.0000000 0.0000000 0.0000000 0.0000000  0.0000020 0.0000000 -0.0000010 0.0000000  0.0000060  0.0000070 -0.0000020 0.0000000 0.0000000  0.0114369  0.0048620 -0.0003730 -0.0048199 -0.0075789 -0.0090539 -0.0096089
NP_CT10n14                         0.0000000 -0.0000050 0.0000000  0.0000040  0.0000060 -0.0000020 0.0000000 0.0000000 0.0000000 0.0000000 0.0000000  0.0000010 0.0000000 0.0000000 0.0000000  0.0000040  0.9999980 0.0000000 0.0000000  0.0000030 -0.0000020 -0.0000020 -0.0000010  0.0000010 -0.0000030  0.0000020 -0.0000100  0.0000110 -0.0000010  0.0000010 -0.0000010  0.0000010  0.0000010 0.0000000 -0.0000010 -0.0000020  0.0000020  0.0000020  0.0000010  0.0000020 -0.0000030 0.0000000 0.0000000 -0.0000010 0.0000000 0.0000000  0.0000010 -0.0000010  0.0000010 -0.0000010 0.0000000 0.0000000 -0.0000020  0.0000060 0.0000000 -0.0000010  0.0000010 -0.0000010 -0.0000030  0.0000010  0.0000030 -0.0000030 0.0000000 -0.0000040  0.0000010 0.0000000  0.0000170  0.0000080  0.0000020 -0.0000010 -0.0000040 0.0000000 0.0000000  0.0000020 -0.0000040  0.0000080 -0.0000030  0.0000060  0.0000030  0.0000120  0.0000020 -0.0000110  0.0000010  0.0000130 0.0000000 0.0000000  0.0000090 -0.0000010 -0.0000040 0.0000000  0.0000130 0.0000000 -0.0000060  0.0000010 -0.0000030  0.0000020 -0.0000070  0.0000030  0.0000050 -0.0000020 -0.0000010 0.0000000 -0.0000020  0.0000080 0.0000000 0.0000000 -0.0000050  0.0000010 0.0000000 0.0000000 0.0000000 0.0000000 -0.0000030 0.0000000  0.0000010 0.0000000 -0.0000090 -0.0000100  0.0000030  0.0000010 0.0000000 -0.0176200 -0.0076870  0.0003560  0.0073179  0.0116790  0.0139589  0.0148559
NP_CT10n15                         0.0000000 0.0000000 0.0000000 0.0000000 0.0000000 0.0000000 0.0000000 0.0000000 0.0000000 0.0000000 0.0000000 0.0000000 0.0000000 0.0000000 0.0000000 0.0000000 0.0000000  1.0000000 0.0000000 0.0000000 0.0000000 0.0000000 0.0000000 0.0000000 0.0000000 0.0000000 0.0000000 0.0000000 0.0000000 0.0000000 0.0000000 0.0000000 0.0000000 0.0000000 0.0000000 0.0000000 0.0000000 0.0000000 0.0000000 0.0000000 0.0000000 0.0000000 0.0000000 0.0000000 0.0000000 0.0000000 0.0000000 0.0000000 0.0000000 0.0000000 0.0000000 0.0000000 0.0000000 0.0000000 0.0000000 0.0000000 0.0000000 0.0000000 0.0000000 0.0000000 0.0000000 0.0000000 0.0000000 0.0000000 0.0000000 0.0000000 0.0000000 0.0000000 0.0000000 0.0000000 0.0000000 0.0000000 0.0000000 0.0000000 0.0000000 0.0000000 0.0000000 0.0000000 0.0000000 0.0000000 0.0000000 0.0000000 0.0000000 0.0000000 0.0000000 0.0000000 0.0000000 0.0000000 0.0000000 0.0000000 0.0000000 0.0000000 0.0000000 0.0000000 0.0000000 0.0000000 0.0000000 0.0000000 0.0000000 0.0000000 0.0000000 0.0000000 0.0000000 0.0000000 0.0000000 0.0000000 0.0000000 0.0000000 0.0000000 0.0000000 0.0000000 0.0000000 0.0000000 0.0000000 0.0000000 0.0000000 0.0000000 0.0000000 0.0000000 0.0000000 0.0000000  0.0003810  0.0000620 -0.0002180 -0.0001910 -0.0000530  0.0000020  0.0001720
NP_CT10n16                         0.0000000 0.0000000 0.0000000 0.0000000 0.0000000 0.0000000 0.0000000 0.0000000 0.0000000 0.0000000 0.0000000 0.0000000 0.0000000 0.0000000 0.0000000 0.0000000 0.0000000 0.0000000  1.0000000 0.0000000 0.0000000 0.0000000 0.0000000 0.0000000 0.0000000 0.0000000 0.0000000 0.0000000 0.0000000 0.0000000 0.0000000 0.0000000 0.0000000 0.0000000 0.0000000 0.0000000 0.0000000 0.0000000 0.0000000 0.0000000 0.0000000 0.0000000 0.0000000 0.0000000 0.0000000 0.0000000 0.0000000 0.0000000 0.0000000 0.0000000 0.0000000 0.0000000 0.0000000 0.0000000 0.0000000 0.0000000 0.0000000 0.0000000 0.0000000 0.0000000 0.0000000 0.0000000 0.0000000 0.0000000 0.0000000 0.0000000 0.0000000 0.0000000 0.0000000 0.0000000 0.0000000 0.0000000 0.0000000 0.0000000 0.0000000 0.0000000 0.0000000 0.0000000 0.0000000 0.0000000 0.0000000 0.0000000 0.0000000 0.0000000 0.0000000 0.0000000 0.0000000 0.0000000 0.0000000 0.0000000 0.0000000 0.0000000 0.0000000 0.0000000 0.0000000 0.0000000 0.0000000 0.0000000 0.0000000 0.0000000 0.0000000 0.0000000 0.0000000 0.0000000 0.0000000 0.0000000 0.0000000 0.0000000 0.0000000 0.0000000 0.0000000 0.0000000 0.0000000 0.0000000 0.0000000 0.0000000 0.0000000 0.0000000 0.0000000 0.0000000 0.0000000 -0.0000530  0.0000450  0.0001740  0.0000580 -0.0001140 -0.0002050 -0.0003640
NP_CT10n17                         0.0000000  0.0000030 0.0000000 -0.0000020 -0.0000030  0.0000010 0.0000000 0.0000000 0.0000000 0.0000000 0.0000000 -0.0000010 0.0000000 0.0000000 0.0000000 -0.0000020  0.0000030 0.0000000 0.0000000  0.9999980  0.0000010  0.0000010  0.0000010 -0.0000010  0.0000020 -0.0000010  0.0000050 -0.0000060 0.0000000 -0.0000010  0.0000010 -0.0000010 -0.0000010 0.0000000 0.0000000  0.0000010 -0.0000010 -0.0000010 -0.0000010 -0.0000010  0.0000020 0.0000000 0.0000000 0.0000000 0.0000000 0.0000000 -0.0000010 0.0000000 0.0000000 0.0000000 0.0000000 0.0000000  0.0000010 -0.0000030 0.0000000  0.0000010 0.0000000 0.0000000  0.0000020 0.0000000 -0.0000020  0.0000010 0.0000000  0.0000020 -0.0000010 0.0000000 -0.0000090 -0.0000050 -0.0000010  0.0000010  0.0000020 0.0000000 0.0000000 -0.0000010  0.0000020 -0.0000040  0.0000020 -0.0000030 -0.0000020 -0.0000060 -0.0000010  0.0000060 -0.0000010 -0.0000070 0.0000000 0.0000000 -0.0000050  0.0000010  0.0000020 0.0000000 -0.0000060 0.0000000  0.0000030 -0.0000010  0.0000020 -0.0000010  0.0000030 -0.0000010 -0.0000020  0.0000010 0.0000000 0.0000000  0.0000010 -0.0000040 0.0000000 0.0000000  0.0000030 -0.0000010 0.0000000 0.0000000 0.0000000 0.0000000  0.0000010 0.0000000 -0.0000010 0.0000000  0.0000050  0.0000050 -0.0000010 0.0000000 0.0000000  0.0079240  0.0032420 -0.0005440 -0.0032560 -0.0052500 -0.0054660 -0.0069760
NP_CT10n18                         0.0000000 -0.0000010 0.0000000  0.0000010  0.0000020 -0.0000010 0.0000000 0.0000000 0.0000000 0.0000000 0.0000000 0.0000000 0.0000000 0.0000000 0.0000000  0.0000010 -0.0000020 0.0000000 0.0000000  0.0000010  1.0000009 -0.0000010 0.0000000 0.0000000 -0.0000010  0.0000010 -0.0000030  0.0000030 0.0000000 0.0000000 0.0000000 0.0000000 0.0000000 0.0000000 0.0000000 0.0000000 0.0000000 0.0000000 0.0000000  0.0000010 -0.0000010 0.0000000 0.0000000 0.0000000 0.0000000 0.0000000 0.0000000 0.0000000 0.0000000 0.0000000 0.0000000 0.0000000 -0.0000010  0.0000020 0.0000000 0.0000000 0.0000000 0.0000000 -0.0000010 0.0000000  0.0000010 -0.0000010 0.0000000 -0.0000010 0.0000000 0.0000000  0.0000050  0.0000020  0.0000010 0.0000000 -0.0000010 0.0000000 0.0000000  0.0000010 -0.0000010  0.0000020 -0.0000010  0.0000020  0.0000010  0.0000030  0.0000010 -0.0000030 0.0000000  0.0000040 0.0000000 0.0000000  0.0000030 0.0000000 -0.0000010 0.0000000  0.0000040 0.0000000 -0.0000020 0.0000000 -0.0000010 0.0000000 -0.0000020  0.0000010  0.0000010 -0.0000010 0.0000000 0.0000000 -0.0000010  0.0000020 0.0000000 0.0000000 -0.0000010 0.0000000 0.0000000 0.0000000 0.0000000 0.0000000 -0.0000010 0.0000000 0.0000000 0.0000000 -0.0000030 -0.0000030  0.0000010 0.0000000 0.0000000 -0.0047720 -0.0020160  0.0002650  0.0019670  0.0031630  0.0033880  0.0040840
NP_CT10n19                         0.0000000 -0.0000020 0.0000000  0.0000010  0.0000020 -0.0000010 0.0000000 0.0000000 0.0000000 0.0000000 0.0000000 0.0000000 0.0000000 0.0000000 0.0000000  0.0000010 -0.0000020 0.0000000 0.0000000  0.0000010 -0.0000010  1.0000009 0.0000000 0.0000000 -0.0000010  0.0000010 -0.0000030  0.0000040 0.0000000 0.0000000 0.0000000 0.0000000 0.0000000 0.0000000 0.0000000 -0.0000010  0.0000010  0.0000010 0.0000000  0.0000010 -0.0000010 0.0000000 0.0000000 0.0000000 0.0000000 0.0000000 0.0000000 0.0000000 0.0000000 0.0000000 0.0000000 0.0000000 -0.0000010  0.0000020 0.0000000 0.0000000 0.0000000 0.0000000 -0.0000010 0.0000000  0.0000010 -0.0000010 0.0000000 -0.0000010 0.0000000 0.0000000  0.0000050  0.0000030  0.0000010 0.0000000 -0.0000010 0.0000000 0.0000000  0.0000010 -0.0000010  0.0000020 -0.0000010  0.0000020  0.0000010  0.0000040  0.0000010 -0.0000030 0.0000000  0.0000040 0.0000000 0.0000000  0.0000030 0.0000000 -0.0000010 0.0000000  0.0000040 0.0000000 -0.0000020 0.0000000 -0.0000010 0.0000000 -0.0000020  0.0000010  0.0000010 -0.0000010 0.0000000 0.0000000 -0.0000010  0.0000030 0.0000000 0.0000000 -0.0000020 0.0000000 0.0000000 0.0000000 0.0000000 0.0000000 -0.0000010 0.0000000 0.0000000 0.0000000 -0.0000030 -0.0000030  0.0000010 0.0000000 0.0000000 -0.0068940 -0.0030940  0.0000690  0.0030109  0.0044359  0.0058820  0.0047609
NP_CT10n2                          0.0000000 -0.0000010 0.0000000  0.0000010  0.0000010 0.0000000 0.0000000 0.0000000 0.0000000 0.0000000 0.0000000 0.0000000 0.0000000 0.0000000 0.0000000  0.0000010 -0.0000010 0.0000000 0.0000000  0.0000010 0.0000000 0.0000000  1.0000000 0.0000000 0.0000000 0.0000000 -0.0000020  0.0000020 0.0000000 0.0000000 0.0000000 0.0000000 0.0000000 0.0000000 0.0000000 0.0000000 0.0000000 0.0000000 0.0000000 0.0000000 0.0000000 0.0000000 0.0000000 0.0000000 0.0000000 0.0000000 0.0000000 0.0000000 0.0000000 0.0000000 0.0000000 0.0000000 0.0000000  0.0000010 0.0000000 0.0000000 0.0000000 0.0000000 0.0000000 0.0000000 0.0000000 0.0000000 0.0000000 -0.0000010 0.0000000 0.0000000  0.0000030  0.0000010 0.0000000 0.0000000 -0.0000010 0.0000000 0.0000000 0.0000000 -0.0000010  0.0000010 -0.0000010  0.0000010 0.0000000  0.0000020 0.0000000 -0.0000020 0.0000000  0.0000020 0.0000000 0.0000000  0.0000010 0.0000000 -0.0000010 0.0000000  0.0000020 0.0000000 -0.0000010 0.0000000 0.0000000 0.0000000 -0.0000010 0.0000000  0.0000010 0.0000000 0.0000000 0.0000000 0.0000000  0.0000010 0.0000000 0.0000000 -0.0000010 0.0000000 0.0000000 0.0000000 0.0000000 0.0000000 0.0000000 0.0000000 0.0000000 0.0000000 -0.0000010 -0.0000020 0.0000000 0.0000000 0.0000000 -0.0027799 -0.0010709  0.0000820  0.0011280  0.0016670  0.0022049  0.0022759
NP_CT10n20                         0.0000000  0.0000010 0.0000000 -0.0000010 -0.0000010 0.0000000 0.0000000 0.0000000 0.0000000 0.0000000 0.0000000 0.0000000 0.0000000 0.0000000 0.0000000 -0.0000010  0.0000010 0.0000000 0.0000000 -0.0000010 0.0000000 0.0000000 0.0000000  1.0000000 0.0000000 0.0000000  0.0000020 -0.0000020 0.0000000 0.0000000 0.0000000 0.0000000 0.0000000 0.0000000 0.0000000 0.0000000 0.0000000 0.0000000 0.0000000 0.0000000 0.0000000 0.0000000 0.0000000 0.0000000 0.0000000 0.0000000 0.0000000 0.0000000 0.0000000 0.0000000 0.0000000 0.0000000 0.0000000 -0.0000010 0.0000000 0.0000000 0.0000000 0.0000000  0.0000010 0.0000000 -0.0000010 0.0000000 0.0000000  0.0000010 0.0000000 0.0000000 -0.0000030 -0.0000010 0.0000000 0.0000000  0.0000010 0.0000000 0.0000000 0.0000000  0.0000010 -0.0000010  0.0000010 -0.0000010 0.0000000 -0.0000020 0.0000000  0.0000020 0.0000000 -0.0000020 0.0000000 0.0000000 -0.0000010 0.0000000  0.0000010 0.0000000 -0.0000020 0.0000000  0.0000010 0.0000000 0.0000000 0.0000000  0.0000010 0.0000000 -0.0000010 0.0000000 0.0000000 0.0000000 0.0000000 -0.0000010 0.0000000 0.0000000  0.0000010 0.0000000 0.0000000 0.0000000 0.0000000 0.0000000 0.0000000 0.0000000 0.0000000 0.0000000  0.0000010  0.0000020 0.0000000 0.0000000 0.0000000  0.0033159  0.0014319 -0.0000680 -0.0014360 -0.0021220 -0.0027629 -0.0023909
NP_CT10n21                         0.0000000 -0.0000020 0.0000000  0.0000020  0.0000030 -0.0000010 0.0000000 0.0000000 0.0000000 0.0000000 0.0000000 0.0000000 0.0000000 0.0000000 0.0000000  0.0000020 -0.0000030 0.0000000 0.0000000  0.0000020 -0.0000010 -0.0000010 0.0000000 0.0000000  0.9999989  0.0000010 -0.0000040  0.0000050 0.0000000  0.0000010 -0.0000010  0.0000010  0.0000010 0.0000000 0.0000000 -0.0000010  0.0000010  0.0000010 0.0000000  0.0000010 -0.0000010 0.0000000 0.0000000 0.0000000 0.0000000 0.0000000 0.0000000 0.0000000 0.0000000 0.0000000 0.0000000 0.0000000 -0.0000010  0.0000030 0.0000000 0.0000000 0.0000000 0.0000000 -0.0000010 0.0000000  0.0000010 -0.0000010 0.0000000 -0.0000020  0.0000010 0.0000000  0.0000080  0.0000040  0.0000010 0.0000000 -0.0000020 0.0000000 0.0000000  0.0000010 -0.0000020  0.0000040 -0.0000020  0.0000030  0.0000010  0.0000050  0.0000010 -0.0000050 0.0000000  0.0000060 0.0000000 0.0000000  0.0000040 -0.0000010 -0.0000020 0.0000000  0.0000060 0.0000000 -0.0000030  0.0000010 -0.0000010  0.0000010 -0.0000030  0.0000010  0.0000020 -0.0000010 0.0000000 0.0000000 -0.0000010  0.0000030 0.0000000 0.0000000 -0.0000020 0.0000000 0.0000000 0.0000000 0.0000000 0.0000000 -0.0000010 0.0000000  0.0000010 0.0000000 -0.0000040 -0.0000050  0.0000010 0.0000000 0.0000000 -0.0074260 -0.0033800  0.0000470  0.0031220  0.0051070  0.0063590  0.0067530
NP_CT10n22                         0.0000000  0.0000020 0.0000000 -0.0000010 -0.0000020  0.0000010 0.0000000 0.0000000 0.0000000 0.0000000 0.0000000 0.0000000 0.0000000 0.0000000 0.0000000 -0.0000020  0.0000020 0.0000000 0.0000000 -0.0000010  0.0000010  0.0000010 0.0000000 0.0000000  0.0000010  0.9999970  0.0000040 -0.0000040 0.0000000 0.0000000 0.0000000 0.0000000 0.0000000 0.0000000 0.0000000  0.0000010 -0.0000010 -0.0000010 0.0000000 -0.0000010  0.0000010 0.0000000 0.0000000 0.0000000 0.0000000 0.0000000 0.0000000 0.0000000 0.0000000 0.0000000 0.0000000 0.0000000  0.0000010 -0.0000020 0.0000000 0.0000000 0.0000000 0.0000000  0.0000010 0.0000000 -0.0000010  0.0000010 0.0000000  0.0000010 0.0000000 0.0000000 -0.0000060 -0.0000030 -0.0000010 0.0000000  0.0000010 0.0000000 0.0000000 -0.0000010  0.0000010 -0.0000030  0.0000010 -0.0000020 -0.0000010 -0.0000040 -0.0000010  0.0000040 0.0000000 -0.0000050 0.0000000 0.0000000 -0.0000030  0.0000010  0.0000010 0.0000000 -0.0000050 0.0000000  0.0000020 0.0000000  0.0000010 -0.0000010  0.0000030 -0.0000010 -0.0000020  0.0000010 0.0000000 0.0000000  0.0000010 -0.0000030 0.0000000 0.0000000  0.0000020 0.0000000 0.0000000 0.0000000 0.0000000 0.0000000  0.0000010 0.0000000 0.0000000 0.0000000  0.0000030  0.0000040 -0.0000010 0.0000000 0.0000000  0.0061040  0.0026809 -0.0000600 -0.0025620 -0.0041200 -0.0051980 -0.0055240
NP_CT10n23                         0.0000000 -0.0000070 0.0000000  0.0000060  0.0000080 -0.0000030 0.0000000 0.0000000 0.0000000 0.0000000 0.0000000  0.0000020 0.0000000 0.0000000 0.0000000  0.0000060 -0.0000100 0.0000000 0.0000000  0.0000050 -0.0000030 -0.0000030 -0.0000020  0.0000020 -0.0000040  0.0000040  0.9999879  0.0000170 -0.0000010  0.0000020 -0.0000020  0.0000020  0.0000020 0.0000000 -0.0000010 -0.0000030  0.0000020  0.0000030  0.0000020  0.0000030 -0.0000040 0.0000000 0.0000000 -0.0000010 0.0000000 0.0000000  0.0000010 -0.0000010  0.0000010 -0.0000010 0.0000000 0.0000000 -0.0000030  0.0000090 0.0000000 -0.0000020  0.0000010 -0.0000010 -0.0000050  0.0000010  0.0000050 -0.0000040 0.0000000 -0.0000060  0.0000020 0.0000000  0.0000240  0.0000130  0.0000030 -0.0000010 -0.0000050 0.0000000 0.0000000  0.0000030 -0.0000050  0.0000120 -0.0000050  0.0000090  0.0000040  0.0000180  0.0000030 -0.0000160  0.0000020  0.0000190 0.0000000  0.0000010  0.0000130 -0.0000020 -0.0000060 0.0000000  0.0000200  0.0000010 -0.0000090  0.0000020 -0.0000040  0.0000020 -0.0000110  0.0000040  0.0000070 -0.0000040 -0.0000010 0.0000000 -0.0000030  0.0000110 0.0000000 0.0000000 -0.0000070  0.0000010 0.0000000 0.0000000 0.0000000 0.0000000 -0.0000040 0.0000000  0.0000020 0.0000000 -0.0000140 -0.0000150  0.0000040  0.0000010 0.0000000 -0.0327840 -0.0116939  0.0030160  0.0130679  0.0179169  0.0212280  0.0218880
NP_CT10n24                         0.0000000  0.0000080 0.0000000 -0.0000070 -0.0000090  0.0000040 0.0000000 0.0000000 0.0000000 -0.0000010 0.0000000 -0.0000020 0.0000000 0.0000000 0.0000000 -0.0000070  0.0000110 0.0000000 0.0000000 -0.0000060  0.0000030  0.0000040  0.0000020 -0.0000020  0.0000050 -0.0000040  0.0000170  0.9999780  0.0000010 -0.0000020  0.0000020 -0.0000020 -0.0000020 0.0000000  0.0000010  0.0000030 -0.0000030 -0.0000030 -0.0000020 -0.0000040  0.0000050  0.0000010 -0.0000010  0.0000010 0.0000000 0.0000000 -0.0000020  0.0000010 -0.0000010  0.0000010 0.0000000 0.0000000  0.0000040 -0.0000090 0.0000000  0.0000020 -0.0000010  0.0000010  0.0000050 -0.0000020 -0.0000050  0.0000040 0.0000000  0.0000070 -0.0000020 0.0000000 -0.0000280 -0.0000150 -0.0000040  0.0000010  0.0000060 0.0000000 0.0000000 -0.0000040  0.0000060 -0.0000130  0.0000060 -0.0000110 -0.0000050 -0.0000200 -0.0000040  0.0000180 -0.0000020 -0.0000220 0.0000000 -0.0000010 -0.0000130  0.0000020  0.0000060 0.0000000 -0.0000220 -0.0000010  0.0000100 -0.0000020  0.0000050 -0.0000030  0.0000120 -0.0000050 -0.0000080  0.0000040  0.0000010 0.0000000  0.0000040 -0.0000130 0.0000000 0.0000000  0.0000090 -0.0000020 0.0000000 0.0000000 0.0000000 0.0000000  0.0000040  0.0000010 -0.0000020 0.0000000  0.0000160  0.0000180 -0.0000050 -0.0000010 0.0000000  0.0369659  0.0125850 -0.0043270 -0.0154610 -0.0208859 -0.0245779 -0.0252150
NP_CT10n25                         0.0000000 0.0000000 0.0000000 0.0000000  0.0000010 0.0000000 0.0000000 0.0000000 0.0000000 0.0000000 0.0000000 0.0000000 0.0000000 0.0000000 0.0000000 0.0000000 -0.0000010 0.0000000 0.0000000 0.0000000 0.0000000 0.0000000 0.0000000 0.0000000 0.0000000 0.0000000 -0.0000010  0.0000010  1.0000000 0.0000000 0.0000000 0.0000000 0.0000000 0.0000000 0.0000000 0.0000000 0.0000000 0.0000000 0.0000000 0.0000000 0.0000000 0.0000000 0.0000000 0.0000000 0.0000000 0.0000000 0.0000000 0.0000000 0.0000000 0.0000000 0.0000000 0.0000000 0.0000000  0.0000010 0.0000000 0.0000000 0.0000000 0.0000000 0.0000000 0.0000000 0.0000000 0.0000000 0.0000000 0.0000000 0.0000000 0.0000000  0.0000020  0.0000010 0.0000000 0.0000000 0.0000000 0.0000000 0.0000000 0.0000000 0.0000000  0.0000010 0.0000000  0.0000010 0.0000000  0.0000010 0.0000000 -0.0000010 0.0000000  0.0000010 0.0000000 0.0000000  0.0000010 0.0000000 0.0000000 0.0000000  0.0000010 0.0000000 -0.0000010 0.0000000 0.0000000 0.0000000 -0.0000010 0.0000000 0.0000000 0.0000000 0.0000000 0.0000000 0.0000000  0.0000010 0.0000000 0.0000000 -0.0000010 0.0000000 0.0000000 0.0000000 0.0000000 0.0000000 0.0000000 0.0000000 0.0000000 0.0000000 -0.0000010 -0.0000010 0.0000000 0.0000000 0.0000000 -0.0012030 -0.0006420 -0.0000690  0.0005200  0.0008710  0.0012279  0.0012420
NP_CT10n26                         0.0000000  0.0000010 0.0000000 -0.0000010 -0.0000010 0.0000000 0.0000000 0.0000000 0.0000000 0.0000000 0.0000000 0.0000000 0.0000000 0.0000000 0.0000000 -0.0000010  0.0000010 0.0000000 0.0000000 -0.0000010 0.0000000 0.0000000 0.0000000 0.0000000  0.0000010 0.0000000  0.0000020 -0.0000020 0.0000000  1.0000000 0.0000000 0.0000000 0.0000000 0.0000000 0.0000000 0.0000000 0.0000000 0.0000000 0.0000000 0.0000000  0.0000010 0.0000000 0.0000000 0.0000000 0.0000000 0.0000000 0.0000000 0.0000000 0.0000000 0.0000000 0.0000000 0.0000000 0.0000000 -0.0000010 0.0000000 0.0000000 0.0000000 0.0000000  0.0000010 0.0000000 -0.0000010 0.0000000 0.0000000  0.0000010 0.0000000 0.0000000 -0.0000030 -0.0000020 0.0000000 0.0000000  0.0000010 0.0000000 0.0000000 0.0000000  0.0000010 -0.0000010  0.0000010 -0.0000010 -0.0000010 -0.0000020 0.0000000  0.0000020 0.0000000 -0.0000020 0.0000000 0.0000000 -0.0000020 0.0000000  0.0000010 0.0000000 -0.0000030 0.0000000  0.0000010 0.0000000  0.0000010 0.0000000  0.0000010 -0.0000010 -0.0000010 0.0000000 0.0000000 0.0000000 0.0000000 -0.0000010 0.0000000 0.0000000  0.0000010 0.0000000 0.0000000 0.0000000 0.0000000 0.0000000 0.0000000 0.0000000 0.0000000 0.0000000  0.0000020  0.0000020 -0.0000010 0.0000000 0.0000000  0.0029320  0.0014260  0.0000650 -0.0012310 -0.0020089 -0.0027550 -0.0028059
NP_CT10n27                         0.0000000 -0.0000010 0.0000000  0.0000010  0.0000010 0.0000000 0.0000000 0.0000000 0.0000000 0.0000000 0.0000000 0.0000000 0.0000000 0.0000000 0.0000000  0.0000010 -0.0000010 0.0000000 0.0000000  0.0000010 0.0000000 0.0000000 0.0000000 0.0000000 -0.0000010 0.0000000 -0.0000020  0.0000020 0.0000000 0.0000000  1.0000000 0.0000000 0.0000000 0.0000000 0.0000000 0.0000000 0.0000000 0.0000000 0.0000000 0.0000000 -0.0000010 0.0000000 0.0000000 0.0000000 0.0000000 0.0000000 0.0000000 0.0000000 0.0000000 0.0000000 0.0000000 0.0000000 0.0000000  0.0000010 0.0000000 0.0000000 0.0000000 0.0000000 -0.0000010 0.0000000  0.0000010 -0.0000010 0.0000000 -0.0000010 0.0000000 0.0000000  0.0000030  0.0000020 0.0000000 0.0000000 -0.0000010 0.0000000 0.0000000 0.0000000 -0.0000010  0.0000020 -0.0000010  0.0000010  0.0000010  0.0000020 0.0000000 -0.0000020 0.0000000  0.0000020 0.0000000 0.0000000  0.0000020 0.0000000 -0.0000010 0.0000000  0.0000030 0.0000000 -0.0000010 0.0000000 -0.0000010 0.0000000 -0.0000010  0.0000010  0.0000010 0.0000000 0.0000000 0.0000000 0.0000000  0.0000010 0.0000000 0.0000000 -0.0000010 0.0000000 0.0000000 0.0000000 0.0000000 0.0000000 0.0000000 0.0000000 0.0000000 0.0000000 -0.0000020 -0.0000020  0.0000010 0.0000000 0.0000000 -0.0044279 -0.0016080  0.0002830  0.0018820  0.0023449  0.0030630  0.0028630
NP_CT10n28                         0.0000000  0.0000010 0.0000000 -0.0000010 -0.0000010 0.0000000 0.0000000 0.0000000 0.0000000 0.0000000 0.0000000 0.0000000 0.0000000 0.0000000 0.0000000 -0.0000010  0.0000010 0.0000000 0.0000000 -0.0000010 0.0000000 0.0000000 0.0000000 0.0000000  0.0000010 0.0000000  0.0000020 -0.0000020 0.0000000 0.0000000 0.0000000  1.0000000 0.0000000 0.0000000 0.0000000 0.0000000 0.0000000 0.0000000 0.0000000 0.0000000  0.0000010 0.0000000 0.0000000 0.0000000 0.0000000 0.0000000 0.0000000 0.0000000 0.0000000 0.0000000 0.0000000 0.0000000 0.0000000 -0.0000010 0.0000000 0.0000000 0.0000000 0.0000000  0.0000010 0.0000000 -0.0000010 0.0000000 0.0000000  0.0000010 0.0000000 0.0000000 -0.0000030 -0.0000010 0.0000000 0.0000000  0.0000010 0.0000000 0.0000000 0.0000000 0.0000000 -0.0000010  0.0000010 -0.0000010 -0.0000010 -0.0000020 0.0000000  0.0000020 0.0000000 -0.0000020 0.0000000 0.0000000 -0.0000010 0.0000000  0.0000010 0.0000000 -0.0000020 0.0000000  0.0000010 0.0000000  0.0000010 0.0000000  0.0000010 0.0000000 -0.0000010 0.0000000 0.0000000 0.0000000 0.0000000 -0.0000010 0.0000000 0.0000000  0.0000010 0.0000000 0.0000000 0.0000000 0.0000000 0.0000000 0.0000000 0.0000000 0.0000000 0.0000000  0.0000020  0.0000020 0.0000000 0.0000000 0.0000000  0.0038240  0.0014319 -0.0002430 -0.0016140 -0.0021419 -0.0027430 -0.0025860
NP_CT10n29                         0.0000000  0.0000010 0.0000000 -0.0000010 -0.0000010 0.0000000 0.0000000 0.0000000 0.0000000 0.0000000 0.0000000 0.0000000 0.0000000 0.0000000 0.0000000 -0.0000010  0.0000010 0.0000000 0.0000000 -0.0000010 0.0000000 0.0000000 0.0000000 0.0000000  0.0000010 0.0000000  0.0000020 -0.0000020 0.0000000 0.0000000 0.0000000 0.0000000  1.0000000 0.0000000 0.0000000 0.0000000 0.0000000 0.0000000 0.0000000 0.0000000 0.0000000 0.0000000 0.0000000 0.0000000 0.0000000 0.0000000 0.0000000 0.0000000 0.0000000 0.0000000 0.0000000 0.0000000 0.0000000 -0.0000010 0.0000000 0.0000000 0.0000000 0.0000000  0.0000010 0.0000000 -0.0000010 0.0000000 0.0000000  0.0000010 0.0000000 0.0000000 -0.0000030 -0.0000010 0.0000000 0.0000000  0.0000010 0.0000000 0.0000000 0.0000000  0.0000010 -0.0000010  0.0000010 -0.0000010 -0.0000010 -0.0000020 0.0000000  0.0000020 0.0000000 -0.0000020 0.0000000 0.0000000 -0.0000010 0.0000000  0.0000010 0.0000000 -0.0000020 0.0000000  0.0000010 0.0000000  0.0000010 0.0000000  0.0000010 0.0000000 -0.0000010 0.0000000 0.0000000 0.0000000 0.0000000 -0.0000010 0.0000000 0.0000000  0.0000010 0.0000000 0.0000000 0.0000000 0.0000000 0.0000000 0.0000000 0.0000000 0.0000000 0.0000000  0.0000020  0.0000020 0.0000000 0.0000000 0.0000000  0.0024620  0.0012840  0.0000450 -0.0010570 -0.0019810 -0.0024320 -0.0025300
NP_CT10n3                          0.0000000 0.0000000 0.0000000 0.0000000 0.0000000 0.0000000 0.0000000 0.0000000 0.0000000 0.0000000 0.0000000 0.0000000 0.0000000 0.0000000 0.0000000 0.0000000 0.0000000 0.0000000 0.0000000 0.0000000 0.0000000 0.0000000 0.0000000 0.0000000 0.0000000 0.0000000 0.0000000 0.0000000 0.0000000 0.0000000 0.0000000 0.0000000 0.0000000  1.0000000 0.0000000 0.0000000 0.0000000 0.0000000 0.0000000 0.0000000 0.0000000 0.0000000 0.0000000 0.0000000 0.0000000 0.0000000 0.0000000 0.0000000 0.0000000 0.0000000 0.0000000 0.0000000 0.0000000 0.0000000 0.0000000 0.0000000 0.0000000 0.0000000 0.0000000 0.0000000 0.0000000 0.0000000 0.0000000 0.0000000 0.0000000 0.0000000 0.0000000 0.0000000 0.0000000 0.0000000 0.0000000 0.0000000 0.0000000 0.0000000 0.0000000 0.0000000 0.0000000 0.0000000 0.0000000 0.0000000 0.0000000 0.0000000 0.0000000 0.0000000 0.0000000 0.0000000 0.0000000 0.0000000 0.0000000 0.0000000 0.0000000 0.0000000 0.0000000 0.0000000 0.0000000 0.0000000 0.0000000 0.0000000 0.0000000 0.0000000 0.0000000 0.0000000 0.0000000 0.0000000 0.0000000 0.0000000 0.0000000 0.0000000 0.0000000 0.0000000 0.0000000 0.0000000 0.0000000 0.0000000 0.0000000 0.0000000 0.0000000 0.0000000 0.0000000 0.0000000 0.0000000 -0.0004290  0.0000080  0.0001500  0.0001550 -0.0000240 0.0000000 -0.0000340
NP_CT10n30                         0.0000000 -0.0000010 0.0000000 0.0000000  0.0000010 0.0000000 0.0000000 0.0000000 0.0000000 0.0000000 0.0000000 0.0000000 0.0000000 0.0000000 0.0000000 0.0000000 -0.0000010 0.0000000 0.0000000 0.0000000 0.0000000 0.0000000 0.0000000 0.0000000 0.0000000 0.0000000 -0.0000010  0.0000010 0.0000000 0.0000000 0.0000000 0.0000000 0.0000000 0.0000000  1.0000000 0.0000000 0.0000000 0.0000000 0.0000000 0.0000000 0.0000000 0.0000000 0.0000000 0.0000000 0.0000000 0.0000000 0.0000000 0.0000000 0.0000000 0.0000000 0.0000000 0.0000000 0.0000000  0.0000010 0.0000000 0.0000000 0.0000000 0.0000000 0.0000000 0.0000000 0.0000000 0.0000000 0.0000000 0.0000000 0.0000000 0.0000000  0.0000020  0.0000010 0.0000000 0.0000000 0.0000000 0.0000000 0.0000000 0.0000000 0.0000000  0.0000010 0.0000000  0.0000010 0.0000000  0.0000010 0.0000000 -0.0000010 0.0000000  0.0000010 0.0000000 0.0000000  0.0000010 0.0000000 0.0000000 0.0000000  0.0000010 0.0000000 -0.0000010 0.0000000 0.0000000 0.0000000 -0.0000010 0.0000000 0.0000000 0.0000000 0.0000000 0.0000000 0.0000000  0.0000010 0.0000000 0.0000000 0.0000000 0.0000000 0.0000000 0.0000000 0.0000000 0.0000000 0.0000000 0.0000000 0.0000000 0.0000000 -0.0000010 -0.0000010 0.0000000 0.0000000 0.0000000 -0.0016440 -0.0009100 -0.0000790  0.0007320  0.0014040  0.0017420  0.0017990
NP_CT10n31                         0.0000000 -0.0000010 0.0000000  0.0000010  0.0000010 -0.0000010 0.0000000 0.0000000 0.0000000 0.0000000 0.0000000 0.0000000 0.0000000 0.0000000 0.0000000  0.0000010 -0.0000020 0.0000000 0.0000000  0.0000010 0.0000000 -0.0000010 0.0000000 0.0000000 -0.0000010  0.0000010 -0.0000030  0.0000030 0.0000000 0.0000000 0.0000000 0.0000000 0.0000000 0.0000000 0.0000000  1.0000009 0.0000000 0.0000000 0.0000000  0.0000010 -0.0000010 0.0000000 0.0000000 0.0000000 0.0000000 0.0000000 0.0000000 0.0000000 0.0000000 0.0000000 0.0000000 0.0000000 -0.0000010  0.0000020 0.0000000 0.0000000 0.0000000 0.0000000 -0.0000010 0.0000000  0.0000010 -0.0000010 0.0000000 -0.0000010 0.0000000 0.0000000  0.0000040  0.0000020  0.0000010 0.0000000 -0.0000010 0.0000000 0.0000000  0.0000010 -0.0000010  0.0000020 -0.0000010  0.0000020  0.0000010  0.0000030  0.0000010 -0.0000030 0.0000000  0.0000030 0.0000000 0.0000000  0.0000020 0.0000000 -0.0000010 0.0000000  0.0000040 0.0000000 -0.0000020 0.0000000 -0.0000010 0.0000000 -0.0000020  0.0000010  0.0000010 -0.0000010 0.0000000 0.0000000 -0.0000010  0.0000020 0.0000000 0.0000000 -0.0000010 0.0000000 0.0000000 0.0000000 0.0000000 0.0000000 -0.0000010 0.0000000 0.0000000 0.0000000 -0.0000020 -0.0000030  0.0000010 0.0000000 0.0000000 -0.0029190 -0.0021110 -0.0006770  0.0013680  0.0028149  0.0031779  0.0039340
NP_CT10n32                         0.0000000  0.0000010 0.0000000 -0.0000010 -0.0000010  0.0000010 0.0000000 0.0000000 0.0000000 0.0000000 0.0000000 0.0000000 0.0000000 0.0000000 0.0000000 -0.0000010  0.0000020 0.0000000 0.0000000 -0.0000010 0.0000000  0.0000010 0.0000000 0.0000000  0.0000010 -0.0000010  0.0000020 -0.0000030 0.0000000 0.0000000 0.0000000 0.0000000 0.0000000 0.0000000 0.0000000 0.0000000  0.9999989 0.0000000 0.0000000 0.0000000  0.0000010 0.0000000 0.0000000 0.0000000 0.0000000 0.0000000 0.0000000 0.0000000 0.0000000 0.0000000 0.0000000 0.0000000  0.0000010 -0.0000010 0.0000000 0.0000000 0.0000000 0.0000000  0.0000010 0.0000000 -0.0000010  0.0000010 0.0000000  0.0000010 0.0000000 0.0000000 -0.0000040 -0.0000020 -0.0000010 0.0000000  0.0000010 0.0000000 0.0000000 0.0000000  0.0000010 -0.0000020  0.0000010 -0.0000020 -0.0000010 -0.0000030 -0.0000010  0.0000030 0.0000000 -0.0000030 0.0000000 0.0000000 -0.0000020 0.0000000  0.0000010 0.0000000 -0.0000030 0.0000000  0.0000010 0.0000000  0.0000010 0.0000000  0.0000020 -0.0000010 -0.0000010  0.0000010 0.0000000 0.0000000  0.0000010 -0.0000020 0.0000000 0.0000000  0.0000010 0.0000000 0.0000000 0.0000000 0.0000000 0.0000000  0.0000010 0.0000000 0.0000000 0.0000000  0.0000020  0.0000020 -0.0000010 0.0000000 0.0000000  0.0025880  0.0019030  0.0006100 -0.0011960 -0.0025089 -0.0027529 -0.0035260
NP_CT10n33                         0.0000000  0.0000010 0.0000000 -0.0000010 -0.0000010 0.0000000 0.0000000 0.0000000 0.0000000 0.0000000 0.0000000 0.0000000 0.0000000 0.0000000 0.0000000 -0.0000010  0.0000020 0.0000000 0.0000000 -0.0000010 0.0000000  0.0000010 0.0000000 0.0000000  0.0000010 -0.0000010  0.0000030 -0.0000030 0.0000000 0.0000000 0.0000000 0.0000000 0.0000000 0.0000000 0.0000000 0.0000000 0.0000000  0.9999989 0.0000000 -0.0000010  0.0000010 0.0000000 0.0000000 0.0000000 0.0000000 0.0000000 0.0000000 0.0000000 0.0000000 0.0000000 0.0000000 0.0000000  0.0000010 -0.0000010 0.0000000 0.0000000 0.0000000 0.0000000  0.0000010 0.0000000 -0.0000010  0.0000010 0.0000000  0.0000010 0.0000000 0.0000000 -0.0000050 -0.0000030 -0.0000010 0.0000000  0.0000010 0.0000000 0.0000000 -0.0000010  0.0000010 -0.0000020  0.0000010 -0.0000010 -0.0000010 -0.0000030 -0.0000010  0.0000030 0.0000000 -0.0000040 0.0000000 0.0000000 -0.0000030 0.0000000  0.0000010 0.0000000 -0.0000030 0.0000000  0.0000020 0.0000000  0.0000010 0.0000000  0.0000020 -0.0000010 -0.0000010  0.0000010 0.0000000 0.0000000  0.0000010 -0.0000020 0.0000000 0.0000000  0.0000010 0.0000000 0.0000000 0.0000000 0.0000000 0.0000000  0.0000010 0.0000000 0.0000000 0.0000000  0.0000030  0.0000030 -0.0000010 0.0000000 0.0000000 -0.0011280  0.0020520  0.0026700  0.0002310 -0.0021210 -0.0032610 -0.0039160
NP_CT10n34                         0.0000000  0.0000010 0.0000000 -0.0000010 -0.0000010 0.0000000 0.0000000 0.0000000 0.0000000 0.0000000 0.0000000 0.0000000 0.0000000 0.0000000 0.0000000 -0.0000010  0.0000010 0.0000000 0.0000000 -0.0000010 0.0000000 0.0000000 0.0000000 0.0000000 0.0000000 0.0000000  0.0000020 -0.0000020 0.0000000 0.0000000 0.0000000 0.0000000 0.0000000 0.0000000 0.0000000 0.0000000 0.0000000 0.0000000  1.0000000 0.0000000 0.0000000 0.0000000 0.0000000 0.0000000 0.0000000 0.0000000 0.0000000 0.0000000 0.0000000 0.0000000 0.0000000 0.0000000 0.0000000 -0.0000010 0.0000000 0.0000000 0.0000000 0.0000000 0.0000000 0.0000000 0.0000000 0.0000000 0.0000000  0.0000010 0.0000000 0.0000000 -0.0000020 -0.0000010 0.0000000 0.0000000  0.0000010 0.0000000 0.0000000 0.0000000  0.0000010 -0.0000010 0.0000000 -0.0000010 0.0000000 -0.0000020 0.0000000  0.0000020 0.0000000 -0.0000020 0.0000000 0.0000000 -0.0000010 0.0000000  0.0000010 0.0000000 -0.0000020 0.0000000  0.0000010 0.0000000 0.0000000 0.0000000  0.0000010 0.0000000 -0.0000010 0.0000000 0.0000000 0.0000000 0.0000000 -0.0000010 0.0000000 0.0000000  0.0000010 0.0000000 0.0000000 0.0000000 0.0000000 0.0000000 0.0000000 0.0000000 0.0000000 0.0000000  0.0000010  0.0000020 0.0000000 0.0000000 0.0000000  0.0072740  0.0010260 -0.0024280 -0.0029039 -0.0025379 -0.0024470 -0.0021670
NP_CT10n35                         0.0000000  0.0000010 0.0000000 -0.0000010 -0.0000020  0.0000010 0.0000000 0.0000000 0.0000000 0.0000000 0.0000000 0.0000000 0.0000000 0.0000000 0.0000000 -0.0000010  0.0000020 0.0000000 0.0000000 -0.0000010  0.0000010  0.0000010 0.0000000 0.0000000  0.0000010 -0.0000010  0.0000030 -0.0000040 0.0000000 0.0000000 0.0000000 0.0000000 0.0000000 0.0000000 0.0000000  0.0000010 0.0000000 -0.0000010 0.0000000  0.9999989  0.0000010 0.0000000 0.0000000 0.0000000 0.0000000 0.0000000 0.0000000 0.0000000 0.0000000 0.0000000 0.0000000 0.0000000  0.0000010 -0.0000020 0.0000000 0.0000000 0.0000000 0.0000000  0.0000010 0.0000000 -0.0000010  0.0000010 0.0000000  0.0000010 0.0000000 0.0000000 -0.0000060 -0.0000030 -0.0000010 0.0000000  0.0000010 0.0000000 0.0000000 -0.0000010  0.0000010 -0.0000020  0.0000010 -0.0000020 -0.0000010 -0.0000030 -0.0000010  0.0000030 0.0000000 -0.0000040 0.0000000 0.0000000 -0.0000030 0.0000000  0.0000010 0.0000000 -0.0000030 0.0000000  0.0000020 0.0000000  0.0000010 0.0000000  0.0000020 -0.0000010 -0.0000010  0.0000010 0.0000000 0.0000000  0.0000010 -0.0000020 0.0000000 0.0000000  0.0000010 0.0000000 0.0000000 0.0000000 0.0000000 0.0000000  0.0000010 0.0000000 0.0000000 0.0000000  0.0000030  0.0000030 -0.0000010 0.0000000 0.0000000  0.0053949  0.0026270  0.0001320 -0.0022039 -0.0031489 -0.0041419 -0.0041050
NP_CT10n36                         0.0000000 -0.0000020 0.0000000  0.0000020  0.0000030 -0.0000010 0.0000000 0.0000000 0.0000000 0.0000000 0.0000000 0.0000000 0.0000000 0.0000000 0.0000000  0.0000020 -0.0000030 0.0000000 0.0000000  0.0000020 -0.0000010 -0.0000010 0.0000000 0.0000000 -0.0000010  0.0000010 -0.0000040  0.0000050 0.0000000  0.0000010 -0.0000010  0.0000010 0.0000000 0.0000000 0.0000000 -0.0000010  0.0000010  0.0000010 0.0000000  0.0000010  1.0000020 0.0000000 0.0000000 0.0000000 0.0000000 0.0000000 0.0000000 0.0000000 0.0000000 0.0000000 0.0000000 0.0000000 -0.0000010  0.0000030 0.0000000 -0.0000010 0.0000000 0.0000000 -0.0000010 0.0000000  0.0000010 -0.0000010 0.0000000 -0.0000020  0.0000010 0.0000000  0.0000070  0.0000040  0.0000010 0.0000000 -0.0000020 0.0000000 0.0000000  0.0000010 -0.0000020  0.0000030 -0.0000010  0.0000030  0.0000010  0.0000050  0.0000010 -0.0000050 0.0000000  0.0000060 0.0000000 0.0000000  0.0000040 -0.0000010 -0.0000020 0.0000000  0.0000060 0.0000000 -0.0000030  0.0000010 -0.0000010  0.0000010 -0.0000030  0.0000010  0.0000020 -0.0000010 0.0000000 0.0000000 -0.0000010  0.0000030 0.0000000 0.0000000 -0.0000020 0.0000000 0.0000000 0.0000000 0.0000000 0.0000000 -0.0000010 0.0000000  0.0000010 0.0000000 -0.0000040 -0.0000050  0.0000010 0.0000000 0.0000000 -0.0076090 -0.0038049 -0.0002390  0.0031779  0.0049940  0.0061910  0.0064630
NP_CT10n37                         0.0000000 0.0000000 0.0000000 0.0000000 0.0000000 0.0000000 0.0000000 0.0000000 0.0000000 0.0000000 0.0000000 0.0000000 0.0000000 0.0000000 0.0000000 0.0000000 0.0000000 0.0000000 0.0000000 0.0000000 0.0000000 0.0000000 0.0000000 0.0000000 0.0000000 0.0000000 0.0000000  0.0000010 0.0000000 0.0000000 0.0000000 0.0000000 0.0000000 0.0000000 0.0000000 0.0000000 0.0000000 0.0000000 0.0000000 0.0000000 0.0000000  1.0000000 0.0000000 0.0000000 0.0000000 0.0000000 0.0000000 0.0000000 0.0000000 0.0000000 0.0000000 0.0000000 0.0000000 0.0000000 0.0000000 0.0000000 0.0000000 0.0000000 0.0000000 0.0000000 0.0000000 0.0000000 0.0000000 0.0000000 0.0000000 0.0000000  0.0000010 0.0000000 0.0000000 0.0000000 0.0000000 0.0000000 0.0000000 0.0000000 0.0000000 0.0000000 0.0000000 0.0000000 0.0000000  0.0000010 0.0000000 0.0000000 0.0000000  0.0000010 0.0000000 0.0000000 0.0000000 0.0000000 0.0000000 0.0000000  0.0000010 0.0000000 0.0000000 0.0000000 0.0000000 0.0000000 0.0000000 0.0000000 0.0000000 0.0000000 0.0000000 0.0000000 0.0000000 0.0000000 0.0000000 0.0000000 0.0000000 0.0000000 0.0000000 0.0000000 0.0000000 0.0000000 0.0000000 0.0000000 0.0000000 0.0000000 0.0000000 0.0000000 0.0000000 0.0000000 0.0000000 -0.0011100 -0.0001260  0.0000100  0.0004010  0.0004820  0.0007290  0.0006800
NP_CT10n38                         0.0000000 0.0000000 0.0000000 0.0000000 0.0000000 0.0000000 0.0000000 0.0000000 0.0000000 0.0000000 0.0000000 0.0000000 0.0000000 0.0000000 0.0000000 0.0000000 0.0000000 0.0000000 0.0000000 0.0000000 0.0000000 0.0000000 0.0000000 0.0000000 0.0000000 0.0000000 0.0000000 -0.0000010 0.0000000 0.0000000 0.0000000 0.0000000 0.0000000 0.0000000 0.0000000 0.0000000 0.0000000 0.0000000 0.0000000 0.0000000 0.0000000 0.0000000  1.0000000 0.0000000 0.0000000 0.0000000 0.0000000 0.0000000 0.0000000 0.0000000 0.0000000 0.0000000 0.0000000 0.0000000 0.0000000 0.0000000 0.0000000 0.0000000 0.0000000 0.0000000 0.0000000 0.0000000 0.0000000 0.0000000 0.0000000 0.0000000 -0.0000010 0.0000000 0.0000000 0.0000000 0.0000000 0.0000000 0.0000000 0.0000000 0.0000000 0.0000000 0.0000000 0.0000000 0.0000000 -0.0000010 0.0000000 0.0000000 0.0000000 -0.0000010 0.0000000 0.0000000 0.0000000 0.0000000 0.0000000 0.0000000 -0.0000010 0.0000000 0.0000000 0.0000000 0.0000000 0.0000000 0.0000000 0.0000000 0.0000000 0.0000000 0.0000000 0.0000000 0.0000000 0.0000000 0.0000000 0.0000000 0.0000000 0.0000000 0.0000000 0.0000000 0.0000000 0.0000000 0.0000000 0.0000000 0.0000000 0.0000000 0.0000000 0.0000000 0.0000000 0.0000000 0.0000000  0.0013300  0.0000970 -0.0001100 -0.0004270 -0.0005000 -0.0006620 -0.0006850
NP_CT10n39                         0.0000000 -0.0000010 0.0000000 0.0000000  0.0000010 0.0000000 0.0000000 0.0000000 0.0000000 0.0000000 0.0000000 0.0000000 0.0000000 0.0000000 0.0000000 0.0000000 -0.0000010 0.0000000 0.0000000 0.0000000 0.0000000 0.0000000 0.0000000 0.0000000 0.0000000 0.0000000 -0.0000010  0.0000010 0.0000000 0.0000000 0.0000000 0.0000000 0.0000000 0.0000000 0.0000000 0.0000000 0.0000000 0.0000000 0.0000000 0.0000000 0.0000000 0.0000000 0.0000000  1.0000000 0.0000000 0.0000000 0.0000000 0.0000000 0.0000000 0.0000000 0.0000000 0.0000000 0.0000000  0.0000010 0.0000000 0.0000000 0.0000000 0.0000000 0.0000000 0.0000000 0.0000000 0.0000000 0.0000000 0.0000000 0.0000000 0.0000000  0.0000020  0.0000010 0.0000000 0.0000000 0.0000000 0.0000000 0.0000000 0.0000000 0.0000000  0.0000010 0.0000000  0.0000010 0.0000000  0.0000010 0.0000000 -0.0000010 0.0000000  0.0000010 0.0000000 0.0000000  0.0000010 0.0000000 0.0000000 0.0000000  0.0000010 0.0000000 -0.0000010 0.0000000 0.0000000 0.0000000 -0.0000010 0.0000000 0.0000000 0.0000000 0.0000000 0.0000000 0.0000000  0.0000010 0.0000000 0.0000000 -0.0000010 0.0000000 0.0000000 0.0000000 0.0000000 0.0000000 0.0000000 0.0000000 0.0000000 0.0000000 -0.0000010 -0.0000010 0.0000000 0.0000000 0.0000000 -0.0010290 -0.0003300  0.0001730  0.0005370  0.0013359  0.0013040  0.0016119
NP_CT10n4                          0.0000000 0.0000000 0.0000000 0.0000000 0.0000000 0.0000000 0.0000000 0.0000000 0.0000000 0.0000000 0.0000000 0.0000000 0.0000000 0.0000000 0.0000000 0.0000000 0.0000000 0.0000000 0.0000000 0.0000000 0.0000000 0.0000000 0.0000000 0.0000000 0.0000000 0.0000000 0.0000000 0.0000000 0.0000000 0.0000000 0.0000000 0.0000000 0.0000000 0.0000000 0.0000000 0.0000000 0.0000000 0.0000000 0.0000000 0.0000000 0.0000000 0.0000000 0.0000000 0.0000000  1.0000000 0.0000000 0.0000000 0.0000000 0.0000000 0.0000000 0.0000000 0.0000000 0.0000000 0.0000000 0.0000000 0.0000000 0.0000000 0.0000000 0.0000000 0.0000000 0.0000000 0.0000000 0.0000000 0.0000000 0.0000000 0.0000000 0.0000000 0.0000000 0.0000000 0.0000000 0.0000000 0.0000000 0.0000000 0.0000000 0.0000000 0.0000000 0.0000000 0.0000000 0.0000000 0.0000000 0.0000000 0.0000000 0.0000000 0.0000000 0.0000000 0.0000000 0.0000000 0.0000000 0.0000000 0.0000000 0.0000000 0.0000000 0.0000000 0.0000000 0.0000000 0.0000000 0.0000000 0.0000000 0.0000000 0.0000000 0.0000000 0.0000000 0.0000000 0.0000000 0.0000000 0.0000000 0.0000000 0.0000000 0.0000000 0.0000000 0.0000000 0.0000000 0.0000000 0.0000000 0.0000000 0.0000000 0.0000000 0.0000000 0.0000000 0.0000000 0.0000000  0.0004550 0.0000000 -0.0001530 -0.0001650  0.0000120 -0.0000160  0.0000170
NP_CT10n40                         0.0000000 0.0000000 0.0000000 0.0000000 0.0000000 0.0000000 0.0000000 0.0000000 0.0000000 0.0000000 0.0000000 0.0000000 0.0000000 0.0000000 0.0000000 0.0000000 0.0000000 0.0000000 0.0000000 0.0000000 0.0000000 0.0000000 0.0000000 0.0000000 0.0000000 0.0000000 0.0000000 0.0000000 0.0000000 0.0000000 0.0000000 0.0000000 0.0000000 0.0000000 0.0000000 0.0000000 0.0000000 0.0000000 0.0000000 0.0000000 0.0000000 0.0000000 0.0000000 0.0000000 0.0000000  1.0000000 0.0000000 0.0000000 0.0000000 0.0000000 0.0000000 0.0000000 0.0000000 0.0000000 0.0000000 0.0000000 0.0000000 0.0000000 0.0000000 0.0000000 0.0000000 0.0000000 0.0000000 0.0000000 0.0000000 0.0000000  0.0000010 0.0000000 0.0000000 0.0000000 0.0000000 0.0000000 0.0000000 0.0000000 0.0000000 0.0000000 0.0000000 0.0000000 0.0000000 0.0000000 0.0000000 0.0000000 0.0000000 0.0000000 0.0000000 0.0000000 0.0000000 0.0000000 0.0000000 0.0000000 0.0000000 0.0000000 0.0000000 0.0000000 0.0000000 0.0000000 0.0000000 0.0000000 0.0000000 0.0000000 0.0000000 0.0000000 0.0000000 0.0000000 0.0000000 0.0000000 0.0000000 0.0000000 0.0000000 0.0000000 0.0000000 0.0000000 0.0000000 0.0000000 0.0000000 0.0000000 0.0000000 0.0000000 0.0000000 0.0000000 0.0000000 -0.0004660 -0.0007240 -0.0005260  0.0001450  0.0001730  0.0004940  0.0004470
NP_CT10n41                         0.0000000  0.0000010 0.0000000 -0.0000010 -0.0000010 0.0000000 0.0000000 0.0000000 0.0000000 0.0000000 0.0000000 0.0000000 0.0000000 0.0000000 0.0000000 -0.0000010  0.0000010 0.0000000 0.0000000 -0.0000010 0.0000000 0.0000000 0.0000000 0.0000000 0.0000000 0.0000000  0.0000010 -0.0000020 0.0000000 0.0000000 0.0000000 0.0000000 0.0000000 0.0000000 0.0000000 0.0000000 0.0000000 0.0000000 0.0000000 0.0000000 0.0000000 0.0000000 0.0000000 0.0000000 0.0000000 0.0000000  1.0000000 0.0000000 0.0000000 0.0000000 0.0000000 0.0000000 0.0000000 -0.0000010 0.0000000 0.0000000 0.0000000 0.0000000 0.0000000 0.0000000 0.0000000 0.0000000 0.0000000  0.0000010 0.0000000 0.0000000 -0.0000020 -0.0000010 0.0000000 0.0000000  0.0000010 0.0000000 0.0000000 0.0000000  0.0000010 -0.0000010  0.0000010 -0.0000010 0.0000000 -0.0000020 0.0000000  0.0000020 0.0000000 -0.0000020 0.0000000 0.0000000 -0.0000010 0.0000000  0.0000010 0.0000000 -0.0000020 0.0000000  0.0000010 0.0000000 0.0000000 0.0000000  0.0000010 0.0000000 -0.0000010 0.0000000 0.0000000 0.0000000 0.0000000 -0.0000010 0.0000000 0.0000000  0.0000010 0.0000000 0.0000000 0.0000000 0.0000000 0.0000000 0.0000000 0.0000000 0.0000000 0.0000000  0.0000010  0.0000020 0.0000000 0.0000000 0.0000000  0.0031180  0.0011550 -0.0002000 -0.0013240 -0.0017700 -0.0022820 -0.0022320
NP_CT10n42                         0.0000000 0.0000000 0.0000000 0.0000000 0.0000000 0.0000000 0.0000000 0.0000000 0.0000000 0.0000000 0.0000000 0.0000000 0.0000000 0.0000000 0.0000000 0.0000000 -0.0000010 0.0000000 0.0000000 0.0000000 0.0000000 0.0000000 0.0000000 0.0000000 0.0000000 0.0000000 -0.0000010  0.0000010 0.0000000 0.0000000 0.0000000 0.0000000 0.0000000 0.0000000 0.0000000 0.0000000 0.0000000 0.0000000 0.0000000 0.0000000 0.0000000 0.0000000 0.0000000 0.0000000 0.0000000 0.0000000 0.0000000  1.0000000 0.0000000 0.0000000 0.0000000 0.0000000 0.0000000 0.0000000 0.0000000 0.0000000 0.0000000 0.0000000 0.0000000 0.0000000 0.0000000 0.0000000 0.0000000 0.0000000 0.0000000 0.0000000  0.0000010  0.0000010 0.0000000 0.0000000 0.0000000 0.0000000 0.0000000 0.0000000 0.0000000  0.0000010 0.0000000  0.0000010 0.0000000  0.0000010 0.0000000 -0.0000010 0.0000000  0.0000010 0.0000000 0.0000000  0.0000010 0.0000000 0.0000000 0.0000000  0.0000010 0.0000000 0.0000000 0.0000000 0.0000000 0.0000000 -0.0000010 0.0000000 0.0000000 0.0000000 0.0000000 0.0000000 0.0000000  0.0000010 0.0000000 0.0000000 0.0000000 0.0000000 0.0000000 0.0000000 0.0000000 0.0000000 0.0000000 0.0000000 0.0000000 0.0000000 -0.0000010 -0.0000010 0.0000000 0.0000000 0.0000000 -0.0016000 -0.0005890  0.0000450  0.0007210  0.0008760  0.0011670  0.0011930
NP_CT10n43                         0.0000000  0.0000010 0.0000000 0.0000000 -0.0000010 0.0000000 0.0000000 0.0000000 0.0000000 0.0000000 0.0000000 0.0000000 0.0000000 0.0000000 0.0000000 -0.0000010  0.0000010 0.0000000 0.0000000 0.0000000 0.0000000 0.0000000 0.0000000 0.0000000 0.0000000 0.0000000  0.0000010 -0.0000010 0.0000000 0.0000000 0.0000000 0.0000000 0.0000000 0.0000000 0.0000000 0.0000000 0.0000000 0.0000000 0.0000000 0.0000000 0.0000000 0.0000000 0.0000000 0.0000000 0.0000000 0.0000000 0.0000000 0.0000000  1.0000000 0.0000000 0.0000000 0.0000000 0.0000000 -0.0000010 0.0000000 0.0000000 0.0000000 0.0000000 0.0000000 0.0000000 0.0000000 0.0000000 0.0000000 0.0000000 0.0000000 0.0000000 -0.0000020 -0.0000010 0.0000000 0.0000000 0.0000000 0.0000000 0.0000000 0.0000000 0.0000000 -0.0000010 0.0000000 -0.0000010 0.0000000 -0.0000020 0.0000000  0.0000010 0.0000000 -0.0000020 0.0000000 0.0000000 -0.0000010 0.0000000 0.0000000 0.0000000 -0.0000020 0.0000000  0.0000010 0.0000000 0.0000000 0.0000000  0.0000010 0.0000000 -0.0000010 0.0000000 0.0000000 0.0000000 0.0000000 -0.0000010 0.0000000 0.0000000  0.0000010 0.0000000 0.0000000 0.0000000 0.0000000 0.0000000 0.0000000 0.0000000 0.0000000 0.0000000  0.0000010  0.0000010 0.0000000 0.0000000 0.0000000  0.0024429  0.0009820 -0.0002600 -0.0010139 -0.0015139 -0.0019230 -0.0019030
NP_CT10n44                         0.0000000 -0.0000010 0.0000000 0.0000000  0.0000010 0.0000000 0.0000000 0.0000000 0.0000000 0.0000000 0.0000000 0.0000000 0.0000000 0.0000000 0.0000000  0.0000010 -0.0000010 0.0000000 0.0000000 0.0000000 0.0000000 0.0000000 0.0000000 0.0000000 0.0000000 0.0000000 -0.0000010  0.0000010 0.0000000 0.0000000 0.0000000 0.0000000 0.0000000 0.0000000 0.0000000 0.0000000 0.0000000 0.0000000 0.0000000 0.0000000 0.0000000 0.0000000 0.0000000 0.0000000 0.0000000 0.0000000 0.0000000 0.0000000 0.0000000  1.0000000 0.0000000 0.0000000 0.0000000  0.0000010 0.0000000 0.0000000 0.0000000 0.0000000 0.0000000 0.0000000 0.0000000 0.0000000 0.0000000 0.0000000 0.0000000 0.0000000  0.0000020  0.0000010 0.0000000 0.0000000 0.0000000 0.0000000 0.0000000 0.0000000 0.0000000  0.0000010 0.0000000  0.0000010 0.0000000  0.0000010 0.0000000 -0.0000010 0.0000000  0.0000020 0.0000000 0.0000000  0.0000010 0.0000000 0.0000000 0.0000000  0.0000020 0.0000000 -0.0000010 0.0000000 0.0000000 0.0000000 -0.0000010 0.0000000  0.0000010 0.0000000 0.0000000 0.0000000 0.0000000  0.0000010 0.0000000 0.0000000 -0.0000010 0.0000000 0.0000000 0.0000000 0.0000000 0.0000000 0.0000000 0.0000000 0.0000000 0.0000000 -0.0000010 -0.0000010 0.0000000 0.0000000 0.0000000 -0.0021050 -0.0009030  0.0001720  0.0009350  0.0013820  0.0018339  0.0017769
NP_CT10n45                         0.0000000 0.0000000 0.0000000 0.0000000 0.0000000 0.0000000 0.0000000 0.0000000 0.0000000 0.0000000 0.0000000 0.0000000 0.0000000 0.0000000 0.0000000 0.0000000 0.0000000 0.0000000 0.0000000 0.0000000 0.0000000 0.0000000 0.0000000 0.0000000 0.0000000 0.0000000 0.0000000 0.0000000 0.0000000 0.0000000 0.0000000 0.0000000 0.0000000 0.0000000 0.0000000 0.0000000 0.0000000 0.0000000 0.0000000 0.0000000 0.0000000 0.0000000 0.0000000 0.0000000 0.0000000 0.0000000 0.0000000 0.0000000 0.0000000 0.0000000  1.0000000 0.0000000 0.0000000 0.0000000 0.0000000 0.0000000 0.0000000 0.0000000 0.0000000 0.0000000 0.0000000 0.0000000 0.0000000 0.0000000 0.0000000 0.0000000 0.0000000 0.0000000 0.0000000 0.0000000 0.0000000 0.0000000 0.0000000 0.0000000 0.0000000 0.0000000 0.0000000 0.0000000 0.0000000 0.0000000 0.0000000 0.0000000 0.0000000 0.0000000 0.0000000 0.0000000 0.0000000 0.0000000 0.0000000 0.0000000 0.0000000 0.0000000 0.0000000 0.0000000 0.0000000 0.0000000 0.0000000 0.0000000 0.0000000 0.0000000 0.0000000 0.0000000 0.0000000 0.0000000 0.0000000 0.0000000 0.0000000 0.0000000 0.0000000 0.0000000 0.0000000 0.0000000 0.0000000 0.0000000 0.0000000 0.0000000 0.0000000 0.0000000 0.0000000 0.0000000 0.0000000 -0.0007250 -0.0000500  0.0000480  0.0003320  0.0002800  0.0004350  0.0003130
NP_CT10n46                         0.0000000 0.0000000 0.0000000 0.0000000 0.0000000 0.0000000 0.0000000 0.0000000 0.0000000 0.0000000 0.0000000 0.0000000 0.0000000 0.0000000 0.0000000 0.0000000 0.0000000 0.0000000 0.0000000 0.0000000 0.0000000 0.0000000 0.0000000 0.0000000 0.0000000 0.0000000 0.0000000 0.0000000 0.0000000 0.0000000 0.0000000 0.0000000 0.0000000 0.0000000 0.0000000 0.0000000 0.0000000 0.0000000 0.0000000 0.0000000 0.0000000 0.0000000 0.0000000 0.0000000 0.0000000 0.0000000 0.0000000 0.0000000 0.0000000 0.0000000 0.0000000  1.0000000 0.0000000 0.0000000 0.0000000 0.0000000 0.0000000 0.0000000 0.0000000 0.0000000 0.0000000 0.0000000 0.0000000 0.0000000 0.0000000 0.0000000 0.0000000 0.0000000 0.0000000 0.0000000 0.0000000 0.0000000 0.0000000 0.0000000 0.0000000 0.0000000 0.0000000 0.0000000 0.0000000 0.0000000 0.0000000 0.0000000 0.0000000 0.0000000 0.0000000 0.0000000 0.0000000 0.0000000 0.0000000 0.0000000 0.0000000 0.0000000 0.0000000 0.0000000 0.0000000 0.0000000 0.0000000 0.0000000 0.0000000 0.0000000 0.0000000 0.0000000 0.0000000 0.0000000 0.0000000 0.0000000 0.0000000 0.0000000 0.0000000 0.0000000 0.0000000 0.0000000 0.0000000 0.0000000 0.0000000 0.0000000 0.0000000 0.0000000 0.0000000 0.0000000 0.0000000  0.0004690 -0.0002380 -0.0001760 -0.0002090  0.0000240  0.0000100  0.0002670
NP_CT10n47                         0.0000000 -0.0000020 0.0000000  0.0000010  0.0000020 -0.0000010 0.0000000 0.0000000 0.0000000 0.0000000 0.0000000 0.0000000 0.0000000 0.0000000 0.0000000  0.0000020 -0.0000020 0.0000000 0.0000000  0.0000010 -0.0000010 -0.0000010 0.0000000 0.0000000 -0.0000010  0.0000010 -0.0000030  0.0000040 0.0000000 0.0000000 0.0000000 0.0000000 0.0000000 0.0000000 0.0000000 -0.0000010  0.0000010  0.0000010 0.0000000  0.0000010 -0.0000010 0.0000000 0.0000000 0.0000000 0.0000000 0.0000000 0.0000000 0.0000000 0.0000000 0.0000000 0.0000000 0.0000000  0.9999989  0.0000020 0.0000000 0.0000000 0.0000000 0.0000000 -0.0000010 0.0000000  0.0000010 -0.0000010 0.0000000 -0.0000010 0.0000000 0.0000000  0.0000050  0.0000030  0.0000010 0.0000000 -0.0000010 0.0000000 0.0000000  0.0000010 -0.0000010  0.0000030 -0.0000010  0.0000020  0.0000010  0.0000040  0.0000010 -0.0000040 0.0000000  0.0000040 0.0000000 0.0000000  0.0000030 0.0000000 -0.0000010 0.0000000  0.0000050 0.0000000 -0.0000020 0.0000000 -0.0000010  0.0000010 -0.0000030  0.0000010  0.0000010 -0.0000010 0.0000000 0.0000000 -0.0000010  0.0000030 0.0000000 0.0000000 -0.0000020 0.0000000 0.0000000 0.0000000 0.0000000 0.0000000 -0.0000010 0.0000000 0.0000000 0.0000000 -0.0000030 -0.0000040  0.0000010 0.0000000 0.0000000 -0.0039439 -0.0029949 -0.0006270  0.0020240  0.0041539  0.0048520  0.0052319
NP_CT10n48                         0.0000000  0.0000040 0.0000000 -0.0000030 -0.0000050  0.0000020 0.0000000 0.0000000 0.0000000 0.0000000 0.0000000 -0.0000010 0.0000000 0.0000000 0.0000000 -0.0000040  0.0000060 0.0000000 0.0000000 -0.0000030  0.0000020  0.0000020  0.0000010 -0.0000010  0.0000030 -0.0000020  0.0000090 -0.0000090  0.0000010 -0.0000010  0.0000010 -0.0000010 -0.0000010 0.0000000  0.0000010  0.0000020 -0.0000010 -0.0000010 -0.0000010 -0.0000020  0.0000030 0.0000000 0.0000000  0.0000010 0.0000000 0.0000000 -0.0000010 0.0000000 -0.0000010  0.0000010 0.0000000 0.0000000  0.0000020  0.9999989 0.0000000  0.0000010 -0.0000010  0.0000010  0.0000030 -0.0000010 -0.0000030  0.0000020 0.0000000  0.0000030 -0.0000010 0.0000000 -0.0000150 -0.0000080 -0.0000020  0.0000010  0.0000030 0.0000000 0.0000000 -0.0000020  0.0000030 -0.0000070  0.0000030 -0.0000050 -0.0000030 -0.0000090 -0.0000020  0.0000100 -0.0000010 -0.0000110 0.0000000 0.0000000 -0.0000070  0.0000010  0.0000030 0.0000000 -0.0000110 0.0000000  0.0000050 -0.0000010  0.0000020 -0.0000010  0.0000060 -0.0000020 -0.0000040  0.0000020  0.0000010 0.0000000  0.0000020 -0.0000070 0.0000000 0.0000000  0.0000050 -0.0000010 0.0000000 0.0000000 0.0000000 0.0000000  0.0000020 0.0000000 -0.0000010 0.0000000  0.0000080  0.0000090 -0.0000030 0.0000000 0.0000000  0.0204329  0.0064060 -0.0026710 -0.0084779 -0.0118820 -0.0135280 -0.0138429
NP_CT10n49                         0.0000000 0.0000000 0.0000000 0.0000000 0.0000000 0.0000000 0.0000000 0.0000000 0.0000000 0.0000000 0.0000000 0.0000000 0.0000000 0.0000000 0.0000000 0.0000000 0.0000000 0.0000000 0.0000000 0.0000000 0.0000000 0.0000000 0.0000000 0.0000000 0.0000000 0.0000000 0.0000000 0.0000000 0.0000000 0.0000000 0.0000000 0.0000000 0.0000000 0.0000000 0.0000000 0.0000000 0.0000000 0.0000000 0.0000000 0.0000000 0.0000000 0.0000000 0.0000000 0.0000000 0.0000000 0.0000000 0.0000000 0.0000000 0.0000000 0.0000000 0.0000000 0.0000000 0.0000000 0.0000000  1.0000000 0.0000000 0.0000000 0.0000000 0.0000000 0.0000000 0.0000000 0.0000000 0.0000000 0.0000000 0.0000000 0.0000000  0.0000010 0.0000000 0.0000000 0.0000000 0.0000000 0.0000000 0.0000000 0.0000000 0.0000000 0.0000000 0.0000000 0.0000000 0.0000000 0.0000000 0.0000000 0.0000000 0.0000000  0.0000010 0.0000000 0.0000000 0.0000000 0.0000000 0.0000000 0.0000000  0.0000010 0.0000000 0.0000000 0.0000000 0.0000000 0.0000000 0.0000000 0.0000000 0.0000000 0.0000000 0.0000000 0.0000000 0.0000000 0.0000000 0.0000000 0.0000000 0.0000000 0.0000000 0.0000000 0.0000000 0.0000000 0.0000000 0.0000000 0.0000000 0.0000000 0.0000000 0.0000000 0.0000000 0.0000000 0.0000000 0.0000000 -0.0005850 -0.0002650  0.0000180  0.0002130  0.0003920  0.0003670  0.0005800
NP_CT10n5                          0.0000000 -0.0000010 0.0000000  0.0000010  0.0000010 0.0000000 0.0000000 0.0000000 0.0000000 0.0000000 0.0000000 0.0000000 0.0000000 0.0000000 0.0000000  0.0000010 -0.0000010 0.0000000 0.0000000  0.0000010 0.0000000 0.0000000 0.0000000 0.0000000 0.0000000 0.0000000 -0.0000020  0.0000020 0.0000000 0.0000000 0.0000000 0.0000000 0.0000000 0.0000000 0.0000000 0.0000000 0.0000000 0.0000000 0.0000000 0.0000000 -0.0000010 0.0000000 0.0000000 0.0000000 0.0000000 0.0000000 0.0000000 0.0000000 0.0000000 0.0000000 0.0000000 0.0000000 0.0000000  0.0000010 0.0000000  1.0000000 0.0000000 0.0000000 0.0000000 0.0000000 0.0000000 0.0000000 0.0000000 -0.0000010 0.0000000 0.0000000  0.0000020  0.0000010 0.0000000 0.0000000 -0.0000010 0.0000000 0.0000000 0.0000000 -0.0000010  0.0000010 -0.0000010  0.0000010  0.0000010  0.0000020 0.0000000 -0.0000020 0.0000000  0.0000020 0.0000000 0.0000000  0.0000010 0.0000000 -0.0000010 0.0000000  0.0000020 0.0000000 -0.0000010 0.0000000 0.0000000 0.0000000 -0.0000010 0.0000000  0.0000010 0.0000000 0.0000000 0.0000000 0.0000000  0.0000010 0.0000000 0.0000000 -0.0000010 0.0000000 0.0000000 0.0000000 0.0000000 0.0000000 0.0000000 0.0000000 0.0000000 0.0000000 -0.0000010 -0.0000020  0.0000010 0.0000000 0.0000000 -0.0027799 -0.0015520  0.0000460  0.0012450  0.0022290  0.0019310  0.0025730
NP_CT10n50                         0.0000000 0.0000000 0.0000000 0.0000000 -0.0000010 0.0000000 0.0000000 0.0000000 0.0000000 0.0000000 0.0000000 0.0000000 0.0000000 0.0000000 0.0000000 0.0000000  0.0000010 0.0000000 0.0000000 0.0000000 0.0000000 0.0000000 0.0000000 0.0000000 0.0000000 0.0000000  0.0000010 -0.0000010 0.0000000 0.0000000 0.0000000 0.0000000 0.0000000 0.0000000 0.0000000 0.0000000 0.0000000 0.0000000 0.0000000 0.0000000 0.0000000 0.0000000 0.0000000 0.0000000 0.0000000 0.0000000 0.0000000 0.0000000 0.0000000 0.0000000 0.0000000 0.0000000 0.0000000 -0.0000010 0.0000000 0.0000000  1.0000000 0.0000000 0.0000000 0.0000000 0.0000000 0.0000000 0.0000000 0.0000000 0.0000000 0.0000000 -0.0000020 -0.0000010 0.0000000 0.0000000 0.0000000 0.0000000 0.0000000 0.0000000 0.0000000 -0.0000010 0.0000000 -0.0000010 0.0000000 -0.0000010 0.0000000  0.0000010 0.0000000 -0.0000010 0.0000000 0.0000000 -0.0000010 0.0000000 0.0000000 0.0000000 -0.0000010 0.0000000  0.0000010 0.0000000 0.0000000 0.0000000  0.0000010 0.0000000 0.0000000 0.0000000 0.0000000 0.0000000 0.0000000 -0.0000010 0.0000000 0.0000000 0.0000000 0.0000000 0.0000000 0.0000000 0.0000000 0.0000000 0.0000000 0.0000000 0.0000000 0.0000000  0.0000010  0.0000010 0.0000000 0.0000000 0.0000000  0.0019120  0.0007720 -0.0001200 -0.0007620 -0.0011720 -0.0015110 -0.0013929
NP_CT10n51                         0.0000000 0.0000000 0.0000000 0.0000000 0.0000000 0.0000000 0.0000000 0.0000000 0.0000000 0.0000000 0.0000000 0.0000000 0.0000000 0.0000000 0.0000000 0.0000000 -0.0000010 0.0000000 0.0000000 0.0000000 0.0000000 0.0000000 0.0000000 0.0000000 0.0000000 0.0000000 -0.0000010  0.0000010 0.0000000 0.0000000 0.0000000 0.0000000 0.0000000 0.0000000 0.0000000 0.0000000 0.0000000 0.0000000 0.0000000 0.0000000 0.0000000 0.0000000 0.0000000 0.0000000 0.0000000 0.0000000 0.0000000 0.0000000 0.0000000 0.0000000 0.0000000 0.0000000 0.0000000  0.0000010 0.0000000 0.0000000 0.0000000  1.0000000 0.0000000 0.0000000 0.0000000 0.0000000 0.0000000 0.0000000 0.0000000 0.0000000  0.0000010  0.0000010 0.0000000 0.0000000 0.0000000 0.0000000 0.0000000 0.0000000 0.0000000  0.0000010 0.0000000  0.0000010 0.0000000  0.0000010 0.0000000 -0.0000010 0.0000000  0.0000010 0.0000000 0.0000000  0.0000010 0.0000000 0.0000000 0.0000000  0.0000010 0.0000000 -0.0000010 0.0000000 0.0000000 0.0000000 -0.0000010 0.0000000 0.0000000 0.0000000 0.0000000 0.0000000 0.0000000  0.0000010 0.0000000 0.0000000 0.0000000 0.0000000 0.0000000 0.0000000 0.0000000 0.0000000 0.0000000 0.0000000 0.0000000 0.0000000 -0.0000010 -0.0000010 0.0000000 0.0000000 0.0000000 -0.0021099 -0.0007090  0.0002780  0.0008250  0.0010920  0.0011340  0.0013140
NP_CT10n52                         0.0000000 -0.0000020 0.0000000  0.0000020  0.0000030 -0.0000010 0.0000000 0.0000000 0.0000000 0.0000000 0.0000000  0.0000010 0.0000000 0.0000000 0.0000000  0.0000020 -0.0000030 0.0000000 0.0000000  0.0000020 -0.0000010 -0.0000010 0.0000000  0.0000010 -0.0000010  0.0000010 -0.0000050  0.0000050 0.0000000  0.0000010 -0.0000010  0.0000010  0.0000010 0.0000000 0.0000000 -0.0000010  0.0000010  0.0000010 0.0000000  0.0000010 -0.0000010 0.0000000 0.0000000 0.0000000 0.0000000 0.0000000 0.0000000 0.0000000 0.0000000 0.0000000 0.0000000 0.0000000 -0.0000010  0.0000030 0.0000000 0.0000000 0.0000000 0.0000000  1.0000029 0.0000000  0.0000010 -0.0000010 0.0000000 -0.0000020  0.0000010 0.0000000  0.0000080  0.0000040  0.0000010 0.0000000 -0.0000020 0.0000000 0.0000000  0.0000010 -0.0000020  0.0000040 -0.0000020  0.0000030  0.0000010  0.0000060  0.0000010 -0.0000050 0.0000000  0.0000060 0.0000000 0.0000000  0.0000040 -0.0000010 -0.0000020 0.0000000  0.0000060 0.0000000 -0.0000030  0.0000010 -0.0000010  0.0000010 -0.0000030  0.0000010  0.0000020 -0.0000010 0.0000000 0.0000000 -0.0000010  0.0000040 0.0000000 0.0000000 -0.0000020 0.0000000 0.0000000 0.0000000 0.0000000 0.0000000 -0.0000010 0.0000000  0.0000010 0.0000000 -0.0000040 -0.0000050  0.0000010 0.0000000 0.0000000 -0.0098270 -0.0040109  0.0006530  0.0040359  0.0056420  0.0069410  0.0069239
NP_CT10n6                          0.0000000  0.0000010 0.0000000 -0.0000010 -0.0000010 0.0000000 0.0000000 0.0000000 0.0000000 0.0000000 0.0000000 0.0000000 0.0000000 0.0000000 0.0000000 -0.0000010  0.0000010 0.0000000 0.0000000 0.0000000 0.0000000 0.0000000 0.0000000 0.0000000 0.0000000 0.0000000  0.0000010 -0.0000020 0.0000000 0.0000000 0.0000000 0.0000000 0.0000000 0.0000000 0.0000000 0.0000000 0.0000000 0.0000000 0.0000000 0.0000000 0.0000000 0.0000000 0.0000000 0.0000000 0.0000000 0.0000000 0.0000000 0.0000000 0.0000000 0.0000000 0.0000000 0.0000000 0.0000000 -0.0000010 0.0000000 0.0000000 0.0000000 0.0000000 0.0000000  1.0000000 0.0000000 0.0000000 0.0000000  0.0000010 0.0000000 0.0000000 -0.0000020 -0.0000010 0.0000000 0.0000000  0.0000010 0.0000000 0.0000000 0.0000000  0.0000010 -0.0000010 0.0000000 -0.0000010 0.0000000 -0.0000020 0.0000000  0.0000020 0.0000000 -0.0000020 0.0000000 0.0000000 -0.0000010 0.0000000  0.0000010 0.0000000 -0.0000020 0.0000000  0.0000010 0.0000000 0.0000000 0.0000000  0.0000010 0.0000000 -0.0000010 0.0000000 0.0000000 0.0000000 0.0000000 -0.0000010 0.0000000 0.0000000  0.0000010 0.0000000 0.0000000 0.0000000 0.0000000 0.0000000 0.0000000 0.0000000 0.0000000 0.0000000  0.0000010  0.0000020 0.0000000 0.0000000 0.0000000  0.0024369  0.0013519 -0.0000500 -0.0010950 -0.0019449 -0.0016789 -0.0022380
NP_CT10n7                          0.0000000  0.0000020 0.0000000 -0.0000020 -0.0000030  0.0000010 0.0000000 0.0000000 0.0000000 0.0000000 0.0000000 -0.0000010 0.0000000 0.0000000 0.0000000 -0.0000020  0.0000030 0.0000000 0.0000000 -0.0000020  0.0000010  0.0000010 0.0000000 -0.0000010  0.0000010 -0.0000010  0.0000050 -0.0000050 0.0000000 -0.0000010  0.0000010 -0.0000010 -0.0000010 0.0000000 0.0000000  0.0000010 -0.0000010 -0.0000010 0.0000000 -0.0000010  0.0000010 0.0000000 0.0000000 0.0000000 0.0000000 0.0000000 0.0000000 0.0000000 0.0000000 0.0000000 0.0000000 0.0000000  0.0000010 -0.0000030 0.0000000 0.0000000 0.0000000 0.0000000  0.0000010 0.0000000  0.9999940  0.0000010 0.0000000  0.0000020 -0.0000010 0.0000000 -0.0000080 -0.0000040 -0.0000010 0.0000000  0.0000020 0.0000000 0.0000000 -0.0000010  0.0000020 -0.0000040  0.0000020 -0.0000030 -0.0000010 -0.0000060 -0.0000010  0.0000050 0.0000000 -0.0000060 0.0000000 0.0000000 -0.0000040  0.0000010  0.0000020 0.0000000 -0.0000060 0.0000000  0.0000030 -0.0000010  0.0000010 -0.0000010  0.0000030 -0.0000010 -0.0000020  0.0000010 0.0000000 0.0000000  0.0000010 -0.0000040 0.0000000 0.0000000  0.0000020 0.0000000 0.0000000 0.0000000 0.0000000 0.0000000  0.0000010 0.0000000 -0.0000010 0.0000000  0.0000040  0.0000050 -0.0000010 0.0000000 0.0000000  0.0064570  0.0030650  0.0004110 -0.0027250 -0.0050250 -0.0066850 -0.0070270
NP_CT10n8                          0.0000000 -0.0000020 0.0000000  0.0000020  0.0000020 -0.0000010 0.0000000 0.0000000 0.0000000 0.0000000 0.0000000 0.0000000 0.0000000 0.0000000 0.0000000  0.0000020 -0.0000030 0.0000000 0.0000000  0.0000010 -0.0000010 -0.0000010 0.0000000 0.0000000 -0.0000010  0.0000010 -0.0000040  0.0000040 0.0000000 0.0000000 -0.0000010 0.0000000 0.0000000 0.0000000 0.0000000 -0.0000010  0.0000010  0.0000010 0.0000000  0.0000010 -0.0000010 0.0000000 0.0000000 0.0000000 0.0000000 0.0000000 0.0000000 0.0000000 0.0000000 0.0000000 0.0000000 0.0000000 -0.0000010  0.0000020 0.0000000 0.0000000 0.0000000 0.0000000 -0.0000010 0.0000000  0.0000010  1.0000020 0.0000000 -0.0000020 0.0000000 0.0000000  0.0000070  0.0000030  0.0000010 0.0000000 -0.0000010 0.0000000 0.0000000  0.0000010 -0.0000010  0.0000030 -0.0000010  0.0000030  0.0000010  0.0000050  0.0000010 -0.0000040 0.0000000  0.0000050 0.0000000 0.0000000  0.0000040 -0.0000010 -0.0000020 0.0000000  0.0000050 0.0000000 -0.0000020 0.0000000 -0.0000010  0.0000010 -0.0000030  0.0000010  0.0000020 -0.0000010 0.0000000 0.0000000 -0.0000010  0.0000030 0.0000000 0.0000000 -0.0000020 0.0000000 0.0000000 0.0000000 0.0000000 0.0000000 -0.0000010 0.0000000 0.0000000 0.0000000 -0.0000040 -0.0000040  0.0000010 0.0000000 0.0000000 -0.0053280 -0.0025430 -0.0004050  0.0022260  0.0041879  0.0056519  0.0059270
NP_CT10n9                          0.0000000 0.0000000 0.0000000 0.0000000 0.0000000 0.0000000 0.0000000 0.0000000 0.0000000 0.0000000 0.0000000 0.0000000 0.0000000 0.0000000 0.0000000 0.0000000 0.0000000 0.0000000 0.0000000 0.0000000 0.0000000 0.0000000 0.0000000 0.0000000 0.0000000 0.0000000 0.0000000 0.0000000 0.0000000 0.0000000 0.0000000 0.0000000 0.0000000 0.0000000 0.0000000 0.0000000 0.0000000 0.0000000 0.0000000 0.0000000 0.0000000 0.0000000 0.0000000 0.0000000 0.0000000 0.0000000 0.0000000 0.0000000 0.0000000 0.0000000 0.0000000 0.0000000 0.0000000 0.0000000 0.0000000 0.0000000 0.0000000 0.0000000 0.0000000 0.0000000 0.0000000 0.0000000  1.0000000 0.0000000 0.0000000 0.0000000 0.0000000 0.0000000 0.0000000 0.0000000 0.0000000 0.0000000 0.0000000 0.0000000 0.0000000 0.0000000 0.0000000 0.0000000 0.0000000 0.0000000 0.0000000 0.0000000 0.0000000 0.0000000 0.0000000 0.0000000 0.0000000 0.0000000 0.0000000 0.0000000 0.0000000 0.0000000 0.0000000 0.0000000 0.0000000 0.0000000 0.0000000 0.0000000 0.0000000 0.0000000 0.0000000 0.0000000 0.0000000 0.0000000 0.0000000 0.0000000 0.0000000 0.0000000 0.0000000 0.0000000 0.0000000 0.0000000 0.0000000 0.0000000 0.0000000 0.0000000 0.0000000 0.0000000 0.0000000 0.0000000 0.0000000  0.0001140  0.0001720  0.0001160 -0.0000180 -0.0001710 -0.0004790 -0.0003470
NP_ctautag                         0.0000000 -0.0000030 0.0000000  0.0000020  0.0000030 -0.0000010 0.0000000 0.0000000 0.0000000 0.0000000 0.0000000  0.0000010 0.0000000 0.0000000 0.0000000  0.0000020 -0.0000040 0.0000000 0.0000000  0.0000020 -0.0000010 -0.0000010 -0.0000010  0.0000010 -0.0000020  0.0000010 -0.0000060  0.0000070 0.0000000  0.0000010 -0.0000010  0.0000010  0.0000010 0.0000000 0.0000000 -0.0000010  0.0000010  0.0000010  0.0000010  0.0000010 -0.0000020 0.0000000 0.0000000 0.0000000 0.0000000 0.0000000  0.0000010 0.0000000 0.0000000 0.0000000 0.0000000 0.0000000 -0.0000010  0.0000030 0.0000000 -0.0000010 0.0000000 0.0000000 -0.0000020  0.0000010  0.0000020 -0.0000020 0.0000000  1.0000050  0.0000010 0.0000000  0.0000100  0.0000050  0.0000010 0.0000000 -0.0000020 0.0000000 0.0000000  0.0000010 -0.0000020  0.0000050 -0.0000020  0.0000040  0.0000020  0.0000070  0.0000010 -0.0000060  0.0000010  0.0000080 0.0000000 0.0000000  0.0000060 -0.0000010 -0.0000020 0.0000000  0.0000080 0.0000000 -0.0000040  0.0000010 -0.0000020  0.0000010 -0.0000040  0.0000020  0.0000030 -0.0000010 0.0000000 0.0000000 -0.0000010  0.0000050 0.0000000 0.0000000 -0.0000030  0.0000010 0.0000000 0.0000000 0.0000000 0.0000000 -0.0000020 0.0000000  0.0000010 0.0000000 -0.0000060 -0.0000060  0.0000020 0.0000000 0.0000000 -0.0029160 -0.0019640 -0.0009870  0.0004070  0.0028720  0.0066429  0.0089840
NP_Electronr                       0.0000000  0.0000010 0.0000000 -0.0000010 -0.0000010 0.0000000 0.0000000 0.0000000 0.0000000 0.0000000 0.0000000 0.0000000 0.0000000 0.0000000 0.0000000 -0.0000010  0.0000010 0.0000000 0.0000000 -0.0000010 0.0000000 0.0000000 0.0000000 0.0000000  0.0000010 0.0000000  0.0000020 -0.0000020 0.0000000 0.0000000 0.0000000 0.0000000 0.0000000 0.0000000 0.0000000 0.0000000 0.0000000 0.0000000 0.0000000 0.0000000  0.0000010 0.0000000 0.0000000 0.0000000 0.0000000 0.0000000 0.0000000 0.0000000 0.0000000 0.0000000 0.0000000 0.0000000 0.0000000 -0.0000010 0.0000000 0.0000000 0.0000000 0.0000000  0.0000010 0.0000000 -0.0000010 0.0000000 0.0000000  0.0000010  1.0000000 0.0000000 -0.0000040 -0.0000020 0.0000000 0.0000000  0.0000010 0.0000000 0.0000000 0.0000000  0.0000010 -0.0000020  0.0000010 -0.0000010 -0.0000010 -0.0000020 -0.0000010  0.0000020 0.0000000 -0.0000030 0.0000000 0.0000000 -0.0000020 0.0000000  0.0000010 0.0000000 -0.0000020 0.0000000  0.0000010 0.0000000 0.0000000 0.0000000  0.0000010 -0.0000010 -0.0000010  0.0000010 0.0000000 0.0000000 0.0000000 -0.0000020 0.0000000 0.0000000  0.0000010 0.0000000 0.0000000 0.0000000 0.0000000 0.0000000  0.0000010 0.0000000 0.0000000 0.0000000  0.0000020  0.0000020 -0.0000010 0.0000000 0.0000000 -0.0035780  0.0020990 -0.0003540  0.0004660 -0.0002940  0.0007900 -0.0030450
NP_Electrons                       0.0000000 0.0000000 0.0000000 0.0000000 0.0000000 0.0000000 0.0000000 0.0000000 0.0000000 0.0000000 0.0000000 0.0000000 0.0000000 0.0000000 0.0000000 0.0000000 0.0000000 0.0000000 0.0000000 0.0000000 0.0000000 0.0000000 0.0000000 0.0000000 0.0000000 0.0000000 0.0000000 0.0000000 0.0000000 0.0000000 0.0000000 0.0000000 0.0000000 0.0000000 0.0000000 0.0000000 0.0000000 0.0000000 0.0000000 0.0000000 0.0000000 0.0000000 0.0000000 0.0000000 0.0000000 0.0000000 0.0000000 0.0000000 0.0000000 0.0000000 0.0000000 0.0000000 0.0000000 0.0000000 0.0000000 0.0000000 0.0000000 0.0000000 0.0000000 0.0000000 0.0000000 0.0000000 0.0000000 0.0000000 0.0000000  1.0000000 0.0000000 0.0000000 0.0000000 0.0000000 0.0000000 0.0000000 0.0000000 0.0000000 0.0000000 0.0000000 0.0000000 0.0000000 0.0000000 0.0000000 0.0000000 0.0000000 0.0000000 0.0000000 0.0000000 0.0000000 0.0000000 0.0000000 0.0000000 0.0000000 0.0000000 0.0000000 0.0000000 0.0000000 0.0000000 0.0000000 0.0000000 0.0000000 0.0000000 0.0000000 0.0000000 0.0000000 0.0000000 0.0000000 0.0000000 0.0000000 0.0000000 0.0000000 0.0000000 0.0000000 0.0000000 0.0000000 0.0000000 0.0000000 0.0000000 0.0000000 0.0000000 0.0000000 0.0000000 0.0000000 0.0000000 -0.0050899 -0.0009870  0.0004750  0.0001520  0.0042249  0.0079159  0.0003080
NP_JetBJesUnc                      -0.0000010  0.0000130 0.0000000 -0.0000100 -0.0000140  0.0000060 0.0000000 0.0000000 0.0000000 -0.0000010 0.0000000 -0.0000030 0.0000000 -0.0000010 0.0000000 -0.0000110  0.0000170 0.0000000 0.0000000 -0.0000090  0.0000050  0.0000050  0.0000030 -0.0000030  0.0000080 -0.0000060  0.0000240 -0.0000280  0.0000020 -0.0000030  0.0000030 -0.0000030 -0.0000030 0.0000000  0.0000020  0.0000040 -0.0000040 -0.0000050 -0.0000020 -0.0000060  0.0000070  0.0000010 -0.0000010  0.0000020 0.0000000  0.0000010 -0.0000020  0.0000010 -0.0000020  0.0000020 0.0000000 0.0000000  0.0000050 -0.0000150  0.0000010  0.0000020 -0.0000020  0.0000010  0.0000080 -0.0000020 -0.0000080  0.0000070 0.0000000  0.0000100 -0.0000040 0.0000000  0.9998040 -0.0000220 -0.0000060  0.0000010  0.0000100 0.0000000 0.0000000 -0.0000060  0.0000100 -0.0000210  0.0000090 -0.0000170 -0.0000080 -0.0000310 -0.0000060  0.0000280 -0.0000030 -0.0000330 0.0000000 -0.0000010 -0.0000260  0.0000040  0.0000100  0.0000010 -0.0000350 -0.0000010  0.0000160 -0.0000030  0.0000070 -0.0000040  0.0000190 -0.0000070 -0.0000110  0.0000060  0.0000020 0.0000000  0.0000060 -0.0000200 -0.0000010 0.0000000  0.0000130 -0.0000030 0.0000000 0.0000000 0.0000000 0.0000000  0.0000070  0.0000010 -0.0000030 -0.0000010  0.0000250  0.0000270 -0.0000080 -0.0000020 0.0000000  0.0064380  0.0056540  0.0052080 -0.0002210 -0.0084670 -0.0269590 -0.0388669
NP_JetEtaIntercalibrationModel     0.0000000  0.0000060 0.0000000 -0.0000050 -0.0000080  0.0000030 0.0000000 0.0000000 0.0000000 0.0000000 0.0000000 -0.0000010 0.0000000 0.0000000 0.0000000 -0.0000050  0.0000080 0.0000000 0.0000000 -0.0000050  0.0000020  0.0000030  0.0000010 -0.0000010  0.0000040 -0.0000030  0.0000130 -0.0000150  0.0000010 -0.0000020  0.0000020 -0.0000010 -0.0000010 0.0000000  0.0000010  0.0000020 -0.0000020 -0.0000030 -0.0000010 -0.0000030  0.0000040 0.0000000 0.0000000  0.0000010 0.0000000 0.0000000 -0.0000010  0.0000010 -0.0000010  0.0000010 0.0000000 0.0000000  0.0000030 -0.0000080 0.0000000  0.0000010 -0.0000010  0.0000010  0.0000040 -0.0000010 -0.0000040  0.0000030 0.0000000  0.0000050 -0.0000020 0.0000000 -0.0000220  0.9999479 -0.0000030  0.0000010  0.0000050 0.0000000 0.0000000 -0.0000030  0.0000050 -0.0000100  0.0000040 -0.0000090 -0.0000040 -0.0000160 -0.0000030  0.0000140 -0.0000020 -0.0000170 0.0000000 0.0000000 -0.0000130  0.0000020  0.0000050 0.0000000 -0.0000180 0.0000000  0.0000080 -0.0000020  0.0000040 -0.0000020  0.0000100 -0.0000040 -0.0000060  0.0000030  0.0000010 0.0000000  0.0000030 -0.0000110 0.0000000 0.0000000  0.0000070 -0.0000010 0.0000000 0.0000000 0.0000000 0.0000000  0.0000040 0.0000000 -0.0000020 0.0000000  0.0000130  0.0000140 -0.0000040 -0.0000010 0.0000000  0.0091690  0.0081370  0.0022989 -0.0052779 -0.0155429  0.0018060 -0.0198930
NP_JetEtaIntercalibrationTotalStat 0.0000000  0.0000020 0.0000000 -0.0000010 -0.0000020  0.0000010 0.0000000 0.0000000 0.0000000 0.0000000 0.0000000 0.0000000 0.0000000 0.0000000 0.0000000 -0.0000010  0.0000020 0.0000000 0.0000000 -0.0000010  0.0000010  0.0000010 0.0000000 0.0000000  0.0000010 -0.0000010  0.0000030 -0.0000040 0.0000000 0.0000000 0.0000000 0.0000000 0.0000000 0.0000000 0.0000000  0.0000010 -0.0000010 -0.0000010 0.0000000 -0.0000010  0.0000010 0.0000000 0.0000000 0.0000000 0.0000000 0.0000000 0.0000000 0.0000000 0.0000000 0.0000000 0.0000000 0.0000000  0.0000010 -0.0000020 0.0000000 0.0000000 0.0000000 0.0000000  0.0000010 0.0000000 -0.0000010  0.0000010 0.0000000  0.0000010 0.0000000 0.0000000 -0.0000060 -0.0000030  0.9999989 0.0000000  0.0000010 0.0000000 0.0000000 -0.0000010  0.0000010 -0.0000030  0.0000010 -0.0000020 -0.0000010 -0.0000040 -0.0000010  0.0000040 0.0000000 -0.0000040 0.0000000 0.0000000 -0.0000030  0.0000010  0.0000010 0.0000000 -0.0000050 0.0000000  0.0000020 0.0000000  0.0000010 -0.0000010  0.0000030 -0.0000010 -0.0000020  0.0000010 0.0000000 0.0000000  0.0000010 -0.0000030 0.0000000 0.0000000  0.0000020 0.0000000 0.0000000 0.0000000 0.0000000 0.0000000  0.0000010 0.0000000 0.0000000 0.0000000  0.0000040  0.0000040 -0.0000010 0.0000000 0.0000000 -0.0019520  0.0023709  0.0034099 -0.0032970 -0.0021500  0.0040320 -0.0052719
NP_Jetflavorcomp                   0.0000000 0.0000000 0.0000000 0.0000000  0.0000010 0.0000000 0.0000000 0.0000000 0.0000000 0.0000000 0.0000000 0.0000000 0.0000000 0.0000000 0.0000000 0.0000000 -0.0000010 0.0000000 0.0000000  0.0000010 0.0000000 0.0000000 0.0000000 0.0000000 0.0000000 0.0000000 -0.0000010  0.0000010 0.0000000 0.0000000 0.0000000 0.0000000 0.0000000 0.0000000 0.0000000 0.0000000 0.0000000 0.0000000 0.0000000 0.0000000 0.0000000 0.0000000 0.0000000 0.0000000 0.0000000 0.0000000 0.0000000 0.0000000 0.0000000 0.0000000 0.0000000 0.0000000 0.0000000  0.0000010 0.0000000 0.0000000 0.0000000 0.0000000 0.0000000 0.0000000 0.0000000 0.0000000 0.0000000 0.0000000 0.0000000 0.0000000  0.0000010  0.0000010 0.0000000  1.0000000 0.0000000 0.0000000 0.0000000 0.0000000 0.0000000 0.0000000 0.0000000 0.0000000 0.0000000  0.0000010 0.0000000 0.0000000 0.0000000  0.0000010 0.0000000 0.0000000 -0.0000020 0.0000000 0.0000000 0.0000000  0.0000010 0.0000000 0.0000000 0.0000000 0.0000000 0.0000000 0.0000000 0.0000000 0.0000000 0.0000000 0.0000000 0.0000000 0.0000000 0.0000000 0.0000000 0.0000000 0.0000000 0.0000000 0.0000000 0.0000000 0.0000000 0.0000000 0.0000000 0.0000000 0.0000000 0.0000000 0.0000000 -0.0000010 0.0000000 0.0000000 0.0000000 -0.0156269 -0.0097319 -0.0001180  0.0113119  0.0074549  0.0184689  0.0007770
NP_Jetflavorresponse               0.0000000 -0.0000030 0.0000000  0.0000020  0.0000030 -0.0000010 0.0000000 0.0000000 0.0000000 0.0000000 0.0000000  0.0000010 0.0000000 0.0000000 0.0000000  0.0000020 -0.0000040 0.0000000 0.0000000  0.0000020 -0.0000010 -0.0000010 -0.0000010  0.0000010 -0.0000020  0.0000010 -0.0000050  0.0000060 0.0000000  0.0000010 -0.0000010  0.0000010  0.0000010 0.0000000 0.0000000 -0.0000010  0.0000010  0.0000010  0.0000010  0.0000010 -0.0000020 0.0000000 0.0000000 0.0000000 0.0000000 0.0000000  0.0000010 0.0000000 0.0000000 0.0000000 0.0000000 0.0000000 -0.0000010  0.0000030 0.0000000 -0.0000010 0.0000000 0.0000000 -0.0000020  0.0000010  0.0000020 -0.0000010 0.0000000 -0.0000020  0.0000010 0.0000000  0.0000100  0.0000050  0.0000010 0.0000000  1.0000050 0.0000000 0.0000000  0.0000010 -0.0000030  0.0000050 -0.0000020  0.0000040  0.0000020  0.0000070  0.0000020 -0.0000070  0.0000010  0.0000070 0.0000000 0.0000000  0.0000070 -0.0000010 -0.0000020 0.0000000  0.0000080 0.0000000 -0.0000040  0.0000010 -0.0000010  0.0000010 -0.0000040  0.0000020  0.0000030 -0.0000010 0.0000000 0.0000000 -0.0000010  0.0000050 0.0000000 0.0000000 -0.0000030  0.0000010 0.0000000 0.0000000 0.0000000 0.0000000 -0.0000020 0.0000000  0.0000010 0.0000000 -0.0000060 -0.0000060  0.0000020 0.0000000 0.0000000  0.0078320  0.0012380 -0.0011999 -0.0047869  0.0056909 -0.0104019  0.0091610
NP_Jetjeff                         0.0000000 0.0000000 0.0000000 0.0000000 0.0000000 0.0000000 0.0000000 0.0000000 0.0000000 0.0000000 0.0000000 0.0000000 0.0000000 0.0000000 0.0000000 0.0000000 0.0000000 0.0000000 0.0000000 0.0000000 0.0000000 0.0000000 0.0000000 0.0000000 0.0000000 0.0000000 0.0000000 0.0000000 0.0000000 0.0000000 0.0000000 0.0000000 0.0000000 0.0000000 0.0000000 0.0000000 0.0000000 0.0000000 0.0000000 0.0000000 0.0000000 0.0000000 0.0000000 0.0000000 0.0000000 0.0000000 0.0000000 0.0000000 0.0000000 0.0000000 0.0000000 0.0000000 0.0000000 0.0000000 0.0000000 0.0000000 0.0000000 0.0000000 0.0000000 0.0000000 0.0000000 0.0000000 0.0000000 0.0000000 0.0000000 0.0000000 0.0000000 0.0000000 0.0000000 0.0000000 0.0000000  1.0000000 0.0000000 0.0000000 0.0000000 0.0000000 0.0000000 0.0000000 0.0000000 0.0000000 0.0000000 0.0000000 0.0000000 0.0000000 0.0000000 0.0000000 0.0000000 0.0000000 0.0000000 0.0000000 0.0000000 0.0000000 0.0000000 0.0000000 0.0000000 0.0000000 0.0000000 0.0000000 0.0000000 0.0000000 0.0000000 0.0000000 0.0000000 0.0000000 0.0000000 0.0000000 0.0000000 0.0000000 0.0000000 0.0000000 0.0000000 0.0000000 0.0000000 0.0000000 0.0000000 0.0000000 0.0000000 0.0000000 0.0000000 0.0000000 0.0000000  0.0004850  0.0002600 -0.0001600 -0.0002420 -0.0008330  0.0009250 -0.0002070
NP_JetJERdiff                      0.0000000 0.0000000 0.0000000 0.0000000 0.0000000 0.0000000 0.0000000 0.0000000 0.0000000 0.0000000 0.0000000 0.0000000 0.0000000 0.0000000 0.0000000 0.0000000 0.0000000 0.0000000 0.0000000 0.0000000 0.0000000 0.0000000 0.0000000 0.0000000 0.0000000 0.0000000 0.0000000 0.0000000 0.0000000 0.0000000 0.0000000 0.0000000 0.0000000 0.0000000 0.0000000 0.0000000 0.0000000 0.0000000 0.0000000 0.0000000 0.0000000 0.0000000 0.0000000 0.0000000 0.0000000 0.0000000 0.0000000 0.0000000 0.0000000 0.0000000 0.0000000 0.0000000 0.0000000 0.0000000 0.0000000 0.0000000 0.0000000 0.0000000 0.0000000 0.0000000 0.0000000 0.0000000 0.0000000 0.0000000 0.0000000 0.0000000 0.0000000 0.0000000 0.0000000 0.0000000 0.0000000 0.0000000  1.0000000 0.0000000 0.0000000 0.0000000 0.0000000 0.0000000 0.0000000 0.0000000 0.0000000 0.0000000 0.0000000 0.0000000 0.0000000 0.0000000 0.0000000 0.0000000 0.0000000 0.0000000 0.0000000 0.0000000 0.0000000 0.0000000 0.0000000 0.0000000 0.0000000 0.0000000 0.0000000 0.0000000 0.0000000 0.0000000 0.0000000 0.0000000 0.0000000 0.0000000 0.0000000 0.0000000 0.0000000 0.0000000 0.0000000 0.0000000 0.0000000 0.0000000 0.0000000 0.0000000 0.0000000 0.0000000 0.0000000 0.0000000 0.0000000 0.0000000 0.0000000 0.0000000 0.0000000 0.0000000 0.0000000 0.0000000
NP_JetJERnoiseforward              0.0000000  0.0000020 0.0000000 -0.0000010 -0.0000020  0.0000010 0.0000000 0.0000000 0.0000000 0.0000000 0.0000000 0.0000000 0.0000000 0.0000000 0.0000000 -0.0000010  0.0000020 0.0000000 0.0000000 -0.0000010  0.0000010  0.0000010 0.0000000 0.0000000  0.0000010 -0.0000010  0.0000030 -0.0000040 0.0000000 0.0000000 0.0000000 0.0000000 0.0000000 0.0000000 0.0000000  0.0000010 0.0000000 -0.0000010 0.0000000 -0.0000010  0.0000010 0.0000000 0.0000000 0.0000000 0.0000000 0.0000000 0.0000000 0.0000000 0.0000000 0.0000000 0.0000000 0.0000000  0.0000010 -0.0000020 0.0000000 0.0000000 0.0000000 0.0000000  0.0000010 0.0000000 -0.0000010  0.0000010 0.0000000  0.0000010 0.0000000 0.0000000 -0.0000060 -0.0000030 -0.0000010 0.0000000  0.0000010 0.0000000 0.0000000  0.9999989  0.0000010 -0.0000030  0.0000010 -0.0000020 -0.0000010 -0.0000040 -0.0000010  0.0000040 0.0000000 -0.0000040 0.0000000 0.0000000 -0.0000030 0.0000000  0.0000010 0.0000000 -0.0000040 0.0000000  0.0000020 0.0000000  0.0000010 -0.0000010  0.0000020 -0.0000010 -0.0000010  0.0000010 0.0000000 0.0000000  0.0000010 -0.0000030 0.0000000 0.0000000  0.0000020 0.0000000 0.0000000 0.0000000 0.0000000 0.0000000  0.0000010 0.0000000 0.0000000 0.0000000  0.0000030  0.0000030 -0.0000010 0.0000000 0.0000000  0.0008310  0.0001390  0.0005400 -0.0007810  0.0073489 -0.0017179 -0.0049820
NP_JetJERnp0                       0.0000000 -0.0000030 0.0000000  0.0000020  0.0000030 -0.0000010 0.0000000 0.0000000 0.0000000 0.0000000 0.0000000  0.0000010 0.0000000 0.0000000 0.0000000  0.0000020 -0.0000040 0.0000000 0.0000000  0.0000020 -0.0000010 -0.0000010 -0.0000010  0.0000010 -0.0000020  0.0000010 -0.0000050  0.0000060 0.0000000  0.0000010 -0.0000010 0.0000000  0.0000010 0.0000000 0.0000000 -0.0000010  0.0000010  0.0000010  0.0000010  0.0000010 -0.0000020 0.0000000 0.0000000 0.0000000 0.0000000 0.0000000  0.0000010 0.0000000 0.0000000 0.0000000 0.0000000 0.0000000 -0.0000010  0.0000030 0.0000000 -0.0000010 0.0000000 0.0000000 -0.0000020  0.0000010  0.0000020 -0.0000010 0.0000000 -0.0000020  0.0000010 0.0000000  0.0000100  0.0000050  0.0000010 0.0000000 -0.0000030 0.0000000 0.0000000  0.0000010  0.9999989  0.0000050 -0.0000020  0.0000040  0.0000020  0.0000070  0.0000020 -0.0000070  0.0000010  0.0000080 0.0000000 0.0000000  0.0000070 -0.0000010 -0.0000020 0.0000000  0.0000080 0.0000000 -0.0000040  0.0000010 -0.0000010  0.0000010 -0.0000040  0.0000020  0.0000020 -0.0000010 -0.0000010 0.0000000 -0.0000010  0.0000050 0.0000000 0.0000000 -0.0000030  0.0000010 0.0000000 0.0000000 0.0000000 0.0000000 -0.0000020 0.0000000  0.0000010 0.0000000 -0.0000060 -0.0000060  0.0000020 0.0000000 0.0000000  0.0022070  0.0017160  0.0009120 -0.0044999  0.0144829 -0.0163139  0.0091439
NP_JetJERnp1                       0.0000000  0.0000060 0.0000000 -0.0000050 -0.0000060  0.0000030 0.0000000 0.0000000 0.0000000 0.0000000 0.0000000 -0.0000010 0.0000000 0.0000000 0.0000000 -0.0000050  0.0000080 0.0000000 0.0000000 -0.0000040  0.0000020  0.0000020  0.0000010 -0.0000010  0.0000040 -0.0000030  0.0000120 -0.0000130  0.0000010 -0.0000010  0.0000020 -0.0000010 -0.0000010 0.0000000  0.0000010  0.0000020 -0.0000020 -0.0000020 -0.0000010 -0.0000020  0.0000030 0.0000000 0.0000000  0.0000010 0.0000000 0.0000000 -0.0000010  0.0000010 -0.0000010  0.0000010 0.0000000 0.0000000  0.0000030 -0.0000070 0.0000000  0.0000010 -0.0000010  0.0000010  0.0000040 -0.0000010 -0.0000040  0.0000030 0.0000000  0.0000050 -0.0000020 0.0000000 -0.0000210 -0.0000100 -0.0000030 0.0000000  0.0000050 0.0000000 0.0000000 -0.0000030  0.0000050  0.9999860  0.0000050 -0.0000080 -0.0000050 -0.0000150 -0.0000040  0.0000140 -0.0000010 -0.0000170 0.0000000 0.0000000 -0.0000130  0.0000020  0.0000040 0.0000000 -0.0000160 0.0000000  0.0000070 -0.0000010  0.0000030 -0.0000020  0.0000080 -0.0000030 -0.0000060  0.0000030  0.0000010 0.0000000  0.0000030 -0.0000110 0.0000000 0.0000000  0.0000070 -0.0000010 0.0000000 0.0000000 0.0000000 0.0000000  0.0000040 0.0000000 -0.0000010 0.0000000  0.0000120  0.0000130 -0.0000040 -0.0000010 0.0000000  0.0000070  0.0048089 -0.0049959  0.0009020 -0.0037910  0.0278179 -0.0197669
NP_JetJERnp2                       0.0000000 -0.0000030 0.0000000  0.0000020  0.0000030 -0.0000010 0.0000000 0.0000000 0.0000000 0.0000000 0.0000000  0.0000010 0.0000000 0.0000000 0.0000000  0.0000020 -0.0000030 0.0000000 0.0000000  0.0000020 -0.0000010 -0.0000010 -0.0000010  0.0000010 -0.0000020  0.0000010 -0.0000050  0.0000060 0.0000000  0.0000010 -0.0000010  0.0000010  0.0000010 0.0000000 0.0000000 -0.0000010  0.0000010  0.0000010 0.0000000  0.0000010 -0.0000010 0.0000000 0.0000000 0.0000000 0.0000000 0.0000000  0.0000010 0.0000000 0.0000000 0.0000000 0.0000000 0.0000000 -0.0000010  0.0000030 0.0000000 -0.0000010 0.0000000 0.0000000 -0.0000020 0.0000000  0.0000020 -0.0000010 0.0000000 -0.0000020  0.0000010 0.0000000  0.0000090  0.0000040  0.0000010 0.0000000 -0.0000020 0.0000000 0.0000000  0.0000010 -0.0000020  0.0000050  0.9999970  0.0000040  0.0000020  0.0000070  0.0000010 -0.0000060  0.0000010  0.0000060 0.0000000 0.0000000  0.0000070 -0.0000010 -0.0000020 0.0000000  0.0000080 0.0000000 -0.0000030  0.0000010 -0.0000020  0.0000010 -0.0000040  0.0000020  0.0000020 -0.0000010 0.0000000 0.0000000 -0.0000010  0.0000050 0.0000000 0.0000000 -0.0000030  0.0000010 0.0000000 0.0000000 0.0000000 0.0000000 -0.0000020 0.0000000  0.0000010 0.0000000 -0.0000050 -0.0000050  0.0000020 0.0000000 0.0000000 -0.0023180 -0.0015250  0.0087670 -0.0045539  0.0055970 -0.0069319  0.0077409
NP_JetJERnp3                       0.0000000  0.0000050 0.0000000 -0.0000040 -0.0000050  0.0000020 0.0000000 0.0000000 0.0000000 0.0000000 0.0000000 -0.0000010 0.0000000 0.0000000 0.0000000 -0.0000040  0.0000060 0.0000000 0.0000000 -0.0000030  0.0000020  0.0000020  0.0000010 -0.0000010  0.0000030 -0.0000020  0.0000090 -0.0000110  0.0000010 -0.0000010  0.0000010 -0.0000010 -0.0000010 0.0000000  0.0000010  0.0000020 -0.0000020 -0.0000010 -0.0000010 -0.0000020  0.0000030 0.0000000 0.0000000  0.0000010 0.0000000 0.0000000 -0.0000010  0.0000010 -0.0000010  0.0000010 0.0000000 0.0000000  0.0000020 -0.0000050 0.0000000  0.0000010 -0.0000010  0.0000010  0.0000030 -0.0000010 -0.0000030  0.0000030 0.0000000  0.0000040 -0.0000010 0.0000000 -0.0000170 -0.0000090 -0.0000020 0.0000000  0.0000040 0.0000000 0.0000000 -0.0000020  0.0000040 -0.0000080  0.0000040  0.9999710 -0.0000030 -0.0000120 -0.0000020  0.0000110 -0.0000010 -0.0000130 0.0000000 0.0000000 -0.0000110  0.0000010  0.0000040 0.0000000 -0.0000140 0.0000000  0.0000060 -0.0000010  0.0000030 -0.0000020  0.0000070 -0.0000030 -0.0000040  0.0000020  0.0000010 0.0000000  0.0000020 -0.0000080 0.0000000 0.0000000  0.0000050 -0.0000010 0.0000000 0.0000000 0.0000000 0.0000000  0.0000030 0.0000000 -0.0000010 0.0000000  0.0000100  0.0000100 -0.0000030 -0.0000010 0.0000000  0.0066070  0.0026710 -0.0045209  0.0022409 -0.0032439  0.0032980 -0.0152239
NP_JetJERnp4                       0.0000000  0.0000020 0.0000000 -0.0000020 -0.0000030  0.0000010 0.0000000 0.0000000 0.0000000 0.0000000 0.0000000 0.0000000 0.0000000 0.0000000 0.0000000 -0.0000020  0.0000030 0.0000000 0.0000000 -0.0000020  0.0000010  0.0000010 0.0000000 0.0000000  0.0000010 -0.0000010  0.0000040 -0.0000050 0.0000000 -0.0000010  0.0000010 -0.0000010 -0.0000010 0.0000000 0.0000000  0.0000010 -0.0000010 -0.0000010 0.0000000 -0.0000010  0.0000010 0.0000000 0.0000000 0.0000000 0.0000000 0.0000000 0.0000000 0.0000000 0.0000000 0.0000000 0.0000000 0.0000000  0.0000010 -0.0000030 0.0000000  0.0000010 0.0000000 0.0000000  0.0000010 0.0000000 -0.0000010  0.0000010 0.0000000  0.0000020 -0.0000010 0.0000000 -0.0000080 -0.0000040 -0.0000010 0.0000000  0.0000020 0.0000000 0.0000000 -0.0000010  0.0000020 -0.0000050  0.0000020 -0.0000030  0.9999930 -0.0000060 -0.0000020  0.0000060 -0.0000010 -0.0000060 0.0000000 0.0000000 -0.0000050  0.0000010  0.0000020 0.0000000 -0.0000070 0.0000000  0.0000030 0.0000000  0.0000010 -0.0000010  0.0000040 -0.0000010 -0.0000020  0.0000010  0.0000010 0.0000000  0.0000010 -0.0000040 0.0000000 0.0000000  0.0000030 -0.0000010 0.0000000 0.0000000 0.0000000 0.0000000  0.0000010 0.0000000 0.0000000 0.0000000  0.0000050  0.0000050 -0.0000020 0.0000000 0.0000000  0.0016030  0.0018439 -0.0073330  0.0013790 -0.0029849  0.0306809 -0.0077270
NP_JetJERnp5                       0.0000000  0.0000090 0.0000000 -0.0000070 -0.0000090  0.0000040 0.0000000 0.0000000 0.0000000 0.0000000 0.0000000 -0.0000020 0.0000000 0.0000000 0.0000000 -0.0000080  0.0000120 0.0000000 0.0000000 -0.0000060  0.0000030  0.0000040  0.0000020 -0.0000020  0.0000050 -0.0000040  0.0000180 -0.0000200  0.0000010 -0.0000020  0.0000020 -0.0000020 -0.0000020 0.0000000  0.0000010  0.0000030 -0.0000030 -0.0000030 -0.0000020 -0.0000030  0.0000050  0.0000010 -0.0000010  0.0000010 0.0000000 0.0000000 -0.0000020  0.0000010 -0.0000020  0.0000010 0.0000000 0.0000000  0.0000040 -0.0000090 0.0000000  0.0000020 -0.0000010  0.0000010  0.0000060 -0.0000020 -0.0000060  0.0000050 0.0000000  0.0000070 -0.0000020 0.0000000 -0.0000310 -0.0000160 -0.0000040  0.0000010  0.0000070 0.0000000 0.0000000 -0.0000040  0.0000070 -0.0000150  0.0000070 -0.0000120 -0.0000060  0.9998949 -0.0000040  0.0000210 -0.0000020 -0.0000240 0.0000000 -0.0000010 -0.0000200  0.0000030  0.0000070  0.0000010 -0.0000260 -0.0000010  0.0000120 -0.0000020  0.0000050 -0.0000030  0.0000140 -0.0000050 -0.0000080  0.0000050  0.0000010 0.0000000  0.0000040 -0.0000150 0.0000000 0.0000000  0.0000100 -0.0000020 0.0000000 0.0000000 0.0000000 0.0000000  0.0000050  0.0000010 -0.0000020 0.0000000  0.0000190  0.0000190 -0.0000060 -0.0000010 0.0000000 -0.0023070 -0.0057149  0.0021779  0.0050829  0.0161710 -0.0110100 -0.0285070
NP_JetJERnp6                       0.0000000  0.0000020 0.0000000 -0.0000010 -0.0000020  0.0000010 0.0000000 0.0000000 0.0000000 0.0000000 0.0000000 0.0000000 0.0000000 0.0000000 0.0000000 -0.0000010  0.0000020 0.0000000 0.0000000 -0.0000010  0.0000010  0.0000010 0.0000000 0.0000000  0.0000010 -0.0000010  0.0000030 -0.0000040 0.0000000 0.0000000 0.0000000 0.0000000 0.0000000 0.0000000 0.0000000  0.0000010 -0.0000010 -0.0000010 0.0000000 -0.0000010  0.0000010 0.0000000 0.0000000 0.0000000 0.0000000 0.0000000 0.0000000 0.0000000 0.0000000 0.0000000 0.0000000 0.0000000  0.0000010 -0.0000020 0.0000000 0.0000000 0.0000000 0.0000000  0.0000010 0.0000000 -0.0000010  0.0000010 0.0000000  0.0000010 -0.0000010 0.0000000 -0.0000060 -0.0000030 -0.0000010 0.0000000  0.0000020 0.0000000 0.0000000 -0.0000010  0.0000020 -0.0000040  0.0000010 -0.0000020 -0.0000020 -0.0000040  0.9999970  0.0000040 -0.0000010 -0.0000040 0.0000000 0.0000000 -0.0000040  0.0000010  0.0000010 0.0000000 -0.0000050 0.0000000  0.0000020 0.0000000  0.0000010 -0.0000010  0.0000030 -0.0000010 -0.0000010  0.0000010 0.0000000 0.0000000  0.0000010 -0.0000030 0.0000000 0.0000000  0.0000020 -0.0000010 0.0000000 0.0000000 0.0000000 0.0000000  0.0000010 0.0000000 0.0000000 0.0000000  0.0000040  0.0000040 -0.0000010 0.0000000 0.0000000 -0.0051019  0.0019469 -0.0010529  0.0003890 -0.0079679  0.0199089 -0.0055279
NP_JetJERnp7                       0.0000000 -0.0000080 0.0000000  0.0000070  0.0000090 -0.0000040 0.0000000 0.0000000 0.0000000 0.0000000 0.0000000  0.0000020 0.0000000 0.0000000 0.0000000  0.0000070 -0.0000110 0.0000000 0.0000000  0.0000060 -0.0000030 -0.0000030 -0.0000020  0.0000020 -0.0000050  0.0000040 -0.0000160  0.0000180 -0.0000010  0.0000020 -0.0000020  0.0000020  0.0000020 0.0000000 -0.0000010 -0.0000030  0.0000030  0.0000030  0.0000020  0.0000030 -0.0000050 0.0000000 0.0000000 -0.0000010 0.0000000 0.0000000  0.0000020 -0.0000010  0.0000010 -0.0000010 0.0000000 0.0000000 -0.0000040  0.0000100 0.0000000 -0.0000020  0.0000010 -0.0000010 -0.0000050  0.0000020  0.0000050 -0.0000040 0.0000000 -0.0000060  0.0000020 0.0000000  0.0000280  0.0000140  0.0000040 0.0000000 -0.0000070 0.0000000 0.0000000  0.0000040 -0.0000070  0.0000140 -0.0000060  0.0000110  0.0000060  0.0000210  0.0000040  1.0000480  0.0000020  0.0000210 0.0000000  0.0000010  0.0000180 -0.0000030 -0.0000060 -0.0000010  0.0000230  0.0000010 -0.0000100  0.0000020 -0.0000050  0.0000030 -0.0000120  0.0000050  0.0000070 -0.0000040 -0.0000010 0.0000000 -0.0000040  0.0000140 0.0000000 0.0000000 -0.0000090  0.0000020 0.0000000 0.0000000 0.0000000 0.0000000 -0.0000050 -0.0000010  0.0000020 0.0000000 -0.0000170 -0.0000180  0.0000060  0.0000010 0.0000000  0.0060720  0.0025569 -0.0027330 -0.0002880 -0.0162929 -0.0085889  0.0257930
NP_JetJERnp8                       0.0000000  0.0000010 0.0000000 -0.0000010 -0.0000010 0.0000000 0.0000000 0.0000000 0.0000000 0.0000000 0.0000000 0.0000000 0.0000000 0.0000000 0.0000000 -0.0000010  0.0000010 0.0000000 0.0000000 -0.0000010 0.0000000 0.0000000 0.0000000 0.0000000 0.0000000 0.0000000  0.0000020 -0.0000020 0.0000000 0.0000000 0.0000000 0.0000000 0.0000000 0.0000000 0.0000000 0.0000000 0.0000000 0.0000000 0.0000000 0.0000000 0.0000000 0.0000000 0.0000000 0.0000000 0.0000000 0.0000000 0.0000000 0.0000000 0.0000000 0.0000000 0.0000000 0.0000000 0.0000000 -0.0000010 0.0000000 0.0000000 0.0000000 0.0000000 0.0000000 0.0000000 0.0000000 0.0000000 0.0000000  0.0000010 0.0000000 0.0000000 -0.0000030 -0.0000020 0.0000000 0.0000000  0.0000010 0.0000000 0.0000000 0.0000000  0.0000010 -0.0000010  0.0000010 -0.0000010 -0.0000010 -0.0000020 -0.0000010  0.0000020  0.9999989 -0.0000020 0.0000000 0.0000000 -0.0000010 0.0000000  0.0000010 0.0000000 -0.0000020 0.0000000  0.0000010 0.0000000 0.0000000 0.0000000  0.0000010 0.0000000 -0.0000010 0.0000000 0.0000000 0.0000000 0.0000000 -0.0000010 0.0000000 0.0000000  0.0000010 0.0000000 0.0000000 0.0000000 0.0000000 0.0000000 0.0000000 0.0000000 0.0000000 0.0000000  0.0000020  0.0000020 -0.0000010 0.0000000 0.0000000 -0.0048290  0.0045739 -0.0000710 -0.0024940 -0.0039340  0.0100599 -0.0026400
NP_JetJESDet1                      -0.0000010  0.0000100 0.0000000 -0.0000080 -0.0000100  0.0000040 0.0000000 0.0000000 0.0000000 -0.0000010 0.0000000 -0.0000020 0.0000000 0.0000000 0.0000000 -0.0000080  0.0000130 0.0000000 0.0000000 -0.0000070  0.0000040  0.0000040  0.0000020 -0.0000020  0.0000060 -0.0000050  0.0000190 -0.0000220  0.0000010 -0.0000020  0.0000020 -0.0000020 -0.0000020 0.0000000  0.0000010  0.0000030 -0.0000030 -0.0000040 -0.0000020 -0.0000040  0.0000060  0.0000010 -0.0000010  0.0000010 0.0000000 0.0000000 -0.0000020  0.0000010 -0.0000020  0.0000020 0.0000000 0.0000000  0.0000040 -0.0000110  0.0000010  0.0000020 -0.0000010  0.0000010  0.0000060 -0.0000020 -0.0000060  0.0000050 0.0000000  0.0000080 -0.0000030 0.0000000 -0.0000330 -0.0000170 -0.0000040  0.0000010  0.0000070 0.0000000 0.0000000 -0.0000040  0.0000080 -0.0000170  0.0000060 -0.0000130 -0.0000060 -0.0000240 -0.0000040  0.0000210 -0.0000020  0.9998860 0.0000000 -0.0000010 -0.0000190  0.0000030  0.0000070  0.0000010 -0.0000270 -0.0000010  0.0000120 -0.0000020  0.0000060 -0.0000030  0.0000140 -0.0000060 -0.0000090  0.0000050  0.0000010 0.0000000  0.0000050 -0.0000160 -0.0000010 0.0000000  0.0000100 -0.0000020 0.0000000 0.0000000 0.0000000 0.0000000  0.0000050  0.0000010 -0.0000020 0.0000000  0.0000190  0.0000210 -0.0000060 -0.0000010 0.0000000  0.0151059  0.0101939  0.0014560 -0.0070000 -0.0117330 -0.0097240 -0.0296580
NP_JetJESDet2                      0.0000000 0.0000000 0.0000000 0.0000000 0.0000000 0.0000000 0.0000000 0.0000000 0.0000000 0.0000000 0.0000000 0.0000000 0.0000000 0.0000000 0.0000000 0.0000000 0.0000000 0.0000000 0.0000000 0.0000000 0.0000000 0.0000000 0.0000000 0.0000000 0.0000000 0.0000000 0.0000000 0.0000000 0.0000000 0.0000000 0.0000000 0.0000000 0.0000000 0.0000000 0.0000000 0.0000000 0.0000000 0.0000000 0.0000000 0.0000000 0.0000000 0.0000000 0.0000000 0.0000000 0.0000000 0.0000000 0.0000000 0.0000000 0.0000000 0.0000000 0.0000000 0.0000000 0.0000000 0.0000000 0.0000000 0.0000000 0.0000000 0.0000000 0.0000000 0.0000000 0.0000000 0.0000000 0.0000000 0.0000000 0.0000000 0.0000000 0.0000000 0.0000000 0.0000000 0.0000000 0.0000000 0.0000000 0.0000000 0.0000000 0.0000000 0.0000000 0.0000000 0.0000000 0.0000000 0.0000000 0.0000000 0.0000000 0.0000000 0.0000000  1.0000000 0.0000000 0.0000000 0.0000000 0.0000000 0.0000000 0.0000000 0.0000000 0.0000000 0.0000000 0.0000000 0.0000000 0.0000000 0.0000000 0.0000000 0.0000000 0.0000000 0.0000000 0.0000000 0.0000000 0.0000000 0.0000000 0.0000000 0.0000000 0.0000000 0.0000000 0.0000000 0.0000000 0.0000000 0.0000000 0.0000000 0.0000000 0.0000000 0.0000000 0.0000000 0.0000000 0.0000000 -0.0032859 -0.0013760  0.0011940  0.0003890  0.0022300  0.0062589  0.0002210
NP_JetJESDet3                      0.0000000 0.0000000 0.0000000 0.0000000 0.0000000 0.0000000 0.0000000 0.0000000 0.0000000 0.0000000 0.0000000 0.0000000 0.0000000 0.0000000 0.0000000 0.0000000 0.0000000 0.0000000 0.0000000 0.0000000 0.0000000 0.0000000 0.0000000 0.0000000 0.0000000 0.0000000  0.0000010 -0.0000010 0.0000000 0.0000000 0.0000000 0.0000000 0.0000000 0.0000000 0.0000000 0.0000000 0.0000000 0.0000000 0.0000000 0.0000000 0.0000000 0.0000000 0.0000000 0.0000000 0.0000000 0.0000000 0.0000000 0.0000000 0.0000000 0.0000000 0.0000000 0.0000000 0.0000000 0.0000000 0.0000000 0.0000000 0.0000000 0.0000000 0.0000000 0.0000000 0.0000000 0.0000000 0.0000000 0.0000000 0.0000000 0.0000000 -0.0000010 0.0000000 0.0000000 0.0000000 0.0000000 0.0000000 0.0000000 0.0000000 0.0000000 0.0000000 0.0000000 0.0000000 0.0000000 -0.0000010 0.0000000  0.0000010 0.0000000 -0.0000010 0.0000000  1.0000000 0.0000000 0.0000000 0.0000000 0.0000000 -0.0000010 0.0000000 0.0000000 0.0000000 0.0000000 0.0000000 0.0000000 0.0000000 0.0000000 0.0000000 0.0000000 0.0000000 0.0000000 0.0000000 0.0000000 0.0000000 0.0000000 0.0000000 0.0000000 0.0000000 0.0000000 0.0000000 0.0000000 0.0000000 0.0000000 0.0000000 0.0000000  0.0000010 0.0000000 0.0000000 0.0000000  0.0015089  0.0004850  0.0007880 -0.0014790 -0.0009070 -0.0011760 -0.0007270
NP_JetJESMix1                      0.0000000  0.0000080  0.0000010 -0.0000060 -0.0000070  0.0000040 0.0000000 0.0000000 0.0000000 0.0000000 0.0000000 -0.0000010 0.0000000 0.0000000 0.0000000 -0.0000050  0.0000090 0.0000000 0.0000000 -0.0000050  0.0000030  0.0000030  0.0000010 -0.0000010  0.0000040 -0.0000030  0.0000130 -0.0000130  0.0000010 -0.0000020  0.0000020 -0.0000010 -0.0000010 0.0000000  0.0000010  0.0000020 -0.0000020 -0.0000030 -0.0000010 -0.0000030  0.0000040 0.0000000 0.0000000  0.0000010 0.0000000 0.0000000 -0.0000010  0.0000010 -0.0000010  0.0000010 0.0000000 0.0000000  0.0000030 -0.0000070 0.0000000  0.0000010 -0.0000010  0.0000010  0.0000040 -0.0000010 -0.0000040  0.0000040 0.0000000  0.0000060 -0.0000020 0.0000000 -0.0000260 -0.0000130 -0.0000030 -0.0000020  0.0000070 0.0000000 0.0000000 -0.0000030  0.0000070 -0.0000130  0.0000070 -0.0000110 -0.0000050 -0.0000200 -0.0000040  0.0000180 -0.0000010 -0.0000190 0.0000000 0.0000000  0.9999869  0.0000020  0.0000050  0.0000010 -0.0000230 0.0000000  0.0000090 -0.0000020  0.0000050 -0.0000020  0.0000100 -0.0000040 -0.0000070  0.0000040  0.0000010  0.0000020  0.0000030 -0.0000140 0.0000000 0.0000000  0.0000090 -0.0000020 0.0000000 0.0000000 0.0000000 0.0000000  0.0000050  0.0000010 -0.0000020 0.0000000  0.0000130  0.0000150 -0.0000060 -0.0000010 0.0000000  0.0065360  0.0068320  0.0039870 -0.0053940 -0.0064229 -0.0078510 -0.0246399
NP_JetJESMix2                      0.0000000 -0.0000010 0.0000000  0.0000010  0.0000010 -0.0000010 0.0000000 0.0000000 0.0000000 0.0000000 0.0000000 0.0000000 0.0000000 0.0000000 0.0000000  0.0000010 -0.0000010 0.0000000 0.0000000  0.0000010 0.0000000 0.0000000 0.0000000 0.0000000 -0.0000010  0.0000010 -0.0000020  0.0000020 0.0000000 0.0000000 0.0000000 0.0000000 0.0000000 0.0000000 0.0000000 0.0000000 0.0000000 0.0000000 0.0000000 0.0000000 -0.0000010 0.0000000 0.0000000 0.0000000 0.0000000 0.0000000 0.0000000 0.0000000 0.0000000 0.0000000 0.0000000 0.0000000 0.0000000  0.0000010 0.0000000 0.0000000 0.0000000 0.0000000 -0.0000010 0.0000000  0.0000010 -0.0000010 0.0000000 -0.0000010 0.0000000 0.0000000  0.0000040  0.0000020  0.0000010 0.0000000 -0.0000010 0.0000000 0.0000000 0.0000000 -0.0000010  0.0000020 -0.0000010  0.0000010  0.0000010  0.0000030  0.0000010 -0.0000030 0.0000000  0.0000030 0.0000000 0.0000000  0.0000020  1.0000000 -0.0000010 0.0000000  0.0000030 0.0000000 -0.0000010 0.0000000 -0.0000010 0.0000000 -0.0000020  0.0000010  0.0000010 -0.0000010 0.0000000 0.0000000 -0.0000010  0.0000020 0.0000000 0.0000000 -0.0000010 0.0000000 0.0000000 0.0000000 0.0000000 0.0000000 -0.0000010 0.0000000 0.0000000 0.0000000 -0.0000020 -0.0000020  0.0000010 0.0000000 0.0000000  0.0036080  0.0020590 -0.0033349 -0.0004480  0.0009940 -0.0051330  0.0034470
NP_JetJESMix3                      0.0000000 -0.0000030 0.0000000  0.0000020  0.0000030 -0.0000010 0.0000000 0.0000000 0.0000000 0.0000000 0.0000000  0.0000010 0.0000000 0.0000000 0.0000000  0.0000020 -0.0000040 0.0000000 0.0000000  0.0000020 -0.0000010 -0.0000010 -0.0000010  0.0000010 -0.0000020  0.0000010 -0.0000060  0.0000060 0.0000000  0.0000010 -0.0000010  0.0000010  0.0000010 0.0000000 0.0000000 -0.0000010  0.0000010  0.0000010  0.0000010  0.0000010 -0.0000020 0.0000000 0.0000000 0.0000000 0.0000000 0.0000000  0.0000010 0.0000000 0.0000000 0.0000000 0.0000000 0.0000000 -0.0000010  0.0000030 0.0000000 -0.0000010 0.0000000 0.0000000 -0.0000020  0.0000010  0.0000020 -0.0000020 0.0000000 -0.0000020  0.0000010 0.0000000  0.0000100  0.0000050  0.0000010 0.0000000 -0.0000020 0.0000000 0.0000000  0.0000010 -0.0000020  0.0000040 -0.0000020  0.0000040  0.0000020  0.0000070  0.0000010 -0.0000060  0.0000010  0.0000070 0.0000000 0.0000000  0.0000050 -0.0000010  1.0000050 0.0000000  0.0000080 0.0000000 -0.0000040  0.0000010 -0.0000020  0.0000010 -0.0000040  0.0000020  0.0000030 -0.0000010 0.0000000 0.0000000 -0.0000010  0.0000050 0.0000000 0.0000000 -0.0000030  0.0000010 0.0000000 0.0000000 0.0000000 0.0000000 -0.0000020 0.0000000  0.0000010 0.0000000 -0.0000060 -0.0000060  0.0000020 0.0000000 0.0000000 -0.0026649 -0.0030060 -0.0028330  0.0037269  0.0044479  0.0052370  0.0087919
NP_JetJESMix4                      0.0000000 0.0000000 0.0000000 0.0000000 0.0000000 0.0000000 0.0000000 0.0000000 0.0000000 0.0000000 0.0000000 0.0000000 0.0000000 0.0000000 0.0000000 0.0000000 0.0000000 0.0000000 0.0000000 0.0000000 0.0000000 0.0000000 0.0000000 0.0000000 0.0000000 0.0000000 0.0000000 0.0000000 0.0000000 0.0000000 0.0000000 0.0000000 0.0000000 0.0000000 0.0000000 0.0000000 0.0000000 0.0000000 0.0000000 0.0000000 0.0000000 0.0000000 0.0000000 0.0000000 0.0000000 0.0000000 0.0000000 0.0000000 0.0000000 0.0000000 0.0000000 0.0000000 0.0000000 0.0000000 0.0000000 0.0000000 0.0000000 0.0000000 0.0000000 0.0000000 0.0000000 0.0000000 0.0000000 0.0000000 0.0000000 0.0000000  0.0000010 0.0000000 0.0000000 0.0000000 0.0000000 0.0000000 0.0000000 0.0000000 0.0000000 0.0000000 0.0000000 0.0000000 0.0000000  0.0000010 0.0000000 -0.0000010 0.0000000  0.0000010 0.0000000 0.0000000  0.0000010 0.0000000 0.0000000  1.0000000  0.0000010 0.0000000 0.0000000 0.0000000 0.0000000 0.0000000 0.0000000 0.0000000 0.0000000 0.0000000 0.0000000 0.0000000 0.0000000 0.0000000 0.0000000 0.0000000 0.0000000 0.0000000 0.0000000 0.0000000 0.0000000 0.0000000 0.0000000 0.0000000 0.0000000 0.0000000 0.0000000 0.0000000 0.0000000 0.0000000 0.0000000  0.0016680 -0.0000230  0.0004030 -0.0009590 -0.0004660  0.0001070  0.0007460
NP_JetJESModel1                    -0.0000010  0.0000100 0.0000000 -0.0000080 -0.0000110  0.0000050 0.0000000 0.0000000 0.0000000 -0.0000010 0.0000000 -0.0000020 0.0000000 0.0000000 0.0000000 -0.0000090  0.0000130 0.0000000 0.0000000 -0.0000060  0.0000040  0.0000040  0.0000020 -0.0000020  0.0000060 -0.0000050  0.0000200 -0.0000220  0.0000010 -0.0000030  0.0000030 -0.0000020 -0.0000020 0.0000000  0.0000010  0.0000040 -0.0000030 -0.0000030 -0.0000020 -0.0000030  0.0000060  0.0000010 -0.0000010  0.0000010 0.0000000 0.0000000 -0.0000020  0.0000010 -0.0000020  0.0000020 0.0000000 0.0000000  0.0000050 -0.0000110  0.0000010  0.0000020 -0.0000010  0.0000010  0.0000060 -0.0000020 -0.0000060  0.0000050 0.0000000  0.0000080 -0.0000020 0.0000000 -0.0000350 -0.0000180 -0.0000050  0.0000010  0.0000080 0.0000000 0.0000000 -0.0000040  0.0000080 -0.0000160  0.0000080 -0.0000140 -0.0000070 -0.0000260 -0.0000050  0.0000230 -0.0000020 -0.0000270 0.0000000 -0.0000010 -0.0000230  0.0000030  0.0000080  0.0000010  0.9999510 -0.0000010  0.0000130 -0.0000020  0.0000060 -0.0000030  0.0000150 -0.0000060 -0.0000090  0.0000050  0.0000010 0.0000000  0.0000050 -0.0000180 -0.0000010 0.0000000  0.0000110 -0.0000020 0.0000000 0.0000000 0.0000000 0.0000000  0.0000060  0.0000010 -0.0000020 0.0000000  0.0000200  0.0000220 -0.0000070 -0.0000010 0.0000000 -0.0122410 -0.0017740  0.0060889  0.0094750 -0.0002110 -0.0164090 -0.0318150
NP_JetJESModel2                    0.0000000 0.0000000 0.0000000 0.0000000 0.0000000 0.0000000 0.0000000 0.0000000 0.0000000 0.0000000 0.0000000 0.0000000 0.0000000 0.0000000 0.0000000 0.0000000 0.0000000 0.0000000 0.0000000 0.0000000 0.0000000 0.0000000 0.0000000 0.0000000 0.0000000 0.0000000  0.0000010 -0.0000010 0.0000000 0.0000000 0.0000000 0.0000000 0.0000000 0.0000000 0.0000000 0.0000000 0.0000000 0.0000000 0.0000000 0.0000000 0.0000000 0.0000000 0.0000000 0.0000000 0.0000000 0.0000000 0.0000000 0.0000000 0.0000000 0.0000000 0.0000000 0.0000000 0.0000000 0.0000000 0.0000000 0.0000000 0.0000000 0.0000000 0.0000000 0.0000000 0.0000000 0.0000000 0.0000000 0.0000000 0.0000000 0.0000000 -0.0000010 0.0000000 0.0000000 0.0000000 0.0000000 0.0000000 0.0000000 0.0000000 0.0000000 0.0000000 0.0000000 0.0000000 0.0000000 -0.0000010 0.0000000  0.0000010 0.0000000 -0.0000010 0.0000000 0.0000000 0.0000000 0.0000000 0.0000000 0.0000000 -0.0000010  1.0000000 0.0000000 0.0000000 0.0000000 0.0000000 0.0000000 0.0000000 0.0000000 0.0000000 0.0000000 0.0000000 0.0000000 0.0000000 0.0000000 0.0000000 0.0000000 0.0000000 0.0000000 0.0000000 0.0000000 0.0000000 0.0000000 0.0000000 0.0000000 0.0000000 0.0000000  0.0000010 0.0000000 0.0000000 0.0000000  0.0028500  0.0013259 -0.0008850 -0.0009560 -0.0031879 -0.0036380 -0.0008060
NP_JetJESModel3                    0.0000000 -0.0000050 0.0000000  0.0000040  0.0000050 -0.0000020 0.0000000 0.0000000 0.0000000 0.0000000 0.0000000  0.0000010 0.0000000 0.0000000 0.0000000  0.0000040 -0.0000060 0.0000000 0.0000000  0.0000030 -0.0000020 -0.0000020 -0.0000010  0.0000010 -0.0000030  0.0000020 -0.0000090  0.0000100 -0.0000010  0.0000010 -0.0000010  0.0000010  0.0000010 0.0000000 -0.0000010 -0.0000020  0.0000010  0.0000020  0.0000010  0.0000020 -0.0000030 0.0000000 0.0000000 -0.0000010 0.0000000 0.0000000  0.0000010 0.0000000  0.0000010 -0.0000010 0.0000000 0.0000000 -0.0000020  0.0000050 0.0000000 -0.0000010  0.0000010 -0.0000010 -0.0000030  0.0000010  0.0000030 -0.0000020 0.0000000 -0.0000040  0.0000010 0.0000000  0.0000160  0.0000080  0.0000020 0.0000000 -0.0000040 0.0000000 0.0000000  0.0000020 -0.0000040  0.0000070 -0.0000030  0.0000060  0.0000030  0.0000120  0.0000020 -0.0000100  0.0000010  0.0000120 0.0000000 0.0000000  0.0000090 -0.0000010 -0.0000040 0.0000000  0.0000130 0.0000000  0.9999980  0.0000010 -0.0000030  0.0000010 -0.0000070  0.0000030  0.0000040 -0.0000020 -0.0000010 0.0000000 -0.0000020  0.0000080 0.0000000 0.0000000 -0.0000050  0.0000010 0.0000000 0.0000000 0.0000000 0.0000000 -0.0000030 0.0000000  0.0000010 0.0000000 -0.0000090 -0.0000100  0.0000030  0.0000010 0.0000000  0.0002810 -0.0025760 -0.0035160  0.0018070  0.0026600  0.0056550  0.0144169
NP_JetJESModel4                    0.0000000  0.0000010 0.0000000 -0.0000010 -0.0000010 0.0000000 0.0000000 0.0000000 0.0000000 0.0000000 0.0000000 0.0000000 0.0000000 0.0000000 0.0000000 -0.0000010  0.0000010 0.0000000 0.0000000 -0.0000010 0.0000000 0.0000000 0.0000000 0.0000000  0.0000010 0.0000000  0.0000020 -0.0000020 0.0000000 0.0000000 0.0000000 0.0000000 0.0000000 0.0000000 0.0000000 0.0000000 0.0000000 0.0000000 0.0000000 0.0000000  0.0000010 0.0000000 0.0000000 0.0000000 0.0000000 0.0000000 0.0000000 0.0000000 0.0000000 0.0000000 0.0000000 0.0000000 0.0000000 -0.0000010 0.0000000 0.0000000 0.0000000 0.0000000  0.0000010 0.0000000 -0.0000010 0.0000000 0.0000000  0.0000010 0.0000000 0.0000000 -0.0000030 -0.0000020 0.0000000 0.0000000  0.0000010 0.0000000 0.0000000 0.0000000  0.0000010 -0.0000010  0.0000010 -0.0000010 0.0000000 -0.0000020 0.0000000  0.0000020 0.0000000 -0.0000020 0.0000000 0.0000000 -0.0000020 0.0000000  0.0000010 0.0000000 -0.0000020 0.0000000  0.0000010  1.0000000  0.0000010 0.0000000  0.0000010 -0.0000010 -0.0000010  0.0000010 0.0000000 0.0000000  0.0000010 -0.0000020 0.0000000 0.0000000  0.0000010 0.0000000 0.0000000 0.0000000 0.0000000 0.0000000 0.0000000 0.0000000 0.0000000 0.0000000  0.0000020  0.0000020 0.0000000 0.0000000 0.0000000  0.0025929  0.0008520  0.0008910 -0.0017530 -0.0029719 -0.0009800 -0.0025089
NP_JetJESStat1                     0.0000000 -0.0000020 0.0000000  0.0000020  0.0000030 -0.0000010 0.0000000 0.0000000 0.0000000 0.0000000 0.0000000 0.0000000 0.0000000 0.0000000 0.0000000  0.0000020 -0.0000030 0.0000000 0.0000000  0.0000020 -0.0000010 -0.0000010 0.0000000 0.0000000 -0.0000010  0.0000010 -0.0000040  0.0000050 0.0000000  0.0000010 -0.0000010  0.0000010  0.0000010 0.0000000 0.0000000 -0.0000010  0.0000010  0.0000010 0.0000000  0.0000010 -0.0000010 0.0000000 0.0000000 0.0000000 0.0000000 0.0000000 0.0000000 0.0000000 0.0000000 0.0000000 0.0000000 0.0000000 -0.0000010  0.0000020 0.0000000 0.0000000 0.0000000 0.0000000 -0.0000010 0.0000000  0.0000010 -0.0000010 0.0000000 -0.0000020 0.0000000 0.0000000  0.0000070  0.0000040  0.0000010 0.0000000 -0.0000010 0.0000000 0.0000000  0.0000010 -0.0000010  0.0000030 -0.0000020  0.0000030  0.0000010  0.0000050  0.0000010 -0.0000050 0.0000000  0.0000060 0.0000000 0.0000000  0.0000050 -0.0000010 -0.0000020 0.0000000  0.0000060 0.0000000 -0.0000030  0.0000010  1.0000020  0.0000010 -0.0000030  0.0000010  0.0000020 -0.0000010 0.0000000 0.0000000 -0.0000010  0.0000040 0.0000000 0.0000000 -0.0000020 0.0000000 0.0000000 0.0000000 0.0000000 0.0000000 -0.0000010 0.0000000  0.0000010 0.0000000 -0.0000040 -0.0000050  0.0000010 0.0000000 0.0000000 -0.0098949 -0.0034900  0.0045069 -0.0004380  0.0010430  0.0233140  0.0064619
NP_JetJESStat2                     0.0000000  0.0000010 0.0000000 -0.0000010 -0.0000010  0.0000010 0.0000000 0.0000000 0.0000000 0.0000000 0.0000000 0.0000000 0.0000000 0.0000000 0.0000000 -0.0000010  0.0000020 0.0000000 0.0000000 -0.0000010 0.0000000 0.0000000 0.0000000 0.0000000  0.0000010 -0.0000010  0.0000020 -0.0000030 0.0000000 0.0000000 0.0000000 0.0000000 0.0000000 0.0000000 0.0000000 0.0000000 0.0000000 0.0000000 0.0000000 0.0000000  0.0000010 0.0000000 0.0000000 0.0000000 0.0000000 0.0000000 0.0000000 0.0000000 0.0000000 0.0000000 0.0000000 0.0000000  0.0000010 -0.0000010 0.0000000 0.0000000 0.0000000 0.0000000  0.0000010 0.0000000 -0.0000010  0.0000010 0.0000000  0.0000010 0.0000000 0.0000000 -0.0000040 -0.0000020 -0.0000010 0.0000000  0.0000010 0.0000000 0.0000000 -0.0000010  0.0000010 -0.0000020  0.0000010 -0.0000020 -0.0000010 -0.0000030 -0.0000010  0.0000030 0.0000000 -0.0000030 0.0000000 0.0000000 -0.0000020 0.0000000  0.0000010 0.0000000 -0.0000030 0.0000000  0.0000010 0.0000000  0.0000010  0.9999989  0.0000020 -0.0000010 -0.0000010  0.0000010 0.0000000 0.0000000  0.0000010 -0.0000020 0.0000000 0.0000000  0.0000010 0.0000000 0.0000000 0.0000000 0.0000000 0.0000000  0.0000010 0.0000000 0.0000000 0.0000000  0.0000020  0.0000030 -0.0000010 0.0000000 0.0000000  0.0009680  0.0007630  0.0005530 -0.0011490  0.0005620 -0.0008400 -0.0036210
NP_JetJESStat3                     0.0000000 -0.0000050 0.0000000  0.0000040  0.0000050 -0.0000020 0.0000000 0.0000000 0.0000000 0.0000000 0.0000000  0.0000010 0.0000000 0.0000000 0.0000000  0.0000050 -0.0000070 0.0000000 0.0000000  0.0000030 -0.0000020 -0.0000020 -0.0000010  0.0000010 -0.0000030  0.0000030 -0.0000110  0.0000120 -0.0000010  0.0000010 -0.0000010  0.0000010  0.0000010 0.0000000 -0.0000010 -0.0000020  0.0000020  0.0000020  0.0000010  0.0000020 -0.0000030 0.0000000 0.0000000 -0.0000010 0.0000000 0.0000000  0.0000010 -0.0000010  0.0000010 -0.0000010 0.0000000 0.0000000 -0.0000030  0.0000060 0.0000000 -0.0000010  0.0000010 -0.0000010 -0.0000030  0.0000010  0.0000030 -0.0000030 0.0000000 -0.0000040  0.0000010 0.0000000  0.0000190  0.0000100  0.0000030 0.0000000 -0.0000040 0.0000000 0.0000000  0.0000020 -0.0000040  0.0000080 -0.0000040  0.0000070  0.0000040  0.0000140  0.0000030 -0.0000120  0.0000010  0.0000140 0.0000000 0.0000000  0.0000100 -0.0000020 -0.0000040 0.0000000  0.0000150 0.0000000 -0.0000070  0.0000010 -0.0000030  0.0000020  0.9999930  0.0000030  0.0000050 -0.0000030 -0.0000010 0.0000000 -0.0000030  0.0000090 0.0000000 0.0000000 -0.0000060  0.0000010 0.0000000 0.0000000 0.0000000 0.0000000 -0.0000030 0.0000000  0.0000010 0.0000000 -0.0000110 -0.0000120  0.0000040  0.0000010 0.0000000  0.0008060 -0.0021660 -0.0038670  0.0012830  0.0025860  0.0035100  0.0170089
NP_JetJESStat4                     0.0000000  0.0000020 0.0000000 -0.0000020 -0.0000020  0.0000010 0.0000000 0.0000000 0.0000000 0.0000000 0.0000000 0.0000000 0.0000000 0.0000000 0.0000000 -0.0000020  0.0000030 0.0000000 0.0000000 -0.0000010  0.0000010  0.0000010 0.0000000 0.0000000  0.0000010 -0.0000010  0.0000040 -0.0000050 0.0000000 -0.0000010  0.0000010 0.0000000 0.0000000 0.0000000 0.0000000  0.0000010 -0.0000010 -0.0000010 0.0000000 -0.0000010  0.0000010 0.0000000 0.0000000 0.0000000 0.0000000 0.0000000 0.0000000 0.0000000 0.0000000 0.0000000 0.0000000 0.0000000  0.0000010 -0.0000020 0.0000000 0.0000000 0.0000000 0.0000000  0.0000010 0.0000000 -0.0000010  0.0000010 0.0000000  0.0000020 -0.0000010 0.0000000 -0.0000070 -0.0000040 -0.0000010 0.0000000  0.0000020 0.0000000 0.0000000 -0.0000010  0.0000020 -0.0000030  0.0000020 -0.0000030 -0.0000010 -0.0000050 -0.0000010  0.0000050 0.0000000 -0.0000060 0.0000000 0.0000000 -0.0000040  0.0000010  0.0000020 0.0000000 -0.0000060 0.0000000  0.0000030 -0.0000010  0.0000010 -0.0000010  0.0000030  0.9999980 -0.0000020  0.0000010 0.0000000 0.0000000  0.0000010 -0.0000040 0.0000000 0.0000000  0.0000020 0.0000000 0.0000000 0.0000000 0.0000000 0.0000000  0.0000010 0.0000000 -0.0000010 0.0000000  0.0000040  0.0000050 -0.0000010 0.0000000 0.0000000  0.0038639  0.0012179  0.0012800 -0.0015989 -0.0053819 -0.0005480 -0.0066860
NP_Jetjvf                          0.0000000  0.0000030 0.0000000 -0.0000030 -0.0000040  0.0000010 0.0000000 0.0000000 0.0000000 0.0000000 0.0000000 -0.0000010 0.0000000 0.0000000 0.0000000 -0.0000030  0.0000050 0.0000000 0.0000000 -0.0000020  0.0000010  0.0000010  0.0000010 -0.0000010  0.0000020 -0.0000020  0.0000070 -0.0000080 0.0000000 -0.0000010  0.0000010 -0.0000010 -0.0000010 0.0000000 0.0000000  0.0000010 -0.0000010 -0.0000010 -0.0000010 -0.0000010  0.0000020 0.0000000 0.0000000 0.0000000 0.0000000 0.0000000 -0.0000010 0.0000000 -0.0000010  0.0000010 0.0000000 0.0000000  0.0000010 -0.0000040 0.0000000  0.0000010 0.0000000 0.0000000  0.0000020 -0.0000010 -0.0000020  0.0000020 0.0000000  0.0000030 -0.0000010 0.0000000 -0.0000110 -0.0000060 -0.0000020 0.0000000  0.0000030 0.0000000 0.0000000 -0.0000010  0.0000020 -0.0000060  0.0000020 -0.0000040 -0.0000020 -0.0000080 -0.0000010  0.0000070 -0.0000010 -0.0000090 0.0000000 0.0000000 -0.0000070  0.0000010  0.0000030 0.0000000 -0.0000090 0.0000000  0.0000040 -0.0000010  0.0000020 -0.0000010  0.0000050 -0.0000020  0.9999869  0.0000020 0.0000000 0.0000000  0.0000020 -0.0000050 0.0000000 0.0000000  0.0000030 -0.0000010 0.0000000 0.0000000 0.0000000 0.0000000  0.0000020 0.0000000 -0.0000010 0.0000000  0.0000060  0.0000070 -0.0000020 0.0000000 0.0000000  0.0058019  0.0038549  0.0018640 -0.0028939 -0.0056230 -0.0131880 -0.0102109
NP_Jetmistag                       0.0000000 -0.0000020 0.0000000  0.0000010  0.0000020 -0.0000010 0.0000000 0.0000000 0.0000000 0.0000000 0.0000000 0.0000000 0.0000000 0.0000000 0.0000000  0.0000020 -0.0000020 0.0000000 0.0000000  0.0000010 -0.0000010 -0.0000010 0.0000000 0.0000000 -0.0000010  0.0000010 -0.0000040  0.0000040 0.0000000 0.0000000 0.0000000 0.0000000 0.0000000 0.0000000 0.0000000 -0.0000010  0.0000010  0.0000010 0.0000000  0.0000010 -0.0000010 0.0000000 0.0000000 0.0000000 0.0000000 0.0000000 0.0000000 0.0000000 0.0000000 0.0000000 0.0000000 0.0000000 -0.0000010  0.0000020 0.0000000 0.0000000 0.0000000 0.0000000 -0.0000010 0.0000000  0.0000010 -0.0000010 0.0000000 -0.0000010  0.0000010 0.0000000  0.0000060  0.0000030  0.0000010 0.0000000 -0.0000010 0.0000000 0.0000000  0.0000010 -0.0000010  0.0000030 -0.0000010  0.0000020  0.0000010  0.0000050  0.0000010 -0.0000040 0.0000000  0.0000050 0.0000000 0.0000000  0.0000040 -0.0000010 -0.0000010 0.0000000  0.0000050 0.0000000 -0.0000020  0.0000010 -0.0000010  0.0000010 -0.0000030  0.0000010  0.0000020  1.0000000 0.0000000 0.0000000 -0.0000010  0.0000030 0.0000000 0.0000000 -0.0000020 0.0000000 0.0000000 0.0000000 0.0000000 0.0000000 -0.0000010 0.0000000 0.0000000 0.0000000 -0.0000040 -0.0000040  0.0000010 0.0000000 0.0000000 -0.0036140 -0.0013040  0.0000460  0.0007560  0.0003440  0.0029819  0.0056140
NP_JetPileupOffsetMu               0.0000000 -0.0000010 0.0000000 0.0000000  0.0000010 0.0000000 0.0000000 0.0000000 0.0000000 0.0000000 0.0000000 0.0000000 0.0000000 0.0000000 0.0000000 0.0000000 -0.0000010 0.0000000 0.0000000 0.0000000 0.0000000 0.0000000 0.0000000 0.0000000 0.0000000 0.0000000 -0.0000010  0.0000010 0.0000000 0.0000000 0.0000000 0.0000000 0.0000000 0.0000000 0.0000000 0.0000000 0.0000000 0.0000000 0.0000000 0.0000000 0.0000000 0.0000000 0.0000000 0.0000000 0.0000000 0.0000000 0.0000000 0.0000000 0.0000000 0.0000000 0.0000000 0.0000000 0.0000000  0.0000010 0.0000000 0.0000000 0.0000000 0.0000000 0.0000000 0.0000000 0.0000000 0.0000000 0.0000000 0.0000000 0.0000000 0.0000000  0.0000020  0.0000010 0.0000000 0.0000000 0.0000000 0.0000000 0.0000000 0.0000000 -0.0000010  0.0000010 0.0000000  0.0000010  0.0000010  0.0000010 0.0000000 -0.0000010 0.0000000  0.0000010 0.0000000 0.0000000  0.0000010 0.0000000 0.0000000 0.0000000  0.0000010 0.0000000 -0.0000010 0.0000000 0.0000000 0.0000000 -0.0000010 0.0000000 0.0000000 0.0000000  1.0000000 0.0000000 0.0000000  0.0000010 0.0000000 0.0000000 -0.0000010 0.0000000 0.0000000 0.0000000 0.0000000 0.0000000 0.0000000 0.0000000 0.0000000 0.0000000 -0.0000010 -0.0000010 0.0000000 0.0000000 0.0000000 -0.0033999 -0.0020850  0.0008740 -0.0007800  0.0111319 -0.0088100  0.0016730
NP_JetPileupOffsetNPV              0.0000000 0.0000000 0.0000000 0.0000000 0.0000000 0.0000000 0.0000000 0.0000000 0.0000000 0.0000000 0.0000000 0.0000000 0.0000000 0.0000000 0.0000000 0.0000000 0.0000000 0.0000000 0.0000000 0.0000000 0.0000000 0.0000000 0.0000000 0.0000000 0.0000000 0.0000000 0.0000000 0.0000000 0.0000000 0.0000000 0.0000000 0.0000000 0.0000000 0.0000000 0.0000000 0.0000000 0.0000000 0.0000000 0.0000000 0.0000000 0.0000000 0.0000000 0.0000000 0.0000000 0.0000000 0.0000000 0.0000000 0.0000000 0.0000000 0.0000000 0.0000000 0.0000000 0.0000000 0.0000000 0.0000000 0.0000000 0.0000000 0.0000000 0.0000000 0.0000000 0.0000000 0.0000000 0.0000000 0.0000000 0.0000000 0.0000000 0.0000000 0.0000000 0.0000000 0.0000000 0.0000000 0.0000000 0.0000000 0.0000000 0.0000000 0.0000000 0.0000000 0.0000000 0.0000000 0.0000000 0.0000000 0.0000000 0.0000000 0.0000000 0.0000000 0.0000000  0.0000020 0.0000000 0.0000000 0.0000000 0.0000000 0.0000000 0.0000000 0.0000000 0.0000000 0.0000000 0.0000000 0.0000000 0.0000000 0.0000000 0.0000000  1.0000000 0.0000000 0.0000000 0.0000000 0.0000000 0.0000000 0.0000000 0.0000000 0.0000000 0.0000000 0.0000000 0.0000000 0.0000000 0.0000000 0.0000000 0.0000000 0.0000000 0.0000000 0.0000000 0.0000000  0.0028050 -0.0004530  0.0016609 -0.0060650  0.0177549 -0.0090609  0.0004820
NP_JetPileupPt                     0.0000000 -0.0000020 0.0000000  0.0000010  0.0000020 -0.0000010 0.0000000 0.0000000 0.0000000 0.0000000 0.0000000 0.0000000 0.0000000 0.0000000 0.0000000  0.0000010 -0.0000020 0.0000000 0.0000000  0.0000010 -0.0000010 -0.0000010 0.0000000 0.0000000 -0.0000010  0.0000010 -0.0000030  0.0000040 0.0000000 0.0000000 0.0000000 0.0000000 0.0000000 0.0000000 0.0000000 -0.0000010  0.0000010  0.0000010 0.0000000  0.0000010 -0.0000010 0.0000000 0.0000000 0.0000000 0.0000000 0.0000000 0.0000000 0.0000000 0.0000000 0.0000000 0.0000000 0.0000000 -0.0000010  0.0000020 0.0000000 0.0000000 0.0000000 0.0000000 -0.0000010 0.0000000  0.0000010 -0.0000010 0.0000000 -0.0000010 0.0000000 0.0000000  0.0000060  0.0000030  0.0000010 0.0000000 -0.0000010 0.0000000 0.0000000  0.0000010 -0.0000010  0.0000030 -0.0000010  0.0000020  0.0000010  0.0000040  0.0000010 -0.0000040 0.0000000  0.0000050 0.0000000 0.0000000  0.0000030 -0.0000010 -0.0000010 0.0000000  0.0000050 0.0000000 -0.0000020  0.0000010 -0.0000010  0.0000010 -0.0000030  0.0000010  0.0000020 -0.0000010 0.0000000 0.0000000  1.0000000  0.0000030 0.0000000 0.0000000 -0.0000020 0.0000000 0.0000000 0.0000000 0.0000000 0.0000000 -0.0000010 0.0000000 0.0000000 0.0000000 -0.0000040 -0.0000040  0.0000010 0.0000000 0.0000000 -0.0038330  0.0008910 -0.0007040  0.0011479  0.0021069 -0.0040920  0.0054999
NP_JetPileupRho                    0.0000000  0.0000060 0.0000000 -0.0000050 -0.0000060  0.0000030 0.0000000 0.0000000 0.0000000 0.0000000 0.0000000 -0.0000010 0.0000000 0.0000000 0.0000000 -0.0000050  0.0000080 0.0000000 0.0000000 -0.0000040  0.0000020  0.0000030  0.0000010 -0.0000010  0.0000030 -0.0000030  0.0000110 -0.0000130  0.0000010 -0.0000010  0.0000010 -0.0000010 -0.0000010 0.0000000  0.0000010  0.0000020 -0.0000020 -0.0000020 -0.0000010 -0.0000020  0.0000030 0.0000000 0.0000000  0.0000010 0.0000000 0.0000000 -0.0000010  0.0000010 -0.0000010  0.0000010 0.0000000 0.0000000  0.0000030 -0.0000070 0.0000000  0.0000010 -0.0000010  0.0000010  0.0000040 -0.0000010 -0.0000040  0.0000030 0.0000000  0.0000050 -0.0000020 0.0000000 -0.0000200 -0.0000110 -0.0000030 0.0000000  0.0000050 0.0000000 0.0000000 -0.0000030  0.0000050 -0.0000110  0.0000050 -0.0000080 -0.0000040 -0.0000150 -0.0000030  0.0000140 -0.0000010 -0.0000160 0.0000000 0.0000000 -0.0000140  0.0000020  0.0000050 0.0000000 -0.0000180 0.0000000  0.0000080 -0.0000020  0.0000040 -0.0000020  0.0000090 -0.0000040 -0.0000050  0.0000030  0.0000010 0.0000000  0.0000030  0.9999860 0.0000000 0.0000000  0.0000070 -0.0000010 0.0000000 0.0000000 0.0000000 0.0000000  0.0000040 0.0000000 -0.0000020 0.0000000  0.0000130  0.0000130 -0.0000040 -0.0000010 0.0000000 -0.0042069  0.0001440  0.0020880  0.0048630 -0.0013630 -0.0001350 -0.0190199
NP_JetPunchThrough                 0.0000000 0.0000000 0.0000000 0.0000000 0.0000000 0.0000000 0.0000000 0.0000000 0.0000000 0.0000000 0.0000000 0.0000000 0.0000000 0.0000000 0.0000000 0.0000000 0.0000000 0.0000000 0.0000000 0.0000000 0.0000000 0.0000000 0.0000000 0.0000000 0.0000000 0.0000000 0.0000000 0.0000000 0.0000000 0.0000000 0.0000000 0.0000000 0.0000000 0.0000000 0.0000000 0.0000000 0.0000000 0.0000000 0.0000000 0.0000000 0.0000000 0.0000000 0.0000000 0.0000000 0.0000000 0.0000000 0.0000000 0.0000000 0.0000000 0.0000000 0.0000000 0.0000000 0.0000000 0.0000000 0.0000000 0.0000000 0.0000000 0.0000000 0.0000000 0.0000000 0.0000000 0.0000000 0.0000000 0.0000000 0.0000000 0.0000000 -0.0000010 0.0000000 0.0000000 0.0000000 0.0000000 0.0000000 0.0000000 0.0000000 0.0000000 0.0000000 0.0000000 0.0000000 0.0000000 0.0000000 0.0000000 0.0000000 0.0000000 -0.0000010 0.0000000 0.0000000 0.0000000 0.0000000 0.0000000 0.0000000 -0.0000010 0.0000000 0.0000000 0.0000000 0.0000000 0.0000000 0.0000000 0.0000000 0.0000000 0.0000000 0.0000000 0.0000000 0.0000000 0.0000000  1.0000000 0.0000000 0.0000000 0.0000000 0.0000000 0.0000000 0.0000000 0.0000000 0.0000000 0.0000000 0.0000000 0.0000000 0.0000000 0.0000000 0.0000000 0.0000000 0.0000000 -0.0000190  0.0006640  0.0000040 -0.0005910  0.0001940 -0.0004240 -0.0006160
NP_JetSinglePart                   0.0000000 0.0000000 0.0000000 0.0000000 0.0000000 0.0000000 0.0000000 0.0000000 0.0000000 0.0000000 0.0000000 0.0000000 0.0000000 0.0000000 0.0000000 0.0000000 0.0000000 0.0000000 0.0000000 0.0000000 0.0000000 0.0000000 0.0000000 0.0000000 0.0000000 0.0000000 0.0000000 0.0000000 0.0000000 0.0000000 0.0000000 0.0000000 0.0000000 0.0000000 0.0000000 0.0000000 0.0000000 0.0000000 0.0000000 0.0000000 0.0000000 0.0000000 0.0000000 0.0000000 0.0000000 0.0000000 0.0000000 0.0000000 0.0000000 0.0000000 0.0000000 0.0000000 0.0000000 0.0000000 0.0000000 0.0000000 0.0000000 0.0000000 0.0000000 0.0000000 0.0000000 0.0000000 0.0000000 0.0000000 0.0000000 0.0000000 0.0000000 0.0000000 0.0000000 0.0000000 0.0000000 0.0000000 0.0000000 0.0000000 0.0000000 0.0000000 0.0000000 0.0000000 0.0000000 0.0000000 0.0000000 0.0000000 0.0000000 0.0000000 0.0000000 0.0000000 0.0000000 0.0000000 0.0000000 0.0000000 0.0000000 0.0000000 0.0000000 0.0000000 0.0000000 0.0000000 0.0000000 0.0000000 0.0000000 0.0000000 0.0000000 0.0000000 0.0000000 0.0000000 0.0000000  1.0000000 0.0000000 0.0000000 0.0000000 0.0000000 0.0000000 0.0000000 0.0000000 0.0000000 0.0000000 0.0000000 0.0000000 0.0000000 0.0000000 0.0000000 0.0000000 0.0000000 0.0000000 0.0000000 0.0000000 0.0000000 0.0000000 0.0000000
NP_METres                          0.0000000 -0.0000040 0.0000000  0.0000030  0.0000040 -0.0000020 0.0000000 0.0000000 0.0000000 0.0000000 0.0000000  0.0000010 0.0000000 0.0000000 0.0000000  0.0000030 -0.0000050 0.0000000 0.0000000  0.0000030 -0.0000010 -0.0000020 -0.0000010  0.0000010 -0.0000020  0.0000020 -0.0000070  0.0000090 -0.0000010  0.0000010 -0.0000010  0.0000010  0.0000010 0.0000000 0.0000000 -0.0000010  0.0000010  0.0000010  0.0000010  0.0000010 -0.0000020 0.0000000 0.0000000 -0.0000010 0.0000000 0.0000000  0.0000010 0.0000000  0.0000010 -0.0000010 0.0000000 0.0000000 -0.0000020  0.0000050 0.0000000 -0.0000010 0.0000000 0.0000000 -0.0000020  0.0000010  0.0000020 -0.0000020 0.0000000 -0.0000030  0.0000010 0.0000000  0.0000130  0.0000070  0.0000020 0.0000000 -0.0000030 0.0000000 0.0000000  0.0000020 -0.0000030  0.0000070 -0.0000030  0.0000050  0.0000030  0.0000100  0.0000020 -0.0000090  0.0000010  0.0000100 0.0000000 0.0000000  0.0000090 -0.0000010 -0.0000030 0.0000000  0.0000110 0.0000000 -0.0000050  0.0000010 -0.0000020  0.0000010 -0.0000060  0.0000020  0.0000030 -0.0000020 -0.0000010 0.0000000 -0.0000020  0.0000070 0.0000000 0.0000000  0.9999959  0.0000010 0.0000000 0.0000000 0.0000000 0.0000000 -0.0000020 0.0000000  0.0000010 0.0000000 -0.0000080 -0.0000080  0.0000030  0.0000010 0.0000000 -0.0007440 -0.0007280  0.0034930 -0.0024250  0.0082260 -0.0169529  0.0124740
NP_METsc                           0.0000000  0.0000010 0.0000000 -0.0000010 -0.0000010 0.0000000 0.0000000 0.0000000 0.0000000 0.0000000 0.0000000 0.0000000 0.0000000 0.0000000 0.0000000 -0.0000010  0.0000010 0.0000000 0.0000000 -0.0000010 0.0000000 0.0000000 0.0000000 0.0000000 0.0000000 0.0000000  0.0000010 -0.0000020 0.0000000 0.0000000 0.0000000 0.0000000 0.0000000 0.0000000 0.0000000 0.0000000 0.0000000 0.0000000 0.0000000 0.0000000 0.0000000 0.0000000 0.0000000 0.0000000 0.0000000 0.0000000 0.0000000 0.0000000 0.0000000 0.0000000 0.0000000 0.0000000 0.0000000 -0.0000010 0.0000000 0.0000000 0.0000000 0.0000000 0.0000000 0.0000000 0.0000000 0.0000000 0.0000000  0.0000010 0.0000000 0.0000000 -0.0000030 -0.0000010 0.0000000 0.0000000  0.0000010 0.0000000 0.0000000 0.0000000  0.0000010 -0.0000010  0.0000010 -0.0000010 -0.0000010 -0.0000020 -0.0000010  0.0000020 0.0000000 -0.0000020 0.0000000 0.0000000 -0.0000020 0.0000000  0.0000010 0.0000000 -0.0000020 0.0000000  0.0000010 0.0000000 0.0000000 0.0000000  0.0000010 0.0000000 -0.0000010 0.0000000 0.0000000 0.0000000 0.0000000 -0.0000010 0.0000000 0.0000000  0.0000010  1.0000000 0.0000000 0.0000000 0.0000000 0.0000000 0.0000000 0.0000000 0.0000000 0.0000000  0.0000020  0.0000020 -0.0000010 0.0000000 0.0000000  0.0028470 -0.0009710 -0.0003570  0.0008809 -0.0082159  0.0088459 -0.0025030
NP_Muonidres                       0.0000000 0.0000000 0.0000000 0.0000000 0.0000000 0.0000000 0.0000000 0.0000000 0.0000000 0.0000000 0.0000000 0.0000000 0.0000000 0.0000000 0.0000000 0.0000000 0.0000000 0.0000000 0.0000000 0.0000000 0.0000000 0.0000000 0.0000000 0.0000000 0.0000000 0.0000000 0.0000000 0.0000000 0.0000000 0.0000000 0.0000000 0.0000000 0.0000000 0.0000000 0.0000000 0.0000000 0.0000000 0.0000000 0.0000000 0.0000000 0.0000000 0.0000000 0.0000000 0.0000000 0.0000000 0.0000000 0.0000000 0.0000000 0.0000000 0.0000000 0.0000000 0.0000000 0.0000000 0.0000000 0.0000000 0.0000000 0.0000000 0.0000000 0.0000000 0.0000000 0.0000000 0.0000000 0.0000000 0.0000000 0.0000000 0.0000000 0.0000000 0.0000000 0.0000000 0.0000000 0.0000000 0.0000000 0.0000000 0.0000000 0.0000000 0.0000000 0.0000000 0.0000000 0.0000000 0.0000000 0.0000000 0.0000000 0.0000000 0.0000000 0.0000000 0.0000000 0.0000000 0.0000000 0.0000000 0.0000000 0.0000000 0.0000000 0.0000000 0.0000000 0.0000000 0.0000000 0.0000000 0.0000000 0.0000000 0.0000000 0.0000000 0.0000000 0.0000000 0.0000000 0.0000000 0.0000000 0.0000000 0.0000000  1.0000000 0.0000000 0.0000000 0.0000000 0.0000000 0.0000000 0.0000000 0.0000000 0.0000000 0.0000000 0.0000000 0.0000000 0.0000000 0.0000000 0.0000000 0.0000000 0.0000000 0.0000000 0.0000000 0.0000000
NP_Muonmsres                       0.0000000 0.0000000 0.0000000 0.0000000 0.0000000 0.0000000 0.0000000 0.0000000 0.0000000 0.0000000 0.0000000 0.0000000 0.0000000 0.0000000 0.0000000 0.0000000 0.0000000 0.0000000 0.0000000 0.0000000 0.0000000 0.0000000 0.0000000 0.0000000 0.0000000 0.0000000 0.0000000 0.0000000 0.0000000 0.0000000 0.0000000 0.0000000 0.0000000 0.0000000 0.0000000 0.0000000 0.0000000 0.0000000 0.0000000 0.0000000 0.0000000 0.0000000 0.0000000 0.0000000 0.0000000 0.0000000 0.0000000 0.0000000 0.0000000 0.0000000 0.0000000 0.0000000 0.0000000 0.0000000 0.0000000 0.0000000 0.0000000 0.0000000 0.0000000 0.0000000 0.0000000 0.0000000 0.0000000 0.0000000 0.0000000 0.0000000 0.0000000 0.0000000 0.0000000 0.0000000 0.0000000 0.0000000 0.0000000 0.0000000 0.0000000 0.0000000 0.0000000 0.0000000 0.0000000 0.0000000 0.0000000 0.0000000 0.0000000 0.0000000 0.0000000 0.0000000 0.0000000 0.0000000 0.0000000 0.0000000 0.0000000 0.0000000 0.0000000 0.0000000 0.0000000 0.0000000 0.0000000 0.0000000 0.0000000 0.0000000 0.0000000 0.0000000 0.0000000 0.0000000 0.0000000 0.0000000 0.0000000 0.0000000 0.0000000  1.0000000 0.0000000 0.0000000 0.0000000 0.0000000 0.0000000 0.0000000 0.0000000 0.0000000 0.0000000 0.0000000 0.0000000 0.0000000 0.0000000 0.0000000 0.0000000 0.0000000 0.0000000 0.0000000
NP_Muonsc                          0.0000000 0.0000000 0.0000000 0.0000000 0.0000000 0.0000000 0.0000000 0.0000000 0.0000000 0.0000000 0.0000000 0.0000000 0.0000000 0.0000000 0.0000000 0.0000000 0.0000000 0.0000000 0.0000000 0.0000000 0.0000000 0.0000000 0.0000000 0.0000000 0.0000000 0.0000000 0.0000000 0.0000000 0.0000000 0.0000000 0.0000000 0.0000000 0.0000000 0.0000000 0.0000000 0.0000000 0.0000000 0.0000000 0.0000000 0.0000000 0.0000000 0.0000000 0.0000000 0.0000000 0.0000000 0.0000000 0.0000000 0.0000000 0.0000000 0.0000000 0.0000000 0.0000000 0.0000000 0.0000000 0.0000000 0.0000000 0.0000000 0.0000000 0.0000000 0.0000000 0.0000000 0.0000000 0.0000000 0.0000000 0.0000000 0.0000000 0.0000000 0.0000000 0.0000000 0.0000000 0.0000000 0.0000000 0.0000000 0.0000000 0.0000000 0.0000000 0.0000000 0.0000000 0.0000000 0.0000000 0.0000000 0.0000000 0.0000000 0.0000000 0.0000000 0.0000000 0.0000000 0.0000000 0.0000000 0.0000000 0.0000000 0.0000000 0.0000000 0.0000000 0.0000000 0.0000000 0.0000000 0.0000000 0.0000000 0.0000000 0.0000000 0.0000000 0.0000000 0.0000000 0.0000000 0.0000000 0.0000000 0.0000000 0.0000000 0.0000000  1.0000000 0.0000000 0.0000000 0.0000000 0.0000000 0.0000000 0.0000000 0.0000000 0.0000000 0.0000000 0.0000000 0.0000000 0.0000000 0.0000000 0.0000000 0.0000000 0.0000000 0.0000000
NP_QCDMMFAKEALTERNATE              0.0000000 0.0000000 0.0000000 0.0000000 0.0000000 0.0000000 0.0000000 0.0000000 0.0000000 0.0000000 0.0000000 0.0000000 0.0000000 0.0000000 0.0000000 0.0000000 0.0000000 0.0000000 0.0000000 0.0000000 0.0000000 0.0000000 0.0000000 0.0000000 0.0000000 0.0000000 0.0000000 0.0000000 0.0000000 0.0000000 0.0000000 0.0000000 0.0000000 0.0000000 0.0000000 0.0000000 0.0000000 0.0000000 0.0000000 0.0000000 0.0000000 0.0000000 0.0000000 0.0000000 0.0000000 0.0000000 0.0000000 0.0000000 0.0000000 0.0000000 0.0000000 0.0000000 0.0000000 0.0000000 0.0000000 0.0000000 0.0000000 0.0000000 0.0000000 0.0000000 0.0000000 0.0000000 0.0000000 0.0000000 0.0000000 0.0000000 0.0000000 0.0000000 0.0000000 0.0000000 0.0000000 0.0000000 0.0000000 0.0000000 0.0000000 0.0000000 0.0000000 0.0000000 0.0000000 0.0000000 0.0000000 0.0000000 0.0000000 0.0000000 0.0000000 0.0000000 0.0000000 0.0000000 0.0000000 0.0000000 0.0000000 0.0000000 0.0000000 0.0000000 0.0000000 0.0000000 0.0000000 0.0000000 0.0000000 0.0000000 0.0000000 0.0000000 0.0000000 0.0000000 0.0000000 0.0000000 0.0000000 0.0000000 0.0000000 0.0000000 0.0000000  1.0000000 0.0000000 0.0000000 0.0000000 0.0000000 0.0000000 0.0000000 0.0000000 0.0000000 0.0000000 -0.0027920 -0.0000680 -0.0002090  0.0007200  0.0018929  0.0024130  0.0002250
NP_QCDMMFAKEMCUP                   0.0000000 -0.0000020 0.0000000  0.0000020  0.0000020 -0.0000010 0.0000000 0.0000000 0.0000000 0.0000000 0.0000000 0.0000000 0.0000000 0.0000000 0.0000000  0.0000020 -0.0000030 0.0000000 0.0000000  0.0000010 -0.0000010 -0.0000010 0.0000000 0.0000000 -0.0000010  0.0000010 -0.0000040  0.0000040 0.0000000 0.0000000 0.0000000 0.0000000 0.0000000 0.0000000 0.0000000 -0.0000010  0.0000010  0.0000010 0.0000000  0.0000010 -0.0000010 0.0000000 0.0000000 0.0000000 0.0000000 0.0000000 0.0000000 0.0000000 0.0000000 0.0000000 0.0000000 0.0000000 -0.0000010  0.0000020 0.0000000 0.0000000 0.0000000 0.0000000 -0.0000010 0.0000000  0.0000010 -0.0000010 0.0000000 -0.0000020  0.0000010 0.0000000  0.0000070  0.0000040  0.0000010 0.0000000 -0.0000020 0.0000000 0.0000000  0.0000010 -0.0000020  0.0000040 -0.0000020  0.0000030  0.0000010  0.0000050  0.0000010 -0.0000050 0.0000000  0.0000050 0.0000000 0.0000000  0.0000050 -0.0000010 -0.0000020 0.0000000  0.0000060 0.0000000 -0.0000030 0.0000000 -0.0000010  0.0000010 -0.0000030  0.0000010  0.0000020 -0.0000010 0.0000000 0.0000000 -0.0000010  0.0000040 0.0000000 0.0000000 -0.0000020 0.0000000 0.0000000 0.0000000 0.0000000 0.0000000  1.0000020 0.0000000 0.0000000 0.0000000 -0.0000050 -0.0000040  0.0000020 0.0000000 0.0000000  0.0154940  0.0011559  0.0054559 -0.0022079 -0.0262769  0.0006380  0.0066610
NP_QCDMMPARALTERNATE               0.0000000 0.0000000 0.0000000 0.0000000 0.0000000 0.0000000 0.0000000 0.0000000 0.0000000 0.0000000 0.0000000 0.0000000 0.0000000 0.0000000 0.0000000 0.0000000 0.0000000 0.0000000 0.0000000 0.0000000 0.0000000 0.0000000 0.0000000 0.0000000 0.0000000 0.0000000 0.0000000  0.0000010 0.0000000 0.0000000 0.0000000 0.0000000 0.0000000 0.0000000 0.0000000 0.0000000 0.0000000 0.0000000 0.0000000 0.0000000 0.0000000 0.0000000 0.0000000 0.0000000 0.0000000 0.0000000 0.0000000 0.0000000 0.0000000 0.0000000 0.0000000 0.0000000 0.0000000 0.0000000 0.0000000 0.0000000 0.0000000 0.0000000 0.0000000 0.0000000 0.0000000 0.0000000 0.0000000 0.0000000 0.0000000 0.0000000  0.0000010 0.0000000 0.0000000 0.0000000 0.0000000 0.0000000 0.0000000 0.0000000 0.0000000 0.0000000 0.0000000 0.0000000 0.0000000  0.0000010 0.0000000 -0.0000010 0.0000000  0.0000010 0.0000000 0.0000000  0.0000010 0.0000000 0.0000000 0.0000000  0.0000010 0.0000000 0.0000000 0.0000000 0.0000000 0.0000000 0.0000000 0.0000000 0.0000000 0.0000000 0.0000000 0.0000000 0.0000000 0.0000000 0.0000000 0.0000000 0.0000000 0.0000000 0.0000000 0.0000000 0.0000000 0.0000000 0.0000000  1.0000000 0.0000000 0.0000000 0.0000000 -0.0000010 0.0000000 0.0000000 0.0000000  0.0017660 -0.0006930  0.0024930 -0.0016990 -0.0001860 -0.0011950  0.0008420
NP_QCDMMREALALTERNATE              0.0000000  0.0000010 0.0000000 -0.0000010 -0.0000010 0.0000000 0.0000000 0.0000000 0.0000000 0.0000000 0.0000000 0.0000000 0.0000000 0.0000000 0.0000000 -0.0000010  0.0000010 0.0000000 0.0000000 -0.0000010 0.0000000 0.0000000 0.0000000 0.0000000  0.0000010 0.0000000  0.0000020 -0.0000020 0.0000000 0.0000000 0.0000000 0.0000000 0.0000000 0.0000000 0.0000000 0.0000000 0.0000000 0.0000000 0.0000000 0.0000000  0.0000010 0.0000000 0.0000000 0.0000000 0.0000000 0.0000000 0.0000000 0.0000000 0.0000000 0.0000000 0.0000000 0.0000000 0.0000000 -0.0000010 0.0000000 0.0000000 0.0000000 0.0000000  0.0000010 0.0000000 -0.0000010 0.0000000 0.0000000  0.0000010 0.0000000 0.0000000 -0.0000030 -0.0000020 0.0000000 0.0000000  0.0000010 0.0000000 0.0000000 0.0000000  0.0000010 -0.0000010  0.0000010 -0.0000010 0.0000000 -0.0000020 0.0000000  0.0000020 0.0000000 -0.0000020 0.0000000 0.0000000 -0.0000020 0.0000000  0.0000010 0.0000000 -0.0000020 0.0000000  0.0000010 0.0000000  0.0000010 0.0000000  0.0000010 -0.0000010 -0.0000010 0.0000000 0.0000000 0.0000000 0.0000000 -0.0000020 0.0000000 0.0000000  0.0000010 0.0000000 0.0000000 0.0000000 0.0000000 0.0000000 0.0000000 0.0000000  0.9999989 0.0000000  0.0000020  0.0000020 0.0000000 0.0000000 0.0000000  0.0031180  0.0023360 -0.0005210 -0.0010600 -0.0008000 -0.0056889 -0.0026610
NP_SINGLETOPNORMUP                 0.0000000 0.0000000 0.0000000 0.0000000 0.0000000 0.0000000 0.0000000 0.0000000 0.0000000 0.0000000 0.0000000 0.0000000 0.0000000 0.0000000 0.0000000 0.0000000 0.0000000 0.0000000 0.0000000 0.0000000 0.0000000 0.0000000 0.0000000 0.0000000 0.0000000 0.0000000 0.0000000 0.0000000 0.0000000 0.0000000 0.0000000 0.0000000 0.0000000 0.0000000 0.0000000 0.0000000 0.0000000 0.0000000 0.0000000 0.0000000 0.0000000 0.0000000 0.0000000 0.0000000 0.0000000 0.0000000 0.0000000 0.0000000 0.0000000 0.0000000 0.0000000 0.0000000 0.0000000 0.0000000 0.0000000 0.0000000 0.0000000 0.0000000 0.0000000 0.0000000 0.0000000 0.0000000 0.0000000 0.0000000 0.0000000 0.0000000 -0.0000010 0.0000000 0.0000000 0.0000000 0.0000000 0.0000000 0.0000000 0.0000000 0.0000000 0.0000000 0.0000000 0.0000000 0.0000000 0.0000000 0.0000000 0.0000000 0.0000000 0.0000000 0.0000000 0.0000000 0.0000000 0.0000000 0.0000000 0.0000000 0.0000000 0.0000000 0.0000000 0.0000000 0.0000000 0.0000000 0.0000000 0.0000000 0.0000000 0.0000000 0.0000000 0.0000000 0.0000000 0.0000000 0.0000000 0.0000000 0.0000000 0.0000000 0.0000000 0.0000000 0.0000000 0.0000000 0.0000000 0.0000000 0.0000000  1.0000000 0.0000000 0.0000000 0.0000000 0.0000000 0.0000000 -0.0021400  0.0000620 -0.0000540  0.0002930  0.0019220  0.0013029 -0.0005430
NP_TtbarColorReconnection          0.0000000 -0.0000070 0.0000000  0.0000060  0.0000080 -0.0000030 0.0000000 0.0000000 0.0000000 0.0000000 0.0000000  0.0000020 0.0000000 0.0000000 0.0000000  0.0000060 -0.0000090 0.0000000 0.0000000  0.0000050 -0.0000030 -0.0000030 -0.0000010  0.0000010 -0.0000040  0.0000030 -0.0000140  0.0000160 -0.0000010  0.0000020 -0.0000020  0.0000020  0.0000020 0.0000000 -0.0000010 -0.0000020  0.0000020  0.0000030  0.0000010  0.0000030 -0.0000040 0.0000000 0.0000000 -0.0000010 0.0000000 0.0000000  0.0000010 -0.0000010  0.0000010 -0.0000010 0.0000000 0.0000000 -0.0000030  0.0000080 0.0000000 -0.0000010  0.0000010 -0.0000010 -0.0000040  0.0000010  0.0000040 -0.0000040 0.0000000 -0.0000060  0.0000020 0.0000000  0.0000250  0.0000130  0.0000040 0.0000000 -0.0000060 0.0000000 0.0000000  0.0000030 -0.0000060  0.0000120 -0.0000050  0.0000100  0.0000050  0.0000190  0.0000040 -0.0000170  0.0000020  0.0000190 0.0000000 0.0000000  0.0000130 -0.0000020 -0.0000060 0.0000000  0.0000200 0.0000000 -0.0000090  0.0000020 -0.0000040  0.0000020 -0.0000110  0.0000040  0.0000060 -0.0000040 -0.0000010 0.0000000 -0.0000040  0.0000130 0.0000000 0.0000000 -0.0000080  0.0000020 0.0000000 0.0000000 0.0000000 0.0000000 -0.0000050 0.0000000  0.0000020 0.0000000  1.0000329 -0.0000150  0.0000050  0.0000010 0.0000000 -0.0122930  0.0410809 -0.0308860  0.0110349 -0.0640639 -0.0256399  0.0230710
NP_TtbarShowerHadronization        0.0000000 -0.0000080 0.0000000  0.0000060  0.0000080 -0.0000040 0.0000000 0.0000000 0.0000000 0.0000000 0.0000000  0.0000020 0.0000000 0.0000000 0.0000000  0.0000070 -0.0000100 0.0000000 0.0000000  0.0000050 -0.0000030 -0.0000030 -0.0000020  0.0000020 -0.0000050  0.0000040 -0.0000150  0.0000180 -0.0000010  0.0000020 -0.0000020  0.0000020  0.0000020 0.0000000 -0.0000010 -0.0000030  0.0000020  0.0000030  0.0000020  0.0000030 -0.0000050 0.0000000 0.0000000 -0.0000010 0.0000000 0.0000000  0.0000020 -0.0000010  0.0000010 -0.0000010 0.0000000 0.0000000 -0.0000040  0.0000090 0.0000000 -0.0000020  0.0000010 -0.0000010 -0.0000050  0.0000020  0.0000050 -0.0000040 0.0000000 -0.0000060  0.0000020 0.0000000  0.0000270  0.0000140  0.0000040 -0.0000010 -0.0000060 0.0000000 0.0000000  0.0000030 -0.0000060  0.0000130 -0.0000050  0.0000100  0.0000050  0.0000190  0.0000040 -0.0000180  0.0000020  0.0000210 0.0000000  0.0000010  0.0000150 -0.0000020 -0.0000060 0.0000000  0.0000220  0.0000010 -0.0000100  0.0000020 -0.0000050  0.0000030 -0.0000120  0.0000050  0.0000070 -0.0000040 -0.0000010 0.0000000 -0.0000040  0.0000130 0.0000000 0.0000000 -0.0000080  0.0000020 0.0000000 0.0000000 0.0000000 0.0000000 -0.0000040 -0.0000010  0.0000020 0.0000000 -0.0000150  1.0000420  0.0000050  0.0000010 0.0000000  0.0010210 -0.0192729 -0.0037620  0.0085690  0.0237179  0.0043990  0.0243200
NP_WJETSNORMUP                     0.0000000  0.0000020 0.0000000 -0.0000020 -0.0000020  0.0000010 0.0000000 0.0000000 0.0000000 0.0000000 0.0000000 0.0000000 0.0000000 0.0000000 0.0000000 -0.0000020  0.0000030 0.0000000 0.0000000 -0.0000010  0.0000010  0.0000010 0.0000000 0.0000000  0.0000010 -0.0000010  0.0000040 -0.0000050 0.0000000 -0.0000010  0.0000010 0.0000000 0.0000000 0.0000000 0.0000000  0.0000010 -0.0000010 -0.0000010 0.0000000 -0.0000010  0.0000010 0.0000000 0.0000000 0.0000000 0.0000000 0.0000000 0.0000000 0.0000000 0.0000000 0.0000000 0.0000000 0.0000000  0.0000010 -0.0000030 0.0000000  0.0000010 0.0000000 0.0000000  0.0000010 0.0000000 -0.0000010  0.0000010 0.0000000  0.0000020 -0.0000010 0.0000000 -0.0000080 -0.0000040 -0.0000010 0.0000000  0.0000020 0.0000000 0.0000000 -0.0000010  0.0000020 -0.0000040  0.0000020 -0.0000030 -0.0000020 -0.0000060 -0.0000010  0.0000060 -0.0000010 -0.0000060 0.0000000 0.0000000 -0.0000060  0.0000010  0.0000020 0.0000000 -0.0000070 0.0000000  0.0000030 0.0000000  0.0000010 -0.0000010  0.0000040 -0.0000010 -0.0000020  0.0000010 0.0000000 0.0000000  0.0000010 -0.0000040 0.0000000 0.0000000  0.0000030 -0.0000010 0.0000000 0.0000000 0.0000000 0.0000000  0.0000020 0.0000000 0.0000000 0.0000000  0.0000050  0.0000050  0.9999919 0.0000000 0.0000000 -0.0293120 -0.0004750  0.0079019  0.0044120  0.0027490  0.0177600 -0.0078930
NP_ZJETSNORMUP                     0.0000000 0.0000000 0.0000000 0.0000000 0.0000000 0.0000000 0.0000000 0.0000000 0.0000000 0.0000000 0.0000000 0.0000000 0.0000000 0.0000000 0.0000000 0.0000000  0.0000010 0.0000000 0.0000000 0.0000000 0.0000000 0.0000000 0.0000000 0.0000000 0.0000000 0.0000000  0.0000010 -0.0000010 0.0000000 0.0000000 0.0000000 0.0000000 0.0000000 0.0000000 0.0000000 0.0000000 0.0000000 0.0000000 0.0000000 0.0000000 0.0000000 0.0000000 0.0000000 0.0000000 0.0000000 0.0000000 0.0000000 0.0000000 0.0000000 0.0000000 0.0000000 0.0000000 0.0000000 0.0000000 0.0000000 0.0000000 0.0000000 0.0000000 0.0000000 0.0000000 0.0000000 0.0000000 0.0000000 0.0000000 0.0000000 0.0000000 -0.0000020 -0.0000010 0.0000000 0.0000000 0.0000000 0.0000000 0.0000000 0.0000000 0.0000000 -0.0000010 0.0000000 -0.0000010 0.0000000 -0.0000010 0.0000000  0.0000010 0.0000000 -0.0000010 0.0000000 0.0000000 -0.0000010 0.0000000 0.0000000 0.0000000 -0.0000010 0.0000000  0.0000010 0.0000000 0.0000000 0.0000000  0.0000010 0.0000000 0.0000000 0.0000000 0.0000000 0.0000000 0.0000000 -0.0000010 0.0000000 0.0000000  0.0000010 0.0000000 0.0000000 0.0000000 0.0000000 0.0000000 0.0000000 0.0000000 0.0000000 0.0000000  0.0000010  0.0000010 0.0000000  1.0000000 0.0000000 -0.0001670 -0.0001700 -0.0004180  0.0012610 -0.0007300  0.0009900 -0.0014530
atlas_bin0                         0.0000000 0.0000000 0.0000000 0.0000000 0.0000000 0.0000000 0.0000000 0.0000000 0.0000000 0.0000000 0.0000000 0.0000000 0.0000000 0.0000000 0.0000000 0.0000000 0.0000000 0.0000000 0.0000000 0.0000000 0.0000000 0.0000000 0.0000000 0.0000000 0.0000000 0.0000000 0.0000000 0.0000000 0.0000000 0.0000000 0.0000000 0.0000000 0.0000000 0.0000000 0.0000000 0.0000000 0.0000000 0.0000000 0.0000000 0.0000000 0.0000000 0.0000000 0.0000000 0.0000000 0.0000000 0.0000000 0.0000000 0.0000000 0.0000000 0.0000000 0.0000000 0.0000000 0.0000000 0.0000000 0.0000000 0.0000000 0.0000000 0.0000000 0.0000000 0.0000000 0.0000000 0.0000000 0.0000000 0.0000000 0.0000000 0.0000000 0.0000000 0.0000000 0.0000000 0.0000000 0.0000000 0.0000000 0.0000000 0.0000000 0.0000000 0.0000000 0.0000000 0.0000000 0.0000000 0.0000000 0.0000000 0.0000000 0.0000000 0.0000000 0.0000000 0.0000000 0.0000000 0.0000000 0.0000000 0.0000000 0.0000000 0.0000000 0.0000000 0.0000000 0.0000000 0.0000000 0.0000000 0.0000000 0.0000000 0.0000000 0.0000000 0.0000000 0.0000000 0.0000000 0.0000000 0.0000000 0.0000000 0.0000000 0.0000000 0.0000000 0.0000000 0.0000000 0.0000000 0.0000000 0.0000000 0.0000000 0.0000000 0.0000000 0.0000000 0.0000000  1.0000009 0.0000000 0.0000000 0.0000000 0.0000000 0.0000000 0.0000000 0.0000000
atlas_bin1                          0.0000190 -0.0039259  0.0040759  0.0017899  0.0131170  0.0049430 0.0000000 0.0000000 0.0000000  0.0025040 0.0000000  0.0030010 -0.0000140  0.0002170 -0.0000350  0.0114369 -0.0176200  0.0003810 -0.0000530  0.0079240 -0.0047720 -0.0068940 -0.0027799  0.0033159 -0.0074260  0.0061040 -0.0327840  0.0369659 -0.0012030  0.0029320 -0.0044279  0.0038240  0.0024620 -0.0004290 -0.0016440 -0.0029190  0.0025880 -0.0011280  0.0072740  0.0053949 -0.0076090 -0.0011100  0.0013300 -0.0010290  0.0004550 -0.0004660  0.0031180 -0.0016000  0.0024429 -0.0021050 -0.0007250  0.0004690 -0.0039439  0.0204329 -0.0005850 -0.0027799  0.0019120 -0.0021099 -0.0098270  0.0024369  0.0064570 -0.0053280  0.0001140 -0.0029160 -0.0035780 -0.0050899  0.0064380  0.0091690 -0.0019520 -0.0156269  0.0078320  0.0004850 0.0000000  0.0008310  0.0022070  0.0000070 -0.0023180  0.0066070  0.0016030 -0.0023070 -0.0051019  0.0060720 -0.0048290  0.0151059 -0.0032859  0.0015089  0.0065360  0.0036080 -0.0026649  0.0016680 -0.0122410  0.0028500  0.0002810  0.0025929 -0.0098949  0.0009680  0.0008060  0.0038639  0.0058019 -0.0036140 -0.0033999  0.0028050 -0.0038330 -0.0042069 -0.0000190 0.0000000 -0.0007440  0.0028470 0.0000000 0.0000000 0.0000000 -0.0027920  0.0154940  0.0017660  0.0031180 -0.0021400 -0.0122930  0.0010210 -0.0293120 -0.0001670 0.0000000  0.0123009 -0.0000610 -0.0007490 -0.0033400 -0.0028869 -0.0043119 -0.0035860
atlas_bin2                         -0.0002290 -0.0033620  0.0021540  0.0026210  0.0056200  0.0015190 0.0000000 0.0000000 0.0000000 -0.0002820 0.0000000  0.0011540 -0.0001850  0.0001960 -0.0000820  0.0048620 -0.0076870  0.0000620  0.0000450  0.0032420 -0.0020160 -0.0030940 -0.0010709  0.0014319 -0.0033800  0.0026809 -0.0116939  0.0125850 -0.0006420  0.0014260 -0.0016080  0.0014319  0.0012840  0.0000080 -0.0009100 -0.0021110  0.0019030  0.0020520  0.0010260  0.0026270 -0.0038049 -0.0001260  0.0000970 -0.0003300 0.0000000 -0.0007240  0.0011550 -0.0005890  0.0009820 -0.0009030 -0.0000500 -0.0002380 -0.0029949  0.0064060 -0.0002650 -0.0015520  0.0007720 -0.0007090 -0.0040109  0.0013519  0.0030650 -0.0025430  0.0001720 -0.0019640  0.0020990 -0.0009870  0.0056540  0.0081370  0.0023709 -0.0097319  0.0012380  0.0002600 0.0000000  0.0001390  0.0017160  0.0048089 -0.0015250  0.0026710  0.0018439 -0.0057149  0.0019469  0.0025569  0.0045739  0.0101939 -0.0013760  0.0004850  0.0068320  0.0020590 -0.0030060 -0.0000230 -0.0017740  0.0013259 -0.0025760  0.0008520 -0.0034900  0.0007630 -0.0021660  0.0012179  0.0038549 -0.0013040 -0.0020850 -0.0004530  0.0008910  0.0001440  0.0006640 0.0000000 -0.0007280 -0.0009710 0.0000000 0.0000000 0.0000000 -0.0000680  0.0011559 -0.0006930  0.0023360  0.0000620  0.0410809 -0.0192729 -0.0004750 -0.0001700 0.0000000 -0.0000610  0.0083140 -0.0033509 -0.0014109 -0.0050429 -0.0027399 -0.0016940
atlas_bin3                         -0.0002610 -0.0012689  0.0000820  0.0019109 -0.0008590 -0.0018079 0.0000000 0.0000000 0.0000000 -0.0006570 0.0000000 -0.0000920 -0.0001720  0.0002000 -0.0001340 -0.0003730  0.0003560 -0.0002180  0.0001740 -0.0005440  0.0002650  0.0000690  0.0000820 -0.0000680  0.0000470 -0.0000600  0.0030160 -0.0043270 -0.0000690  0.0000650  0.0002830 -0.0002430  0.0000450  0.0001500 -0.0000790 -0.0006770  0.0006100  0.0026700 -0.0024280  0.0001320 -0.0002390  0.0000100 -0.0001100  0.0001730 -0.0001530 -0.0005260 -0.0002000  0.0000450 -0.0002600  0.0001720  0.0000480 -0.0001760 -0.0006270 -0.0026710  0.0000180  0.0000460 -0.0001200  0.0002780  0.0006530 -0.0000500  0.0004110 -0.0004050  0.0001160 -0.0009870 -0.0003540  0.0004750  0.0052080  0.0022989  0.0034099 -0.0001180 -0.0011999 -0.0001600 0.0000000  0.0005400  0.0009120 -0.0049959  0.0087670 -0.0045209 -0.0073330  0.0021779 -0.0010529 -0.0027330 -0.0000710  0.0014560  0.0011940  0.0007880  0.0039870 -0.0033349 -0.0028330  0.0004030  0.0060889 -0.0008850 -0.0035160  0.0008910  0.0045069  0.0005530 -0.0038670  0.0012800  0.0018640  0.0000460  0.0008740  0.0016609 -0.0007040  0.0020880  0.0000040 0.0000000  0.0034930 -0.0003570 0.0000000 0.0000000 0.0000000 -0.0002090  0.0054559  0.0024930 -0.0005210 -0.0000540 -0.0308860 -0.0037620  0.0079019 -0.0004180 0.0000000 -0.0007490 -0.0033509  0.0071089 -0.0022380  0.0015479  0.0002520 -0.0012480
atlas_bin4                          0.0002090  0.0014090 -0.0025219 -0.0009100 -0.0050010 -0.0020639 0.0000000 0.0000000 0.0000000 -0.0006370 0.0000000 -0.0012220 -0.0000240 -0.0001710  0.0000750 -0.0048199  0.0073179 -0.0001910  0.0000580 -0.0032560  0.0019670  0.0030109  0.0011280 -0.0014360  0.0031220 -0.0025620  0.0130679 -0.0154610  0.0005200 -0.0012310  0.0018820 -0.0016140 -0.0010570  0.0001550  0.0007320  0.0013680 -0.0011960  0.0002310 -0.0029039 -0.0022039  0.0031779  0.0004010 -0.0004270  0.0005370 -0.0001650  0.0001450 -0.0013240  0.0007210 -0.0010139  0.0009350  0.0003320 -0.0002090  0.0020240 -0.0084779  0.0002130  0.0012450 -0.0007620  0.0008250  0.0040359 -0.0010950 -0.0027250  0.0022260 -0.0000180  0.0004070  0.0004660  0.0001520 -0.0002210 -0.0052779 -0.0032970  0.0113119 -0.0047869 -0.0002420 0.0000000 -0.0007810 -0.0044999  0.0009020 -0.0045539  0.0022409  0.0013790  0.0050829  0.0003890 -0.0002880 -0.0024940 -0.0070000  0.0003890 -0.0014790 -0.0053940 -0.0004480  0.0037269 -0.0009590  0.0094750 -0.0009560  0.0018070 -0.0017530 -0.0004380 -0.0011490  0.0012830 -0.0015989 -0.0028939  0.0007560 -0.0007800 -0.0060650  0.0011479  0.0048630 -0.0005910 0.0000000 -0.0024250  0.0008809 0.0000000 0.0000000 0.0000000  0.0007200 -0.0022079 -0.0016990 -0.0010600  0.0002930  0.0110349  0.0085690  0.0044120  0.0012610 0.0000000 -0.0033400 -0.0014109 -0.0022380  0.0038430  0.0003220  0.0012999  0.0015130
atlas_bin5                          0.0004480  0.0050309 -0.0029429 -0.0040429 -0.0074790 -0.0007230 0.0000000 0.0000000 0.0000000 -0.0006370 0.0000000 -0.0018060  0.0001610 -0.0003100  0.0001410 -0.0075789  0.0116790 -0.0000530 -0.0001140 -0.0052500  0.0031630  0.0044359  0.0016670 -0.0021220  0.0051070 -0.0041200  0.0179169 -0.0208859  0.0008710 -0.0020089  0.0023449 -0.0021419 -0.0019810 -0.0000240  0.0014040  0.0028149 -0.0025089 -0.0021210 -0.0025379 -0.0031489  0.0049940  0.0004820 -0.0005000  0.0013359  0.0000120  0.0001730 -0.0017700  0.0008760 -0.0015139  0.0013820  0.0002800  0.0000240  0.0041539 -0.0118820  0.0003920  0.0022290 -0.0011720  0.0010920  0.0056420 -0.0019449 -0.0050250  0.0041879 -0.0001710  0.0028720 -0.0002940  0.0042249 -0.0084670 -0.0155429 -0.0021500  0.0074549  0.0056909 -0.0008330 0.0000000  0.0073489  0.0144829 -0.0037910  0.0055970 -0.0032439 -0.0029849  0.0161710 -0.0079679 -0.0162929 -0.0039340 -0.0117330  0.0022300 -0.0009070 -0.0064229  0.0009940  0.0044479 -0.0004660 -0.0002110 -0.0031879  0.0026600 -0.0029719  0.0010430  0.0005620  0.0025860 -0.0053819 -0.0056230  0.0003440  0.0111319  0.0177549  0.0021069 -0.0013630  0.0001940 0.0000000  0.0082260 -0.0082159 0.0000000 0.0000000 0.0000000  0.0018929 -0.0262769 -0.0001860 -0.0008000  0.0019220 -0.0640639  0.0237179  0.0027490 -0.0007300 0.0000000 -0.0028869 -0.0050429  0.0015479  0.0003220  0.0124320  0.0031610  0.0019269
atlas_bin6                          0.0012130  0.0073000 -0.0021719 -0.0061300 -0.0083269 -0.0020479 0.0000000 0.0000000 0.0000000 -0.0006370 0.0000000 -0.0023869  0.0005690 -0.0005340  0.0002760 -0.0090539  0.0139589  0.0000020 -0.0002050 -0.0054660  0.0033880  0.0058820  0.0022049 -0.0027629  0.0063590 -0.0051980  0.0212280 -0.0245779  0.0012279 -0.0027550  0.0030630 -0.0027430 -0.0024320 0.0000000  0.0017420  0.0031779 -0.0027529 -0.0032610 -0.0024470 -0.0041419  0.0061910  0.0007290 -0.0006620  0.0013040 -0.0000160  0.0004940 -0.0022820  0.0011670 -0.0019230  0.0018339  0.0004350  0.0000100  0.0048520 -0.0135280  0.0003670  0.0019310 -0.0015110  0.0011340  0.0069410 -0.0016789 -0.0066850  0.0056519 -0.0004790  0.0066429  0.0007900  0.0079159 -0.0269590  0.0018060  0.0040320  0.0184689 -0.0104019  0.0009250 0.0000000 -0.0017179 -0.0163139  0.0278179 -0.0069319  0.0032980  0.0306809 -0.0110100  0.0199089 -0.0085889  0.0100599 -0.0097240  0.0062589 -0.0011760 -0.0078510 -0.0051330  0.0052370  0.0001070 -0.0164090 -0.0036380  0.0056550 -0.0009800  0.0233140 -0.0008400  0.0035100 -0.0005480 -0.0131880  0.0029819 -0.0088100 -0.0090609 -0.0040920 -0.0001350 -0.0004240 0.0000000 -0.0169529  0.0088459 0.0000000 0.0000000 0.0000000  0.0024130  0.0006380 -0.0011950 -0.0056889  0.0013029 -0.0256399  0.0043990  0.0177600  0.0009900 0.0000000 -0.0043119 -0.0027399  0.0002520  0.0012999  0.0031610  0.0101550  0.0028189
atlas_bin7                         -0.0006230  0.0112960  0.0000730 -0.0090279 -0.0115460  0.0052230 0.0000000 0.0000000 0.0000000 -0.0006370 0.0000000 -0.0024620  0.0003760 -0.0004120  0.0001880 -0.0096089  0.0148559  0.0001720 -0.0003640 -0.0069760  0.0040840  0.0047609  0.0022759 -0.0023909  0.0067530 -0.0055240  0.0218880 -0.0252150  0.0012420 -0.0028059  0.0028630 -0.0025860 -0.0025300 -0.0000340  0.0017990  0.0039340 -0.0035260 -0.0039160 -0.0021670 -0.0041050  0.0064630  0.0006800 -0.0006850  0.0016119  0.0000170  0.0004470 -0.0022320  0.0011930 -0.0019030  0.0017769  0.0003130  0.0002670  0.0052319 -0.0138429  0.0005800  0.0025730 -0.0013929  0.0013140  0.0069239 -0.0022380 -0.0070270  0.0059270 -0.0003470  0.0089840 -0.0030450  0.0003080 -0.0388669 -0.0198930 -0.0052719  0.0007770  0.0091610 -0.0002070 0.0000000 -0.0049820  0.0091439 -0.0197669  0.0077409 -0.0152239 -0.0077270 -0.0285070 -0.0055279  0.0257930 -0.0026400 -0.0296580  0.0002210 -0.0007270 -0.0246399  0.0034470  0.0087919  0.0007460 -0.0318150 -0.0008060  0.0144169 -0.0025089  0.0064619 -0.0036210  0.0170089 -0.0066860 -0.0102109  0.0056140  0.0016730  0.0004820  0.0054999 -0.0190199 -0.0006160 0.0000000  0.0124740 -0.0025030 0.0000000 0.0000000 0.0000000  0.0002250  0.0066610  0.0008420 -0.0026610 -0.0005430  0.0230710  0.0243200 -0.0078930 -0.0014530 0.0000000 -0.0035860 -0.0016940 -0.0012480  0.0015130  0.0019269  0.0028189  0.0121309
[end full covariance matrix]

Name       pull   constraint
NP_btag0                             0.000    0.999
NP_btag1                             0.000    1.000
NP_btag2                             0.000    0.999
NP_btag3                             0.000    0.999
NP_btag4                             0.000    0.999
NP_btag5                             0.000    1.000
NP_btag6                             0.000    1.000
NP_btag7                             0.000    1.000
NP_btag8                             0.000    1.000
NP_btaghighpte                       0.000    0.999
NP_CT10n0                            0.000    1.000
NP_CT10n1                            0.000    0.999
NP_CT10n10                           0.000    0.999
NP_CT10n11                           0.000    0.999
NP_CT10n12                           0.000    0.999
NP_CT10n13                           0.000    0.999
NP_CT10n14                           0.000    0.999
NP_CT10n15                           0.000    0.999
NP_CT10n16                           0.000    0.999
NP_CT10n17                           0.000    0.999
NP_CT10n18                           0.000    1.000
NP_CT10n19                           0.000    1.000
NP_CT10n2                            0.000    0.999
NP_CT10n20                           0.000    0.999
NP_CT10n21                           0.000    0.999
NP_CT10n22                           0.000    0.999
NP_CT10n23                           0.000    0.999
NP_CT10n24                           0.000    0.999
NP_CT10n25                           0.000    1.000
NP_CT10n26                           0.000    0.999
NP_CT10n27                           0.000    1.000
NP_CT10n28                           0.000    0.999
NP_CT10n29                           0.000    0.999
NP_CT10n3                            0.000    0.999
NP_CT10n30                           0.000    0.999
NP_CT10n31                           0.000    1.000
NP_CT10n32                           0.000    0.999
NP_CT10n33                           0.000    0.999
NP_CT10n34                           0.000    0.999
NP_CT10n35                           0.000    0.999
NP_CT10n36                           0.000    1.000
NP_CT10n37                           0.000    0.999
NP_CT10n38                           0.000    0.999
NP_CT10n39                           0.000    1.000
NP_CT10n4                            0.000    0.999
NP_CT10n40                           0.000    0.999
NP_CT10n41                           0.000    0.999
NP_CT10n42                           0.000    0.999
NP_CT10n43                           0.000    0.999
NP_CT10n44                           0.000    1.000
NP_CT10n45                           0.000    0.999
NP_CT10n46                           0.000    0.999
NP_CT10n47                           0.000    0.999
NP_CT10n48                           0.000    0.999
NP_CT10n49                           0.000    0.999
NP_CT10n5                            0.000    1.000
NP_CT10n50                           0.000    0.999
NP_CT10n51                           0.000    0.999
NP_CT10n52                           0.000    1.000
NP_CT10n6                            0.000    0.999
NP_CT10n7                            0.000    0.999
NP_CT10n8                            0.000    1.000
NP_CT10n9                            0.000    0.999
NP_ctautag                           0.000    1.000
NP_Electronr                         0.000    0.999
NP_Electrons                         0.000    0.999
NP_JetBJesUnc                        0.000    0.999
NP_JetEtaIntercalibrationModel       0.000    0.999
NP_JetEtaIntercalibrationTotalStat   0.000    0.999
NP_Jetflavorcomp                     0.000    0.999
NP_Jetflavorresponse                 0.000    1.000
NP_Jetjeff                           0.000    0.999
NP_JetJERdiff                        0.000    1.000
NP_JetJERnoiseforward                0.000    0.999
NP_JetJERnp0                         0.000    0.999
NP_JetJERnp1                         0.000    0.999
NP_JetJERnp2                         0.000    0.999
NP_JetJERnp3                         0.000    0.999
NP_JetJERnp4                         0.000    0.999
NP_JetJERnp5                         0.000    0.999
NP_JetJERnp6                         0.000    0.999
NP_JetJERnp7                         0.000    1.000
NP_JetJERnp8                         0.000    0.999
NP_JetJESDet1                        0.000    0.999
NP_JetJESDet2                        0.000    0.999
NP_JetJESDet3                        0.000    0.999
NP_JetJESMix1                        0.000    0.999
NP_JetJESMix2                        0.000    1.000
NP_JetJESMix3                        0.000    1.000
NP_JetJESMix4                        0.000    0.999
NP_JetJESModel1                      0.000    0.999
NP_JetJESModel2                      0.000    0.999
NP_JetJESModel3                      0.000    0.999
NP_JetJESModel4                      0.000    0.999
NP_JetJESStat1                       0.000    1.000
NP_JetJESStat2                       0.000    0.999
NP_JetJESStat3                       0.000    0.999
NP_JetJESStat4                       0.000    0.999
NP_Jetjvf                            0.000    0.999
NP_Jetmistag                         0.000    0.999
NP_JetPileupOffsetMu                 0.000    0.999
NP_JetPileupOffsetNPV                0.000    0.999
NP_JetPileupPt                       0.000    0.999
NP_JetPileupRho                      0.000    0.999
NP_JetPunchThrough                   0.000    0.999
NP_JetSinglePart                     0.000    1.000
NP_METres                            0.000    0.999
NP_METsc                             0.000    0.999
NP_Muonidres                         0.000    1.000
NP_Muonmsres                         0.000    1.000
NP_Muonsc                            0.000    1.000
NP_QCDMMFAKEALTERNATE                0.000    0.999
NP_QCDMMFAKEMCUP                     0.000    1.000
NP_QCDMMPARALTERNATE                 0.000    0.999
NP_QCDMMREALALTERNATE                0.000    0.999
NP_SINGLETOPNORMUP                   0.000    0.999
NP_TtbarColorReconnection            0.000    1.000
NP_TtbarShowerHadronization          0.000    1.000
NP_WJETSNORMUP                       0.000    0.999
NP_ZJETSNORMUP                       0.000    0.999
Simple impact table: name, impact [%]
                atlas_bin0      | atlas_bin1      | atlas_bin2      | atlas_bin3      | atlas_bin4      | atlas_bin5      | atlas_bin6      | atlas_bin7      | 
NP_btag0         0.0000000000086 |  0.0017754726759 |  0.0109914760363 |  0.0108779969632 |  0.0097692722678 |  0.0414399888312 |  0.2272204396774 |  1.3419561379155 | 
NP_btag1         0.0000000000247 |  0.3620933299756 |  0.1615061826291 |  0.0528586355451 |  0.0658356627012 |  0.4655594598728 |  1.3674259996953 |  24.332634703344 | 
NP_btag2         0.0000000000086 |  0.3759540547364 |  0.1034839476370 |  0.0034081948976 |  0.1178292759606 |  0.2723788827175 |  0.4067964291178 |  0.1565441985308 | 
NP_btag3         0.0000000000522 |  0.1651329643714 |  0.1259375407899 |  0.0795821087700 |  0.0425372476897 |  0.3741901019445 |  1.1482973215638 |  19.446051058366 | 
NP_btag4         0.0000000000058 |  1.2098164534878 |  0.2700007808884 |  0.0357825844580 |  0.2336465899643 |  0.6921180836839 |  1.5596815885496 |  24.870597918293 | 
NP_btag5         0.0000000000138 |  0.4559118406228 |  0.0729772227203 |  0.0752920776499 |  0.0964372912542 |  0.0668845647566 |  0.3836081079787 |  11.250167282264 | 
NP_btag6         0.0000000003815 |  0.0000000000024 |  0.0000000000009 |  0.0000000000000 |  0.0000000000002 |  0.0000000000027 |  0.0000000000050 |  0.0000000001908 | 
NP_btag7         0.0000000003815 |  0.0000000000024 |  0.0000000000009 |  0.0000000000000 |  0.0000000000002 |  0.0000000000027 |  0.0000000000050 |  0.0000000001908 | 
NP_btag8         0.0000000003815 |  0.0000000000024 |  0.0000000000009 |  0.0000000000000 |  0.0000000000002 |  0.0000000000027 |  0.0000000000050 |  0.0000000001908 | 
NP_btaghighpte   0.0000000000016 |  0.2309425207696 |  0.0135584563563 |  0.0273518850188 |  0.0297512092883 |  0.0589331080950 |  0.1192787659835 |  1.3713103607141 | 
NP_CT10n0        0.0000000003815 |  0.0000000000024 |  0.0000000000009 |  0.0000000000000 |  0.0000000000002 |  0.0000000000027 |  0.0000000000050 |  0.0000000001908 | 
NP_CT10n1        0.0000000000099 |  0.2768130315079 |  0.0554457983279 |  0.0038113897011 |  0.0571096922800 |  0.1671072090152 |  0.4471067555691 |  5.3036942496682 | 
NP_CT10n10       0.0000000000003 |  0.0012748871972 |  0.0088745616090 |  0.0071598252213 |  0.0011094117459 |  0.0149096337041 |  0.1065847507702 |  0.8093991845623 | 
NP_CT10n11       0.0000000000003 |  0.0199879286363 |  0.0094136981694 |  0.0083128815038 |  0.0079945152191 |  0.0287100722673 |  0.1000121193755 |  0.8882866389824 | 
NP_CT10n12       0.0000000000951 |  0.0031826077094 |  0.0039483084250 |  0.0055831442220 |  0.0034862963536 |  0.0130817455834 |  0.0516742671558 |  0.4060054067570 | 
NP_CT10n13       0.0000000000217 |  1.0548646990970 |  0.2335712773352 |  0.0155287506929 |  0.2251892303934 |  0.7014387273448 |  1.6959895197550 |  20.699049135099 | 
NP_CT10n14       0.0000000000390 |  1.6251194765752 |  0.3693263037450 |  0.0148243506425 |  0.3418968067731 |  1.0808779017236 |  2.6147128067319 |  32.000052279265 | 
NP_CT10n15       0.0000000000003 |  0.0351074032998 |  0.0029872930488 |  0.0090785321861 |  0.0089159577302 |  0.0048946210466 |  0.0004520174249 |  0.3706466283222 | 
NP_CT10n16       0.0000000000016 |  0.0049123996832 |  0.0021573257165 |  0.0072503942954 |  0.0026878862747 |  0.0105194604917 |  0.0384332946171 |  0.7837203515906 | 
NP_CT10n17       0.0000000000058 |  0.7308332554173 |  0.1557450452509 |  0.0226386324638 |  0.1521033965397 |  0.4858969424993 |  1.0239010074421 |  15.027543705256 | 
NP_CT10n18       0.0000000000120 |  0.4400858329311 |  0.0968432552571 |  0.0110380103348 |  0.0919022589674 |  0.2926768919220 |  0.6345818295513 |  8.7974348433758 | 
NP_CT10n19       0.0000000000131 |  0.6358598982802 |  0.1486530908288 |  0.0028602531707 |  0.1406608269201 |  0.4105526532844 |  1.1018703633404 |  10.255664383074 | 
NP_CT10n2        0.0000000000004 |  0.2563866201447 |  0.0514662076120 |  0.0033978801395 |  0.0526916880082 |  0.1543026755134 |  0.4130809032092 |  4.9016482617953 | 
NP_CT10n20       0.0000000000099 |  0.3058805921712 |  0.0687876994580 |  0.0028522599867 |  0.0670935032722 |  0.1963725684189 |  0.5176024733590 |  5.1500251713012 | 
NP_CT10n21       0.0000000000200 |  0.6849015547693 |  0.1623832385846 |  0.0019671523117 |  0.1458514185262 |  0.4726064943499 |  1.1911770141898 |  14.545307612512 | 
NP_CT10n22       0.0000000000143 |  0.5629382098171 |  0.1288038720661 |  0.0024934363657 |  0.1196953163704 |  0.3813035684382 |  0.9737086530041 |  11.898387344533 | 
NP_CT10n23       0.0000000000090 |  3.0236682070355 |  0.5618190924912 |  0.1255992884290 |  0.6105171899463 |  1.6581580774634 |  3.9763249568341 |  47.148084288818 | 
NP_CT10n24       0.0000000000213 |  3.4094039809546 |  0.6046353447689 |  0.1802375901220 |  0.7223368053116 |  1.9329537838491 |  4.6037659774140 |  54.314441711052 | 
NP_CT10n25       0.0000000000000 |  0.1109314763137 |  0.0308230984863 |  0.0028548060829 |  0.0242960715261 |  0.0806377479318 |  0.2300353900452 |  2.6748307904167 | 
NP_CT10n26       0.0000000000264 |  0.2704327711701 |  0.0685238890704 |  0.0026914120674 |  0.0575025210976 |  0.1859426281691 |  0.5160277085801 |  6.0436277902627 | 
NP_CT10n27       0.0000000000104 |  0.4084341553452 |  0.0772722359559 |  0.0117972793902 |  0.0879163860844 |  0.2170321091497 |  0.5738164931125 |  6.1671341055235 | 
NP_CT10n28       0.0000000000011 |  0.3527184076644 |  0.0688050498139 |  0.0101091385921 |  0.0754253053571 |  0.1982047888949 |  0.5138452503251 |  5.5705551551795 | 
NP_CT10n29       0.0000000000122 |  0.2270505294087 |  0.0616772543230 |  0.0018554840990 |  0.0493796079430 |  0.1833570462961 |  0.4554917367519 |  5.4492513436564 | 
NP_CT10n3        0.0000000000104 |  0.0395359961441 |  0.0003689532340 |  0.0062637595472 |  0.0072257814182 |  0.0022085885074 |  0.0000232198106 |  0.0722851402667 | 
NP_CT10n30       0.0000000000000 |  0.1515854585430 |  0.0437142418638 |  0.0032942751988 |  0.0342109218527 |  0.1299223724989 |  0.3262113402671 |  3.8742853375990 | 
NP_CT10n31       0.0000000000117 |  0.2692192909883 |  0.1014283433629 |  0.0281963727651 |  0.0639009673464 |  0.2605145422369 |  0.5953264168438 |  8.4744643968253 | 
NP_CT10n32       0.0000000000112 |  0.2387195468245 |  0.0914311644841 |  0.0253946265790 |  0.0558556538515 |  0.2321667553120 |  0.5156872766805 |  7.5947110374162 | 
NP_CT10n33       0.0000000000000 |  0.1040317283869 |  0.0985842010282 |  0.1112150164207 |  0.0107717645002 |  0.1962787283646 |  0.6109235085987 |  8.4346729468385 | 
NP_CT10n34       0.0000000000098 |  0.6708996692185 |  0.0492859075673 |  0.1011417521250 |  0.1356848944413 |  0.2349225426774 |  0.4583577003667 |  4.6688310396225 | 
NP_CT10n35       0.0000000000013 |  0.4975392708444 |  0.1262224294367 |  0.0055160179855 |  0.1029864308984 |  0.2914654822168 |  0.7758789143319 |  8.8429820178601 | 
NP_CT10n36       0.0000000000158 |  0.7017956838747 |  0.1827826656983 |  0.0099390996675 |  0.1484595404495 |  0.4621307330458 |  1.1596891041879 |  13.921168095652 | 
NP_CT10n37       0.0000000000086 |  0.1024111837974 |  0.0060592468840 |  0.0004019334424 |  0.0187526811722 |  0.0446079743390 |  0.1365436661099 |  1.4643127332432 | 
NP_CT10n38       0.0000000000086 |  0.1226991473976 |  0.0046792929066 |  0.0045706631491 |  0.0199337127153 |  0.0463155667592 |  0.1239919973326 |  1.4751349893688 | 
NP_CT10n39       0.0000000000092 |  0.0948938546328 |  0.0158632014165 |  0.0072240561189 |  0.0250647182180 |  0.1236324908843 |  0.2441847279884 |  3.4712901154889 | 
NP_CT10n4        0.0000000000104 |  0.0419224962096 |  0.0000122915522 |  0.0063635516967 |  0.0077204205574 |  0.0011029381338 |  0.0029583697939 |  0.0375839661746 | 
NP_CT10n40       0.0000000000086 |  0.0429660340111 |  0.0347688129780 |  0.0218893065230 |  0.0067735076176 |  0.0160079695196 |  0.0925593193032 |  0.9634986179834 | 
NP_CT10n41       0.0000000001082 |  0.2875950152817 |  0.0554820798117 |  0.0083455649543 |  0.0618454809525 |  0.1637692174948 |  0.4274418221019 |  4.8073332021755 | 
NP_CT10n42       0.0000000000089 |  0.1475383693136 |  0.0283066587982 |  0.0018909110189 |  0.0336846350084 |  0.0811134961371 |  0.2185986825006 |  2.5687836606637 | 
NP_CT10n43       0.0000000000094 |  0.2253384142156 |  0.0471684387947 |  0.0108252332969 |  0.0473727918905 |  0.1401318475181 |  0.3602638246990 |  4.0989080622701 | 
NP_CT10n44       0.0000000000093 |  0.1941692003166 |  0.0433862250237 |  0.0071713326190 |  0.0436889478429 |  0.1279074760497 |  0.3434831388954 |  3.8281095239658 | 
NP_CT10n45       0.0000000000085 |  0.0668896014554 |  0.0024155768365 |  0.0019926488924 |  0.0155064921776 |  0.0258884794915 |  0.0815256833454 |  0.6743801660906 | 
NP_CT10n46       0.0000000000085 |  0.0432972648085 |  0.0114346159831 |  0.0073143556874 |  0.0097848823225 |  0.0022453712258 |  0.0017832514568 |  0.5742193753774 | 
NP_CT10n47       0.0000000000031 |  0.3637981324827 |  0.1438939930321 |  0.0261329052257 |  0.0945584029081 |  0.3844666447011 |  0.9088031385286 |  11.269352417591 | 
NP_CT10n48       0.0000000000000 |  1.8845633387895 |  0.3077465414995 |  0.1112509732705 |  0.3960907829740 |  1.0995954890048 |  2.5340013108546 |  29.819196624958 | 
NP_CT10n49       0.0000000000034 |  0.0539372742962 |  0.0127287714163 |  0.0007329128991 |  0.0099331219208 |  0.0362535306754 |  0.0686984884865 |  1.2483373344879 | 
NP_CT10n5        0.0000000000000 |  0.2564023832049 |  0.0745774866255 |  0.0019103118897 |  0.0581780505745 |  0.2062404552491 |  0.3617811885392 |  5.5427171709765 | 
NP_CT10n50       0.0000000001003 |  0.1763719919700 |  0.0370694438338 |  0.0049889651502 |  0.0356057248716 |  0.1084542237522 |  0.2830213626570 |  2.9994979338123 | 
NP_CT10n51       0.0000000000109 |  0.1946202602355 |  0.0340598894362 |  0.0115958493060 |  0.0385297146397 |  0.1010473171731 |  0.2123255440525 |  2.8312178020433 | 
NP_CT10n52       0.0000000000167 |  0.9063868002674 |  0.1926975473472 |  0.0272114583468 |  0.1885607291990 |  0.5221159862568 |  1.3001813597364 |  14.913977844140 | 
NP_CT10n6        0.0000000000118 |  0.2247815521595 |  0.0649767502482 |  0.0020978884994 |  0.0511475437061 |  0.1800080674161 |  0.3145007134838 |  4.8200399822821 | 
NP_CT10n7        0.0000000000168 |  0.5954936591690 |  0.1472737787622 |  0.0171074414104 |  0.1273123865253 |  0.4650269362301 |  1.2522503832466 |  15.135310640184 | 
NP_CT10n8        0.0000000000149 |  0.4914294997307 |  0.1221590493282 |  0.0168629681223 |  0.1039919432695 |  0.3875986356372 |  1.0586787499855 |  12.766608367721 | 
NP_CT10n9        0.0000000000003 |  0.0104856219279 |  0.0082475908444 |  0.0048422780493 |  0.0008222505685 |  0.0158544230714 |  0.0897380942662 |  0.7469033769550 | 
NP_ctautag       0.0000000000202 |  0.2689699001743 |  0.0943789795749 |  0.0411057831148 |  0.0189923843789 |  0.2657910980074 |  1.2442638061577 |  19.351781660642 | 
NP_Electronr     0.0000000000024 |  0.3300159463723 |  0.1008421055480 |  0.0147340570848 |  0.0217914756497 |  0.0271985686182 |  0.1480089557559 |  6.5592603836947 | 
NP_Electrons     0.0000000000088 |  0.4694942069604 |  0.0473959977719 |  0.0197740808214 |  0.0070980123222 |  0.3910126126829 |  1.4827793773187 |  0.6638457714538 | 
NP_JetBJesUnc    0.0000000000799 |  0.5938295515819 |  0.2716859339909 |  0.2169513380641 |  0.0103433924442 |  0.7836337947554 |  5.0502274407025 |  83.728666615717 | 
NP_JetEtaInterc  0.0000000000418 |  0.8456732151026 |  0.3909607382348 |  0.0957595773041 |  0.2466007922521 |  1.4384208600537 |  0.3383233212332 |  42.850646327336 | 
NP_JetEtaInterc  0.0000000000173 |  0.1800418834568 |  0.1139117658779 |  0.1420370586780 |  0.1540353797116 |  0.1989344551201 |  0.7553075230928 |  11.355406487997 | 
NP_Jetflavorcom  0.0000000000005 |  1.4412462725214 |  0.4675581087877 |  0.0049071397901 |  0.5284836591696 |  0.6899016661495 |  3.4595604612845 |  1.6747098364180 | 
NP_Jetflavorres  0.0000000000215 |  0.7223827411900 |  0.0594695719001 |  0.0499921517793 |  0.2236647069309 |  0.5266971864789 |  1.9484219784202 |  19.733470141700 | 
NP_Jetjeff       0.0000000000016 |  0.0446977613468 |  0.0124904334182 |  0.0066534638019 |  0.0113200956242 |  0.0770997247366 |  0.1733126394113 |  0.4468302518306 | 
NP_JetJERdiff    0.0000000003815 |  0.0000000000001 |  0.0000000000004 |  0.0000000000001 |  0.0000000000002 |  0.0000000000013 |  0.0000000000015 |  0.0000000001532 | 
NP_JetJERnoisef  0.0000000000025 |  0.0766471046120 |  0.0066912853326 |  0.0224917122509 |  0.0364763988113 |  0.6800973897011 |  0.3218601481613 |  10.732252398317 | 
NP_JetJERnp0     0.0000000000272 |  0.2035771400927 |  0.0824370989712 |  0.0379892020645 |  0.2102364424748 |  1.3403484955537 |  3.0558735924923 |  19.696461578145 | 
NP_JetJERnp1     0.0000000000096 |  0.0006905632349 |  0.2310222989993 |  0.2080883196339 |  0.0421279748139 |  0.3508186862634 |  5.2107434142041 |  42.578484529033 | 
NP_JetJERnp2     0.0000000000043 |  0.2138228103740 |  0.0732466256487 |  0.3651402118022 |  0.2127480651334 |  0.5179353147706 |  1.2984994614471 |  16.673782676541 | 
NP_JetJERnp3     0.0000000000326 |  0.6093685864882 |  0.1283039140851 |  0.1882994512139 |  0.1046881371196 |  0.3002181822541 |  0.6177254492920 |  32.793740012782 | 
NP_JetJERnp4     0.0000000002366 |  0.1478623775631 |  0.0885821619241 |  0.3054229090919 |  0.0644329018047 |  0.2762114699649 |  5.7470840535732 |  16.644085967138 | 
NP_JetJERnp5     0.0000000000587 |  0.2127670092405 |  0.2745688314452 |  0.0907322308383 |  0.2374882849070 |  1.4966601287511 |  2.0624671378557 |  61.407481461625 | 
NP_JetJERnp6     0.0000000000162 |  0.4705553982695 |  0.0935487396201 |  0.0438375311558 |  0.0181528228755 |  0.7374240963516 |  3.7292433934715 |  11.907326006477 | 
NP_JetJERnp7     0.0000000000543 |  0.5599913488044 |  0.1228483492200 |  0.1138253978364 |  0.0134730559340 |  1.5078428599053 |  1.6088416433085 |  55.557208607536 | 
NP_JetJERnp8     0.0000000001216 |  0.4453793405127 |  0.2197456308645 |  0.0029385001417 |  0.1165214097081 |  0.3640913593556 |  1.8844300154753 |  5.6855979474708 | 
NP_JetJESDet1    0.0000000000618 |  1.3933135653897 |  0.4898022750644 |  0.0606449320938 |  0.3270672105243 |  1.0858786514941 |  1.8214938087101 |  63.887737807733 | 
NP_JetJESDet2    0.0000000000087 |  0.3030238792205 |  0.0661309287254 |  0.0497207770281 |  0.0181907966629 |  0.2064048451131 |  1.1723098281793 |  0.4767201432668 | 
NP_JetJESDet3    0.0000000000106 |  0.1392090315772 |  0.0233200893975 |  0.0328044627747 |  0.0691051523907 |  0.0839582099361 |  0.2202112153666 |  1.5667950599700 | 
NP_JetJESMix1    0.0000000000059 |  0.6027992556817 |  0.3282377027550 |  0.1660765072017 |  0.2519819712824 |  0.5944220036133 |  1.4705206801234 |  53.076554152516 | 
NP_JetJESMix2    0.0000000000114 |  0.3327357424486 |  0.0989139893110 |  0.1388862751319 |  0.0209067588772 |  0.0919914045944 |  0.9615215526097 |  7.4256217958718 | 
NP_JetJESMix3    0.0000000000202 |  0.2458066435629 |  0.1444082869524 |  0.1179774270256 |  0.1741047233937 |  0.4116176190648 |  0.9810237123835 |  18.938717711105 | 
NP_JetJESMix4    0.0000000000010 |  0.1538724968814 |  0.0010933214957 |  0.0168034716911 |  0.0448160448295 |  0.0431295525953 |  0.0200479474282 |  1.6064252801781 | 
NP_JetJESModel1  0.0000000000798 |  1.1289933272186 |  0.0852437822784 |  0.2535973291039 |  0.4426749804079 |  0.0195297836761 |  3.0736836155708 |  68.531449575132 | 
NP_JetJESModel2  0.0000000000088 |  0.2628660206419 |  0.0636975080004 |  0.0368687322326 |  0.0446679795819 |  0.2950438287432 |  0.6814417577715 |  1.7358087013880 | 
NP_JetJESModel3  0.0000000000377 |  0.0259324626888 |  0.1237754400113 |  0.1464290063467 |  0.0844168483039 |  0.2461483187260 |  1.0592533001612 |  31.054620533651 | 
NP_JetJESModel4  0.0000000000000 |  0.2391755529629 |  0.0409434526337 |  0.0371058950490 |  0.0819068962993 |  0.2750171478520 |  0.1836412398029 |  5.4045511412751 | 
NP_JetJESStat1   0.0000000000163 |  0.9126182244826 |  0.1676532609379 |  0.1877010843668 |  0.0204583073155 |  0.0965470714431 |  4.3669451641839 |  13.920090809628 | 
NP_JetJESStat2   0.0000000000138 |  0.0892438089502 |  0.0366448525494 |  0.0230357185400 |  0.0536636400998 |  0.0520353776199 |  0.1574226226357 |  7.7988758204304 | 
NP_JetJESStat3   0.0000000000070 |  0.0743490057013 |  0.1040497111838 |  0.1610530846251 |  0.0599391267528 |  0.2393044850024 |  0.6574875430754 |  36.639004478903 | 
NP_JetJESStat4   0.0000000000199 |  0.3564232730618 |  0.0585190046424 |  0.0533000240727 |  0.0747186039147 |  0.4981062669942 |  0.1025573552482 |  14.402025484601 | 
NP_Jetjvf        0.0000000000227 |  0.5350943648608 |  0.1852166259492 |  0.0776179198291 |  0.1351917380727 |  0.5204272400788 |  2.4703999871305 |  21.995150103396 | 
NP_Jetmistag     0.0000000000174 |  0.3333574449223 |  0.0626346756082 |  0.0019074737621 |  0.0353391811254 |  0.0318408759878 |  0.5586622532750 |  12.092588162917 | 
NP_JetPileupOff  0.0000000000099 |  0.3135632190231 |  0.1001834035061 |  0.0363905509384 |  0.0364318867055 |  1.0302065335153 |  1.6502582955263 |  3.6036366649132 | 
NP_JetPileupOff  0.0000000000095 |  0.2587415221099 |  0.0217560167442 |  0.0691980511347 |  0.2833726469825 |  1.6431095656997 |  1.6972366038459 |  1.0375283654200 | 
NP_JetPileupPt   0.0000000000176 |  0.3534907746359 |  0.0428124955587 |  0.0293307437056 |  0.0536385656806 |  0.1950102140614 |  0.7665597935929 |  11.847342385968 | 
NP_JetPileupRho  0.0000000000000 |  0.3880001114384 |  0.0068955897162 |  0.0869813452937 |  0.2271771006152 |  0.1261023386508 |  0.0253601549015 |  40.969515712051 | 
NP_JetPunchThro  0.0000000000003 |  0.0017218098108 |  0.0319110286835 |  0.0001582054008 |  0.0276244347648 |  0.0179302435096 |  0.0794102386300 |  1.3266579695464 | 
NP_JetSinglePar  0.0000000003815 |  0.0000000000002 |  0.0000000000000 |  0.0000000000000 |  0.0000000000000 |  0.0000000000001 |  0.0000000000003 |  0.0000000000183 | 
NP_METres        0.0000000000113 |  0.0686353268294 |  0.0349675919560 |  0.1454689179528 |  0.1132985644459 |  0.7613053252782 |  3.1756200849084 |  26.870403549303 | 
NP_METsc         0.0000000000130 |  0.2625978728240 |  0.0466436267168 |  0.0148504709242 |  0.0411672394617 |  0.7603173446150 |  1.6570308152048 |  5.3920816980506 | 
NP_Muonidres     0.0000000003815 |  0.0000000000002 |  0.0000000000000 |  0.0000000000000 |  0.0000000000000 |  0.0000000000001 |  0.0000000000005 |  0.0000000000170 | 
NP_Muonmsres     0.0000000003815 |  0.0000000000002 |  0.0000000000000 |  0.0000000000000 |  0.0000000000000 |  0.0000000000001 |  0.0000000000005 |  0.0000000000170 | 
NP_Muonsc        0.0000000003815 |  0.0000000000002 |  0.0000000000000 |  0.0000000000000 |  0.0000000000000 |  0.0000000000001 |  0.0000000000005 |  0.0000000000170 | 
NP_QCDMMFAKEALT  0.0000000000016 |  0.2574846505581 |  0.0032669873502 |  0.0087103663771 |  0.0336176641623 |  0.1751892506351 |  0.4519091945251 |  0.4847860519845 | 
NP_QCDMMFAKEMCU  0.0000000000168 |  1.4290504532590 |  0.0555513005461 |  0.2272241968848 |  0.1031700474956 |  2.4318426695656 |  0.1195380970825 |  14.348875940758 | 
NP_QCDMMPARALTE  0.0000000000012 |  0.1628392261723 |  0.0332800550312 |  0.1038446305832 |  0.0793635636343 |  0.0172558913863 |  0.2238036714859 |  1.8143724541386 | 
NP_QCDMMREALALT  0.0000000000101 |  0.2875289179114 |  0.1122068398237 |  0.0217111774249 |  0.0495382238587 |  0.0740150273702 |  1.0656282357089 |  5.7324958177144 | 
NP_SINGLETOPNOR  0.0000000000086 |  0.1973754769779 |  0.0029603627023 |  0.0022619428154 |  0.0137051000777 |  0.1779173545120 |  0.2441532912522 |  1.1687028102774 | 
NP_TtbarColorRe  0.0000000000501 |  1.1337443382012 |  1.9736496353407 |  1.2863611969809 |  0.5155401457400 |  5.9286862160549 |  4.8025756016621 |  49.693845634698 | 
NP_TtbarShowerH  0.0000000005751 |  0.0942010474808 |  0.9259318945631 |  0.1566866671846 |  0.4003129790736 |  2.1949740359505 |  0.8240562573443 |  52.383729522670 | 
NP_WJETSNORMUP   0.0000000000201 |  2.7034309177255 |  0.0228253065811 |  0.3291078603948 |  0.2061293893525 |  0.2543758481702 |  3.3266923664900 |  17.001594219270 | 
NP_ZJETSNORMUP   0.0000000000090 |  0.0154040870600 |  0.0081716608624 |  0.0174155703907 |  0.0589208354836 |  0.0675282045309 |  0.1853532019257 |  3.1298070483188 | 


merged impacts 
